/*
 * Copyright (C) 2021 DV Bern AG, Switzerland
 *
 * This program is free software: you can redistribute it and/or modify
 * it under the terms of the GNU Affero General Public License as
 * published by the Free Software Foundation, either version 3 of the
 * License, or (at your option) any later version.
 *
 * This program is distributed in the hope that it will be useful,
 * but WITHOUT ANY WARRANTY; without even the implied warranty of
 * MERCHANTABILITY or FITNESS FOR A PARTICULAR PURPOSE. See the
 * GNU Affero General Public License for more details.
 *
 * You should have received a copy of the GNU Affero General Public License
 * along with this program. If not, see <https://www.gnu.org/licenses/>.
 */

# Variables definition
SET @mandant_id_solothurn = UNHEX(REPLACE('7781a6bb-5374-11ec-98e8-f4390979fa3e', '-', ''));
SET @gesuchperiode_22_23_id = UNHEX(REPLACE('6dc45fb0-5378-11ec-98e8-f4390979fa3e', '-', ''));
SET @gesuchperiode_23_24_id = UNHEX('9E0A0307A9924D77A559B0455027F8D0');
SET @testgemeinde_solothurn_id = UNHEX(REPLACE('47c4b3a8-5379-11ec-98e8-f4390979fa3e', '-', ''));
SET @testgemeinde_grenchen_id = UNHEX(REPLACE('47c4b3a8-5371-11ec-98e8-f4390979fa3e', '-', ''));
SET @traegerschaft_solothurn_id = UNHEX(REPLACE('5c537fd1-537b-11ec-98e8-f4390979fa3e', '-', ''));
SET @bruennen_id = UNHEX(REPLACE('78051383-537e-11ec-98e8-f4390979fa3e', '-', ''));
SET @weissenstein_id = UNHEX(REPLACE('7ce411e7-537e-11ec-98e8-f4390979fa3e', '-', ''));
SET @tfo_id = UNHEX(REPLACE('8284b8e2-537e-11ec-98e8-f4390979fa3e', '-', ''));
SET @system_user = UNHEX(REPLACE('44444444-4444-4444-4444-444444444444', '-', ''));


# APPLICATION PROPERTIES
UPDATE application_property SET value = 'false' WHERE name = 'INSTITUTIONEN_DURCH_GEMEINDEN_EINLADEN' AND mandant_id = @mandant_id_solothurn;
UPDATE application_property SET value = 'true' WHERE name = 'DUMMY_LOGIN_ENABLED' AND mandant_id = @mandant_id_solothurn;
UPDATE application_property SET value = 'yellow' WHERE name = 'BACKGROUND_COLOR' AND mandant_id = @mandant_id_solothurn;
UPDATE application_property SET value = 'false' WHERE name = 'FRENCH_ENABLED' and mandant_id = @mandant_id_solothurn;
UPDATE application_property SET value = 'false' WHERE name = 'GERES_ENABLED_FOR_MANDANT' and mandant_id = @mandant_id_solothurn;
UPDATE application_property SET value = '2022-03-29' WHERE name = 'SCHNITTSTELLE_STEUERSYSTEME_AKTIV_AB' and mandant_id = @mandant_id_solothurn;
UPDATE application_property SET value = 'false' WHERE name = 'ZUSATZINFORMATIONEN_INSTITUTION' AND mandant_id = @mandant_id_solothurn;
UPDATE application_property SET value = 'VERAENDERUNG_BEI_MUTATION' WHERE name = 'ACTIVATED_DEMO_FEATURES' AND mandant_id = @mandant_id_solothurn;
UPDATE application_property SET value = 'true' WHERE name = 'ERLAUBEN_INSTITUTIONEN_ZU_WAEHLEN' AND mandant_id = @mandant_id_solothurn;
UPDATE application_property SET value = 'false' WHERE name = 'ANGEBOT_TS_ENABLED' AND mandant_id = @mandant_id_solothurn;
UPDATE application_property SET value = 'false' WHERE name = 'ANGEBOT_FI_ENABLED' AND mandant_id = @mandant_id_solothurn;
UPDATE application_property SET value = 'true' WHERE name = 'ANGEBOT_TFO_ENABLED' AND mandant_id = @mandant_id_solothurn;
UPDATE application_property SET value = 'false' WHERE name = 'INFOMA_ZAHLUNGEN' AND mandant_id = @mandant_id_solothurn;
UPDATE application_property SET value = 'true' WHERE name = 'SCHNITTSTELLE_EVENTS_AKTIVIERT' AND mandant_id = @mandant_id_solothurn;
UPDATE application_property SET value = 'false' WHERE name = 'CHECKBOX_AUSZAHLEN_IN_ZUKUNFT' AND mandant_id = @mandant_id_solothurn;
UPDATE application_property SET value = 'true' WHERE name = 'STADT_BERN_ASIV_CONFIGURED' AND mandant_id = @mandant_id_solothurn;
UPDATE application_property SET value = 'logo-kibon-white-solothurn.svg' WHERE name = 'LOGO_WHITE_FILE_NAME' AND mandant_id = @mandant_id_solothurn;
UPDATE application_property SET value = 'false' WHERE name = 'EVALUATOR_DEBUG_ENABLED' AND mandant_id = @mandant_id_solothurn;
UPDATE application_property SET value = 'yellow' WHERE name = 'BACKGROUND_COLOR' AND mandant_id = @mandant_id_solothurn;
UPDATE application_property SET value = '60' WHERE name = 'ANZAHL_TAGE_BIS_LOESCHUNG_NACH_WARNUNG_FREIGABE' AND mandant_id = @mandant_id_solothurn;
UPDATE application_property SET value = '90' WHERE name = 'ANZAHL_TAGE_BIS_LOESCHUNG_NACH_WARNUNG_QUITTUNG' AND mandant_id = @mandant_id_solothurn;
UPDATE application_property SET value = 'logo-kibon-solothurn.svg' WHERE name = 'LOGO_FILE_NAME' AND mandant_id = @mandant_id_solothurn;
UPDATE application_property SET value = '01.01.2021' WHERE name = 'STADT_BERN_ASIV_START_DATUM' AND mandant_id = @mandant_id_solothurn;
UPDATE application_property SET value = '90' WHERE name = 'ANZAHL_TAGE_BIS_WARNUNG_FREIGABE' AND mandant_id = @mandant_id_solothurn;
UPDATE application_property SET value = '15' WHERE name = 'ANZAHL_TAGE_BIS_WARNUNG_QUITTUNG' AND mandant_id = @mandant_id_solothurn;
UPDATE application_property SET value = '#D50025' WHERE name = 'PRIMARY_COLOR' AND mandant_id = @mandant_id_solothurn;
UPDATE application_property SET value = '#BF0425' WHERE name = 'PRIMARY_COLOR_DARK' AND mandant_id = @mandant_id_solothurn;
UPDATE application_property SET value = 'application/pdf, application/vnd.openxmlformats-officedocument.wordprocessingml.document, image/jpeg, image/png, application/msword, application/vnd.openxmlformats-officedocument.spreadsheetml.sheet, application/vnd.ms-excel, application/vnd.oasis.opendocument.text, image/tiff, text/plain, application/vnd.oasis.opendocument.spreadsheet, text/csv,  application/rtf' WHERE name = 'UPLOAD_FILETYPES_WHITELIST' AND mandant_id = @mandant_id_solothurn;
UPDATE application_property SET value = '#F0C3CB' WHERE name = 'PRIMARY_COLOR_LIGHT' AND mandant_id = @mandant_id_solothurn;
UPDATE application_property SET value = 'false' WHERE name = 'KANTON_NOTVERORDNUNG_PHASE_2_AKTIV' AND mandant_id = @mandant_id_solothurn;
UPDATE application_property SET value = '2020-07-31' WHERE name = 'NOTVERORDNUNG_DEFAULT_EINREICHEFRIST_OEFFENTLICH' AND mandant_id = @mandant_id_solothurn;
UPDATE application_property SET value = '2020-07-17' WHERE name = 'NOTVERORDNUNG_DEFAULT_EINREICHEFRIST_PRIVAT' AND mandant_id = @mandant_id_solothurn;
UPDATE application_property SET value = 'false' WHERE name = 'FERIENBETREUUNG_AKTIV' AND mandant_id = @mandant_id_solothurn;
UPDATE application_property SET value = 'false' WHERE name = 'LASTENAUSGLEICH_TAGESSCHULEN_AKTIV' AND mandant_id = @mandant_id_solothurn;
UPDATE application_property SET value = '0.2' WHERE name = 'LASTENAUSGLEICH_TAGESSCHULEN_ANTEIL_ZWEITPRUEFUNG_DE' AND mandant_id = @mandant_id_solothurn;
UPDATE application_property SET value = '1' WHERE name = 'LASTENAUSGLEICH_TAGESSCHULEN_ANTEIL_ZWEITPRUEFUNG_FR'AND mandant_id = @mandant_id_solothurn;
UPDATE application_property SET value = '100000' WHERE name = 'LASTENAUSGLEICH_TAGESSCHULEN_AUTO_ZWEITPRUEFUNG_DE' AND mandant_id = @mandant_id_solothurn;
UPDATE application_property SET value = '50000' WHERE name = 'LASTENAUSGLEICH_TAGESSCHULEN_AUTO_ZWEITPRUEFUNG_FR' AND mandant_id = @mandant_id_solothurn;
UPDATE application_property SET value = 'false' WHERE name = 'GEMEINDE_KENNZAHLEN_AKTIV' AND mandant_id = @mandant_id_solothurn;
UPDATE application_property SET value = 'false' WHERE name = 'LASTENAUSGLEICH_AKTIV' AND mandant_id = @mandant_id_solothurn;

# Gesuchsperiode
# noinspection SqlWithoutWhere
UPDATE gesuchsperiode SET status = 'AKTIV' WHERE id = @gesuchperiode_20_id;
INSERT IGNORE INTO gesuchsperiode (id, timestamp_erstellt, timestamp_mutiert, user_erstellt, user_mutiert, version, vorgaenger_id, gueltig_ab, gueltig_bis, datum_aktiviert, status, verfuegung_erlaeuterungen_de, verfuegung_erlaeuterungen_fr, vorlage_merkblatt_ts_de, vorlage_merkblatt_ts_fr, vorlage_verfuegung_lats_de, vorlage_verfuegung_lats_fr, mandant_id, vorlage_verfuegung_ferienbetreuung_de, vorlage_verfuegung_ferienbetreuung_fr) VALUES (UNHEX('9E0A0307A9924D77A559B0455027F8D0'), '2023-12-08 11:11:27', '2023-12-08 11:12:51', 'ebegu:Kanton Solothurn', 'ebegu:Kanton Solothurn', 3, null, '2023-08-01', '2024-07-31', '2023-12-08', 'AKTIV', null, null, null, null, null, null, @mandant_id_solothurn, null, null);

# Benutzer System erstellen
INSERT IGNORE INTO benutzer (id, timestamp_erstellt, timestamp_mutiert, user_erstellt, user_mutiert, version, vorgaenger_id, email, nachname, username, vorname, mandant_id, externaluuid, status) VALUES (@system_user, '2016-01-01 00:00:00', '2016-01-01 00:00:00', 'flyway', 'flyway', 0, null, 'hallo@dvbern.ch', 'System', 'system_so', '', @mandant_id_solothurn, null, 'AKTIV');
INSERT IGNORE INTO berechtigung (id, timestamp_erstellt, timestamp_mutiert, user_erstellt, user_mutiert, version, vorgaenger_id, gueltig_ab, gueltig_bis, role, benutzer_id, institution_id, traegerschaft_id) VALUES (UNHEX(REPLACE('2a7b78ed-4af0-11e9-9b2c-afd41a03c0bb', '-', '')), '2016-01-01 00:00:00', '2016-01-01 00:00:00', 'flyway', 'flyway', 0, null, '2017-01-01', '9999-12-31', 'SUPER_ADMIN', @system_user, null, null);

# Antragstellende Benutzer fuer e2e erstellen
# geem
INSERT IGNORE INTO benutzer (id, timestamp_erstellt, timestamp_mutiert, user_erstellt, user_mutiert, version, vorgaenger_id, email, externaluuid, nachname, status, username, vorname, mandant_id, bemerkungen, zpv_nummer) VALUES (UNHEX('6DBDEFEB5E474A998E92DDEF02F45480'), '2024-01-09 15:08:10', '2024-01-09 15:08:10', 'anonymous', 'anonymous', 0, null, 'emma.gerber.so@mailbucket.dvbern.ch', null, 'Gerber', 'AKTIV', 'geem', 'Emma', @mandant_id_solothurn, null, null);
INSERT IGNORE INTO berechtigung (id, timestamp_erstellt, timestamp_mutiert, user_erstellt, user_mutiert, version, vorgaenger_id, gueltig_ab, gueltig_bis, role, benutzer_id, institution_id, traegerschaft_id, sozialdienst_id) VALUES (UNHEX('AA3062C060AA4B26AFDD370C80167A7D'), '2024-01-09 15:08:10', '2024-01-09 15:08:10', 'anonymous', 'anonymous', 0, null, '2024-01-09', '9999-12-31', 'GESUCHSTELLER', UNHEX('6DBDEFEB5E474A998E92DDEF02F45480'), null, null, null);
INSERT IGNORE INTO berechtigung_history (id, timestamp_erstellt, timestamp_mutiert, user_erstellt, user_mutiert, version, vorgaenger_id, gueltig_ab, gueltig_bis, geloescht, gemeinden, role, status, username, institution_id, traegerschaft_id, sozialdienst_id) VALUES (UNHEX('E7F462DE8A2F4C47A0D00A67B171ABE8'), '2024-01-09 15:08:10', '2024-01-09 15:08:10', 'anonymous', 'anonymous', 0, null, '2024-01-09', '9999-12-31', false, '', 'GESUCHSTELLER', 'AKTIV', 'geem', null, null, null);
# bemi
INSERT IGNORE INTO benutzer (id, timestamp_erstellt, timestamp_mutiert, user_erstellt, user_mutiert, version, vorgaenger_id, email, externaluuid, nachname, status, username, vorname, mandant_id, bemerkungen, zpv_nummer) VALUES (UNHEX('EF619D36435A4D4AAB3DBDCDE72A099C'), '2024-01-09 15:09:03', '2024-01-09 15:09:03', 'anonymous', 'anonymous', 0, null, 'michael.berger.so@mailbucket.dvbern.ch', null, 'Berger', 'AKTIV', 'bemi', 'Michael', @mandant_id_solothurn, null, null);
INSERT IGNORE INTO berechtigung (id, timestamp_erstellt, timestamp_mutiert, user_erstellt, user_mutiert, version, vorgaenger_id, gueltig_ab, gueltig_bis, role, benutzer_id, institution_id, traegerschaft_id, sozialdienst_id) VALUES (UNHEX('DBB3B9C45925455A8F7C14CA454FFD48'), '2024-01-09 15:09:03', '2024-01-09 15:09:03', 'anonymous', 'anonymous', 0, null, '2024-01-09', '9999-12-31', 'GESUCHSTELLER', UNHEX('EF619D36435A4D4AAB3DBDCDE72A099C'), null, null, null);
INSERT IGNORE INTO berechtigung_history (id, timestamp_erstellt, timestamp_mutiert, user_erstellt, user_mutiert, version, vorgaenger_id, gueltig_ab, gueltig_bis, geloescht, gemeinden, role, status, username, institution_id, traegerschaft_id, sozialdienst_id) VALUES (UNHEX('C80918D8DEDF42C98DF87FD457D636B3'), '2024-01-09 15:09:03', '2024-01-09 15:09:03', 'anonymous', 'anonymous', 0, null, '2024-01-09', '9999-12-31', false, '', 'GESUCHSTELLER', 'AKTIV', 'bemi', null, null, null);
# muhe
INSERT IGNORE INTO benutzer (id, timestamp_erstellt, timestamp_mutiert, user_erstellt, user_mutiert, version, vorgaenger_id, email, externaluuid, nachname, status, username, vorname, mandant_id, bemerkungen, zpv_nummer) VALUES (UNHEX('76DD546DAFA111EEA5AF00155D1D453D'), '2024-01-09 15:09:03', '2024-01-09 15:09:03', 'anonymous', 'anonymous', 0, null, 'heinrich.mueller.so@mailbucket.dvbern.ch', null, 'Mueller', 'AKTIV', 'muhe', 'Heinrich', @mandant_id_solothurn, null, null);
INSERT IGNORE INTO berechtigung (id, timestamp_erstellt, timestamp_mutiert, user_erstellt, user_mutiert, version, vorgaenger_id, gueltig_ab, gueltig_bis, role, benutzer_id, institution_id, traegerschaft_id, sozialdienst_id) VALUES (UNHEX('44B98044AFCF11EEAC8F0242AC1A0002'), '2024-01-09 15:09:03', '2024-01-09 15:09:03', 'anonymous', 'anonymous', 0, null, '2024-01-09', '9999-12-31', 'GESUCHSTELLER', UNHEX('76DD546DAFA111EEA5AF00155D1D453D'), null, null, null);
INSERT IGNORE INTO berechtigung_history (id, timestamp_erstellt, timestamp_mutiert, user_erstellt, user_mutiert, version, vorgaenger_id, gueltig_ab, gueltig_bis, geloescht, gemeinden, role, status, username, institution_id, traegerschaft_id, sozialdienst_id) VALUES (UNHEX('C38DFF96AFA111EEA5AF00155D1D453D'), '2024-01-09 15:09:03', '2024-01-09 15:09:03', 'anonymous', 'anonymous', 0, null, '2024-01-09', '9999-12-31', false, '', 'GESUCHSTELLER', 'AKTIV', 'muhe', null, null, null);
# ziha
INSERT IGNORE INTO benutzer (id, timestamp_erstellt, timestamp_mutiert, user_erstellt, user_mutiert, version, vorgaenger_id, email, externaluuid, nachname, status, username, vorname, mandant_id, bemerkungen, zpv_nummer) VALUES (UNHEX('FEB688EEAFA111EEA5AF00155D1D453D'), '2024-01-09 15:09:03', '2024-01-09 15:09:03', 'anonymous', 'anonymous', 0, null, 'hans.zimmermann.so@mailbucket.dvbern.ch', null, 'Zimmermann', 'AKTIV', 'ziha', 'Hans', @mandant_id_solothurn, null, null);
INSERT IGNORE INTO berechtigung (id, timestamp_erstellt, timestamp_mutiert, user_erstellt, user_mutiert, version, vorgaenger_id, gueltig_ab, gueltig_bis, role, benutzer_id, institution_id, traegerschaft_id, sozialdienst_id) VALUES (UNHEX('055C0C44AFA111EEA5AF00155D1D453D'), '2024-01-09 15:09:03', '2024-01-09 15:09:03', 'anonymous', 'anonymous', 0, null, '2024-01-09', '9999-12-31', 'GESUCHSTELLER', UNHEX('FEB688EEAFA111EEA5AF00155D1D453D'), null, null, null);
INSERT IGNORE INTO berechtigung_history (id, timestamp_erstellt, timestamp_mutiert, user_erstellt, user_mutiert, version, vorgaenger_id, gueltig_ab, gueltig_bis, geloescht, gemeinden, role, status, username, institution_id, traegerschaft_id, sozialdienst_id) VALUES (UNHEX('055C0C44AFA111EEA5AF00155D1D453B'), '2024-01-09 15:09:03', '2024-01-09 15:09:03', 'anonymous', 'anonymous', 0, null, '2024-01-09', '9999-12-31', false, '', 'GESUCHSTELLER', 'AKTIV', 'ziha', null, null, null);
# chje
INSERT IGNORE INTO benutzer (id, timestamp_erstellt, timestamp_mutiert, user_erstellt, user_mutiert, version, vorgaenger_id, email, externaluuid, nachname, status, username, vorname, mandant_id, bemerkungen, zpv_nummer) VALUES (UNHEX('66949E5EAFA211EEA5AF00155D1D453D'), '2024-01-09 15:09:03', '2024-01-09 15:09:03', 'anonymous', 'anonymous', 0, null, 'jean.chambre.so@mailbucket.dvbern.ch', null, 'Chambre', 'AKTIV', 'chje', 'Jean', @mandant_id_solothurn, null, null);
INSERT IGNORE INTO berechtigung (id, timestamp_erstellt, timestamp_mutiert, user_erstellt, user_mutiert, version, vorgaenger_id, gueltig_ab, gueltig_bis, role, benutzer_id, institution_id, traegerschaft_id, sozialdienst_id) VALUES (UNHEX('6BE07774AFA211EEA5AF00155D1D453D'), '2024-01-09 15:09:03', '2024-01-09 15:09:03', 'anonymous', 'anonymous', 0, null, '2024-01-09', '9999-12-31', 'GESUCHSTELLER', UNHEX('66949E5EAFA211EEA5AF00155D1D453D'), null, null, null);
INSERT IGNORE INTO berechtigung_history (id, timestamp_erstellt, timestamp_mutiert, user_erstellt, user_mutiert, version, vorgaenger_id, gueltig_ab, gueltig_bis, geloescht, gemeinden, role, status, username, institution_id, traegerschaft_id, sozialdienst_id) VALUES (UNHEX('6EE78AF5AFA211EEA5AF00155D1D453D'), '2024-01-09 15:09:03', '2024-01-09 15:09:03', 'anonymous', 'anonymous', 0, null, '2024-01-09', '9999-12-31', false, '', 'GESUCHSTELLER', 'AKTIV', 'chje', null, null, null);

# Test Gemeinden Solothurn und Grenchen erstellen, inkl. Adressen und Gemeindestammdaten. Sequenz anpassen
INSERT IGNORE INTO gemeinde (
	id, timestamp_erstellt, timestamp_mutiert, user_erstellt, user_mutiert, version, name, gemeinde_nummer, mandant_id, status, bfs_nummer,
	betreuungsgutscheine_startdatum, tagesschulanmeldungen_startdatum, ferieninselanmeldungen_startdatum, angebotbg,
                      angebotts, angebotfi, gueltig_bis)
SELECT @testgemeinde_solothurn_id, '2018-01-01 00:00:00', '2018-01-01 00:00:00', 'flyway', 'flyway', 0,
	   'Testgemeinde Solothurn', max(gemeinde_nummer)+1, @mandant_id_solothurn, 'AKTIV', 99996,
	'2016-01-01', '2020-08-01', '2020-08-01', true, false, false, '9999-12-31' from gemeinde;

INSERT IGNORE INTO adresse (id, timestamp_erstellt, timestamp_mutiert, user_erstellt, user_mutiert, version, vorgaenger_id, gueltig_ab, gueltig_bis, gemeinde,
					 hausnummer, land, organisation, ort, plz, strasse, zusatzzeile) VALUES (UNHEX(REPLACE('7ebfc8dc-537a-11ec-98e8-f4390979fa3e', '-', '')),
																							 '2018-10-23 00:00:00', '2018-10-23 00:00:00', 'flyway',
																							 'flyway', 0, null, '2018-01-01', '9999-01-01', 'Solothurn', '1',
																							 'CH', 'Gemeinde', 'Solothurn', '4500', 'Berfüssergasse', null);
INSERT IGNORE INTO gemeinde_stammdaten_korrespondenz (id, timestamp_erstellt, timestamp_mutiert, user_erstellt, user_mutiert, version, logo_content, logo_name, logo_spacing_left, logo_spacing_top, logo_type, logo_width, receiver_address_spacing_left, receiver_address_spacing_top, sender_address_spacing_left, sender_address_spacing_top)
VALUES(UNHEX(REPLACE('4a7d313f-4af0-11e9-9a3a-afd41a03c0bf', '-', '')), '2018-10-23 00:00:00', '2018-10-23 00:00:00', 'flyway', 'flyway', 0, null, null, 123, 15, null, null, 123, 47, 20, 47);

INSERT IGNORE INTO gemeinde_stammdaten (id, timestamp_erstellt, timestamp_mutiert, user_erstellt, user_mutiert, version,
										default_benutzer_id, default_benutzerts_id, gemeinde_id, adresse_id, mail, telefon, webseite,
										beschwerde_adresse_id, korrespondenzsprache,
										bic, iban, kontoinhaber, standard_rechtsmittelbelehrung,
										benachrichtigung_bg_email_auto, benachrichtigung_ts_email_auto,
										standard_dok_signature, ts_verantwortlicher_nach_verfuegung_benachrichtigen, gemeinde_stammdaten_korrespondenz_id)
VALUES (UNHEX(REPLACE('b5171d87-537a-11ec-98e8-f4390979fa3e', '-', '')), '2018-10-23 00:00:00', '2018-10-23 00:00:00', 'flyway', 'flyway', 0,
        @system_user, @system_user,
        @testgemeinde_solothurn_id, UNHEX(REPLACE('7ebfc8dc-537a-11ec-98e8-f4390979fa3e', '-', '')),
        'solothurn@mailbucket.dvbern.ch', '+41 31 930 15 15', 'https://www.solothurn.ch', null, 'DE', 'BIC', 'CH2089144969768441935',
        'Solothurn Kontoinhaber', true, true, true, true, false, UNHEX(REPLACE('4a7d313f-4af0-11e9-9a3a-afd41a03c0bf', '-', '')));

INSERT IGNORE INTO gemeinde (
	id, timestamp_erstellt, timestamp_mutiert, user_erstellt, user_mutiert, version, name, gemeinde_nummer, mandant_id, status, bfs_nummer,
	betreuungsgutscheine_startdatum, tagesschulanmeldungen_startdatum, ferieninselanmeldungen_startdatum, angebotbg,
	angebotts, angebotfi, gueltig_bis)
SELECT @testgemeinde_grenchen_id, '2018-01-01 00:00:00', '2018-01-01 00:00:00', 'flyway', 'flyway', 0,
	'Testgemeinde Grenchen', max(gemeinde_nummer)+1, @mandant_id_solothurn, 'AKTIV', 99994,
	'2016-01-01', '2020-08-01', '2020-08-01', true, false, false, '9999-12-31' from gemeinde;

INSERT IGNORE INTO adresse (id, timestamp_erstellt, timestamp_mutiert, user_erstellt, user_mutiert, version, vorgaenger_id, gueltig_ab, gueltig_bis, gemeinde,
							hausnummer, land, organisation, ort, plz, strasse, zusatzzeile) VALUES (UNHEX(REPLACE('7ebfc8dc-537a-11ec-98e8-f4390979fb3e', '-', '')),
																									'2018-10-23 00:00:00', '2018-10-23 00:00:00', 'flyway',
																									'flyway', 0, null, '2018-01-01', '9999-01-01', 'Grenchen', '1',
																									'CH', 'Gemeinde', 'Grenchen', '2540', 'Testergasse', null);
INSERT IGNORE INTO gemeinde_stammdaten_korrespondenz (id, timestamp_erstellt, timestamp_mutiert, user_erstellt, user_mutiert, version, logo_content, logo_name, logo_spacing_left, logo_spacing_top, logo_type, logo_width, receiver_address_spacing_left, receiver_address_spacing_top, sender_address_spacing_left, sender_address_spacing_top)
VALUES(UNHEX(REPLACE('4a7d313f-4af0-11e9-9a3a-afd41a03c6bg', '-', '')), '2018-10-23 00:00:00', '2018-10-23 00:00:00', 'flyway', 'flyway', 0, null, null, 123, 15, null, null, 123, 47, 20, 47);

INSERT IGNORE INTO gemeinde_stammdaten (id, timestamp_erstellt, timestamp_mutiert, user_erstellt, user_mutiert, version,
										default_benutzer_id, default_benutzerts_id, gemeinde_id, adresse_id, mail, telefon, webseite,
										beschwerde_adresse_id, korrespondenzsprache,
										bic, iban, kontoinhaber, standard_rechtsmittelbelehrung,
										benachrichtigung_bg_email_auto, benachrichtigung_ts_email_auto,
										standard_dok_signature, ts_verantwortlicher_nach_verfuegung_benachrichtigen, gemeinde_stammdaten_korrespondenz_id)
VALUES (UNHEX(REPLACE('b5171d87-537a-11ec-98e8-f4390979fa6e', '-', '')), '2021-10-23 00:00:00', '2021-10-23 00:00:00', 'flyway', 'flyway', 0,
		@system_user, @system_user,
		@testgemeinde_grenchen_id, UNHEX(REPLACE('7ebfc8dc-537a-11ec-98e8-f4390979fb3e', '-', '')),
		'grenchen@mailbucket.dvbern.ch', '+41 31 930 15 15', 'https://www.grenchen.ch', null, 'DE', 'BIC', 'CH2089144969768441935',
		'Grenchen Kontoinhaber', true, true, true, true, false, UNHEX(REPLACE('4a7d313f-4af0-11e9-9a3a-afd41a03c6bg', '-', '')));

# Gesuchsperiode 22/23 Einstellungen:
UPDATE einstellung set value = 'true' WHERE einstellung_key = 'KESB_PLATZIERUNG_DEAKTIVIEREN' AND gesuchsperiode_id = @gesuchsperiode_22_23_id AND mandant_id = null;
UPDATE einstellung set value = 'KEINE' WHERE einstellung_key = 'KINDERABZUG_TYP' AND gesuchsperiode_id = @gesuchsperiode_22_23_id AND mandant_id = null;
UPDATE einstellung set value = 'false' WHERE einstellung_key = 'BESONDERE_BEDUERFNISSE_LUZERN' AND gesuchsperiode_id = @gesuchsperiode_22_23_id AND mandant_id = null;
UPDATE einstellung set value = '100' WHERE einstellung_key = 'FKJV_MAX_PENSUM_AUSSERORDENTLICHER_ANSPRUCH' AND gesuchsperiode_id = @gesuchsperiode_22_23_id AND mandant_id = null;
UPDATE einstellung set value = 'KEINE' WHERE einstellung_key = 'AUSSERORDENTLICHER_ANSPRUCH_RULE' AND gesuchsperiode_id = @gesuchsperiode_22_23_id AND mandant_id = null;
UPDATE einstellung set value = 'false' WHERE einstellung_key = 'GESCHWISTERNBONUS_AKTIVIERT' AND gesuchsperiode_id = @gesuchsperiode_22_23_id AND mandant_id = null;
UPDATE einstellung set value = '18' WHERE einstellung_key = 'DAUER_BABYTARIF' AND gesuchsperiode_id = @gesuchsperiode_22_23_id AND mandant_id = null;
UPDATE einstellung set value = 'false' WHERE einstellung_key = 'FKJV_TEXTE' AND gesuchsperiode_id = @gesuchsperiode_22_23_id AND mandant_id = null;
UPDATE einstellung set value = 'true' WHERE einstellung_key = 'DIPLOMATENSTATUS_DEAKTIVIERT' AND gesuchsperiode_id = @gesuchsperiode_22_23_id AND mandant_id = null;
UPDATE einstellung set value = 'true' WHERE einstellung_key = 'ZEMIS_DISABLED' AND gesuchsperiode_id = @gesuchsperiode_22_23_id AND mandant_id = null;
UPDATE einstellung set value = 'true' WHERE einstellung_key = 'SPRACHE_AMTSPRACHE_DISABLED' AND gesuchsperiode_id = @gesuchsperiode_22_23_id AND mandant_id = null;
UPDATE einstellung set value = 'false' WHERE einstellung_key = 'FREIGABE_QUITTUNG_EINLESEN_REQUIRED' AND gesuchsperiode_id = @gesuchsperiode_22_23_id AND mandant_id = null;
UPDATE einstellung set value = '12.24' WHERE einstellung_key = 'MAX_TARIF_MIT_PAEDAGOGISCHER_BETREUUNG' AND gesuchsperiode_id = @gesuchsperiode_22_23_id AND mandant_id = null;
UPDATE einstellung set value = '6.11' WHERE einstellung_key = 'MAX_TARIF_OHNE_PAEDAGOGISCHER_BETREUUNG' AND gesuchsperiode_id = @gesuchsperiode_22_23_id AND mandant_id = null;
UPDATE einstellung set value = '0.78' WHERE einstellung_key = 'MIN_TARIF' AND gesuchsperiode_id = @gesuchsperiode_22_23_id AND mandant_id = null;
UPDATE einstellung set value = '0' WHERE einstellung_key = 'PARAM_PENSUM_TAGESELTERN_MIN' AND gesuchsperiode_id = @gesuchsperiode_22_23_id AND mandant_id = null;
UPDATE einstellung set value = '0' WHERE einstellung_key = 'PARAM_PENSUM_TAGESSCHULE_MIN' AND gesuchsperiode_id = @gesuchsperiode_22_23_id AND mandant_id = null;
UPDATE einstellung set value = '0' WHERE einstellung_key = 'PARAM_PENSUM_KITA_MIN' AND gesuchsperiode_id = @gesuchsperiode_22_23_id AND mandant_id = null;
UPDATE einstellung set value = 'KINDERGARTEN2' WHERE einstellung_key = 'GEMEINDE_BG_BIS_UND_MIT_SCHULSTUFE' AND gesuchsperiode_id = @gesuchsperiode_22_23_id AND mandant_id = null;
UPDATE einstellung set value = 'false' WHERE einstellung_key = 'GEMEINDE_KONTINGENTIERUNG_ENABLED' AND gesuchsperiode_id = @gesuchsperiode_22_23_id AND mandant_id = null;
UPDATE einstellung set value = '140' WHERE einstellung_key = 'MAX_VERGUENSTIGUNG_VORSCHULE_BABY_PRO_TG' AND gesuchsperiode_id = @gesuchsperiode_22_23_id AND mandant_id = null;
UPDATE einstellung set value = '95' WHERE einstellung_key = 'MAX_VERGUENSTIGUNG_VORSCHULE_KIND_PRO_TG' AND gesuchsperiode_id = @gesuchsperiode_22_23_id AND mandant_id = null;
UPDATE einstellung set value = '70' WHERE einstellung_key = 'MAX_VERGUENSTIGUNG_KINDERGARTEN_PRO_TG' AND gesuchsperiode_id = @gesuchsperiode_22_23_id AND mandant_id = null;
UPDATE einstellung set value = '14' WHERE einstellung_key = 'MAX_VERGUENSTIGUNG_VORSCHULE_BABY_PRO_STD' AND gesuchsperiode_id = @gesuchsperiode_22_23_id AND mandant_id = null;
UPDATE einstellung set value = '9.5' WHERE einstellung_key = 'MAX_VERGUENSTIGUNG_VORSCHULE_KIND_PRO_STD' AND gesuchsperiode_id = @gesuchsperiode_22_23_id AND mandant_id = null;
UPDATE einstellung set value = '7' WHERE einstellung_key = 'MAX_VERGUENSTIGUNG_KINDERGARTEN_PRO_STD' AND gesuchsperiode_id = @gesuchsperiode_22_23_id AND mandant_id = null;
UPDATE einstellung set value = '160000' WHERE einstellung_key = 'MAX_MASSGEBENDES_EINKOMMEN' AND gesuchsperiode_id = @gesuchsperiode_22_23_id AND mandant_id = null;
UPDATE einstellung set value = '40000' WHERE einstellung_key = 'MIN_MASSGEBENDES_EINKOMMEN' AND gesuchsperiode_id = @gesuchsperiode_22_23_id AND mandant_id = null;
UPDATE einstellung set value = '240' WHERE einstellung_key = 'OEFFNUNGSTAGE_KITA' AND gesuchsperiode_id = @gesuchsperiode_22_23_id AND mandant_id = null;
UPDATE einstellung set value = '240' WHERE einstellung_key = 'OEFFNUNGSTAGE_TFO' AND gesuchsperiode_id = @gesuchsperiode_22_23_id AND mandant_id = null;
UPDATE einstellung set value = '10' WHERE einstellung_key = 'OEFFNUNGSSTUNDEN_TFO' AND gesuchsperiode_id = @gesuchsperiode_22_23_id AND mandant_id = null;
UPDATE einstellung set value = '60' WHERE einstellung_key = 'ZUSCHLAG_BEHINDERUNG_PRO_TG' AND gesuchsperiode_id = @gesuchsperiode_22_23_id AND mandant_id = null;
UPDATE einstellung set value = '6' WHERE einstellung_key = 'ZUSCHLAG_BEHINDERUNG_PRO_STD' AND gesuchsperiode_id = @gesuchsperiode_22_23_id AND mandant_id = null;
UPDATE einstellung set value = '30' WHERE einstellung_key = 'MIN_VERGUENSTIGUNG_PRO_TG' AND gesuchsperiode_id = @gesuchsperiode_22_23_id AND mandant_id = null;
UPDATE einstellung set value = '3' WHERE einstellung_key = 'MIN_VERGUENSTIGUNG_PRO_STD' AND gesuchsperiode_id = @gesuchsperiode_22_23_id AND mandant_id = null;
UPDATE einstellung set value = '20' WHERE einstellung_key = 'MIN_ERWERBSPENSUM_NICHT_EINGESCHULT' AND gesuchsperiode_id = @gesuchsperiode_22_23_id AND mandant_id = null;
UPDATE einstellung set value = '40' WHERE einstellung_key = 'MIN_ERWERBSPENSUM_EINGESCHULT' AND gesuchsperiode_id = @gesuchsperiode_22_23_id AND mandant_id = null;
UPDATE einstellung set value = '20' WHERE einstellung_key = 'FACHSTELLE_MIN_PENSUM_SOZIALE_INTEGRATION' AND gesuchsperiode_id = @gesuchsperiode_22_23_id AND mandant_id = null;
UPDATE einstellung set value = '60' WHERE einstellung_key = 'FACHSTELLE_MAX_PENSUM_SOZIALE_INTEGRATION' AND gesuchsperiode_id = @gesuchsperiode_22_23_id AND mandant_id = null;
UPDATE einstellung set value = '40' WHERE einstellung_key = 'FACHSTELLE_MIN_PENSUM_SPRACHLICHE_INTEGRATION' AND gesuchsperiode_id = @gesuchsperiode_22_23_id AND mandant_id = null;
UPDATE einstellung set value = '40' WHERE einstellung_key = 'FACHSTELLE_MAX_PENSUM_SPRACHLICHE_INTEGRATION' AND gesuchsperiode_id = @gesuchsperiode_22_23_id AND mandant_id = null;
UPDATE einstellung set value = '20' WHERE einstellung_key = 'ERWERBSPENSUM_ZUSCHLAG' AND gesuchsperiode_id = @gesuchsperiode_22_23_id AND mandant_id = null;
UPDATE einstellung set value = '0' WHERE einstellung_key = 'PARAM_PAUSCHALABZUG_PRO_PERSON_FAMILIENGROESSE_3' AND gesuchsperiode_id = @gesuchsperiode_22_23_id AND mandant_id = null;
UPDATE einstellung set value = '0' WHERE einstellung_key = 'PARAM_PAUSCHALABZUG_PRO_PERSON_FAMILIENGROESSE_4' AND gesuchsperiode_id = @gesuchsperiode_22_23_id AND mandant_id = null;
UPDATE einstellung set value = '0' WHERE einstellung_key = 'PARAM_PAUSCHALABZUG_PRO_PERSON_FAMILIENGROESSE_5' AND gesuchsperiode_id = @gesuchsperiode_22_23_id AND mandant_id = null;
UPDATE einstellung set value = '30' WHERE einstellung_key = 'PARAM_MAX_TAGE_ABWESENHEIT' AND gesuchsperiode_id = @gesuchsperiode_22_23_id AND mandant_id = null;
UPDATE einstellung set value = '25' WHERE einstellung_key = 'PARAM_GRENZWERT_EINKOMMENSVERSCHLECHTERUNG' AND gesuchsperiode_id = @gesuchsperiode_22_23_id AND mandant_id = null;
UPDATE einstellung set value = '0' WHERE einstellung_key = 'PARAM_PAUSCHALABZUG_PRO_PERSON_FAMILIENGROESSE_6' AND gesuchsperiode_id = @gesuchsperiode_22_23_id AND mandant_id = null;
UPDATE einstellung set value = '01.08.2022' WHERE einstellung_key = 'GEMEINDE_TAGESSCHULE_ANMELDUNGEN_DATUM_AB' AND gesuchsperiode_id = @gesuchsperiode_22_23_id AND mandant_id = null;
UPDATE einstellung set value = '01.08.2022' WHERE einstellung_key = 'GEMEINDE_TAGESSCHULE_ERSTER_SCHULTAG' AND gesuchsperiode_id = @gesuchsperiode_22_23_id AND mandant_id = null;
UPDATE einstellung set value = '01.08.2022' WHERE einstellung_key = 'GEMEINDE_FERIENINSEL_ANMELDUNGEN_DATUM_AB' AND gesuchsperiode_id = @gesuchsperiode_22_23_id AND mandant_id = null;
UPDATE einstellung set value = '10.55' WHERE einstellung_key = 'LATS_LOHNNORMKOSTEN' AND gesuchsperiode_id = @gesuchsperiode_22_23_id AND mandant_id = null;
UPDATE einstellung set value = '5.28' WHERE einstellung_key = 'LATS_LOHNNORMKOSTEN_LESS_THAN_50' AND gesuchsperiode_id = @gesuchsperiode_22_23_id AND mandant_id = null;
UPDATE einstellung set value = '2021-09-15' WHERE einstellung_key = 'LATS_STICHTAG' AND gesuchsperiode_id = @gesuchsperiode_22_23_id AND mandant_id = null;
UPDATE einstellung set value = 'KEINE' WHERE einstellung_key = 'EINGEWOEHNUNG_TYP' AND gesuchsperiode_id = @gesuchsperiode_22_23_id AND mandant_id = null;
UPDATE einstellung set value = '100' WHERE einstellung_key = 'FKJV_MAX_DIFFERENZ_BESCHAEFTIGUNGSPENSUM' AND gesuchsperiode_id = @gesuchsperiode_22_23_id AND mandant_id = null;
UPDATE einstellung set value = 'VORSCHULALTER' WHERE einstellung_key = 'FKJV_SOZIALE_INTEGRATION_BIS_SCHULSTUFE' AND gesuchsperiode_id = @gesuchsperiode_22_23_id AND mandant_id = null;
UPDATE einstellung set value = 'false' WHERE einstellung_key = 'FKJV_PAUSCHALE_BEI_ANSPRUCH' AND gesuchsperiode_id = @gesuchsperiode_22_23_id AND mandant_id = null;
UPDATE einstellung set value = 'false' WHERE einstellung_key = 'FKJV_PAUSCHALE_RUECKWIRKEND' AND gesuchsperiode_id = @gesuchsperiode_22_23_id AND mandant_id = null;
UPDATE einstellung set value = 'null' WHERE einstellung_key = 'FKJV_EINKOMMENSVERSCHLECHTERUNG_BIS_CHF' AND gesuchsperiode_id = @gesuchsperiode_22_23_id AND mandant_id = null;
UPDATE einstellung set value = 'false' WHERE einstellung_key = 'ANSPRUCH_MONATSWEISE' AND gesuchsperiode_id = @gesuchsperiode_22_23_id AND mandant_id = null;
UPDATE einstellung set value = 'false' WHERE einstellung_key = 'SCHNITTSTELLE_STEUERN_AKTIV' AND gesuchsperiode_id = @gesuchsperiode_22_23_id AND mandant_id = null;
UPDATE einstellung set value = '30' WHERE einstellung_key = 'FERIENBETREUUNG_CHF_PAUSCHALBETRAG' AND gesuchsperiode_id = @gesuchsperiode_22_23_id AND mandant_id = null;
UPDATE einstellung set value = '60' WHERE einstellung_key = 'FERIENBETREUUNG_CHF_PAUSCHALBETRAG_SONDERSCHUELER' AND gesuchsperiode_id = @gesuchsperiode_22_23_id AND mandant_id = null;
UPDATE einstellung set value = 'false' WHERE einstellung_key = 'FKJV_FAMILIENSITUATION_NEU' AND gesuchsperiode_id = @gesuchsperiode_22_23_id AND mandant_id = null;
UPDATE einstellung set value = '2' WHERE einstellung_key = 'MINIMALDAUER_KONKUBINAT' AND gesuchsperiode_id = @gesuchsperiode_22_23_id AND mandant_id = null;
UPDATE einstellung set value = 'SOLOTHURN' WHERE einstellung_key = 'FINANZIELLE_SITUATION_TYP' AND gesuchsperiode_id = @gesuchsperiode_22_23_id AND mandant_id = null;
UPDATE einstellung set value = 'false' WHERE einstellung_key = 'KITAPLUS_ZUSCHLAG_AKTIVIERT' AND gesuchsperiode_id = @gesuchsperiode_22_23_id AND mandant_id = null;
UPDATE einstellung set value = 'true' WHERE einstellung_key = 'GEMEINDESPEZIFISCHE_BG_KONFIGURATIONEN' AND gesuchsperiode_id = @gesuchsperiode_22_23_id AND mandant_id = null;
UPDATE einstellung set value = 'UNABHAENGING' WHERE einstellung_key = 'ABHAENGIGKEIT_ANSPRUCH_BESCHAEFTIGUNGPENSUM' AND gesuchsperiode_id = @gesuchsperiode_22_23_id AND mandant_id = null;
UPDATE einstellung set value = 'false' WHERE einstellung_key = 'GEMEINDE_ZUSAETZLICHER_GUTSCHEIN_ENABLED' AND gesuchsperiode_id = @gesuchsperiode_22_23_id AND mandant_id = @mandant_id_solothurn;
UPDATE einstellung set value = '0.00' WHERE einstellung_key = 'GEMEINDE_ZUSAETZLICHER_GUTSCHEIN_BETRAG_KITA' AND gesuchsperiode_id = @gesuchsperiode_22_23_id AND mandant_id = @mandant_id_solothurn;
UPDATE einstellung set value = '0.00' WHERE einstellung_key = 'GEMEINDE_ZUSAETZLICHER_GUTSCHEIN_BETRAG_TFO' AND gesuchsperiode_id = @gesuchsperiode_22_23_id AND mandant_id = @mandant_id_solothurn;
UPDATE einstellung set value = 'VORSCHULALTER' WHERE einstellung_key = 'GEMEINDE_ZUSAETZLICHER_GUTSCHEIN_BIS_UND_MIT_SCHULSTUFE_KITA' AND gesuchsperiode_id = @gesuchsperiode_22_23_id AND mandant_id = @mandant_id_solothurn;
UPDATE einstellung set value = 'VORSCHULALTER' WHERE einstellung_key = 'GEMEINDE_ZUSAETZLICHER_GUTSCHEIN_BIS_UND_MIT_SCHULSTUFE_TFO' AND gesuchsperiode_id = @gesuchsperiode_22_23_id AND mandant_id = @mandant_id_solothurn;
UPDATE einstellung set value = 'false' WHERE einstellung_key = 'GEMEINDE_ZUSAETZLICHER_BABYBEITRAG_ENABLED' AND gesuchsperiode_id = @gesuchsperiode_22_23_id AND mandant_id = @mandant_id_solothurn;
UPDATE einstellung set value = '0.00' WHERE einstellung_key = 'GEMEINDE_ZUSAETZLICHER_BABYBEITRAG_BETRAG_KITA' AND gesuchsperiode_id = @gesuchsperiode_22_23_id AND mandant_id = @mandant_id_solothurn;
UPDATE einstellung set value = '0.00' WHERE einstellung_key = 'GEMEINDE_ZUSAETZLICHER_BABYBEITRAG_BETRAG_TFO' AND gesuchsperiode_id = @gesuchsperiode_22_23_id AND mandant_id = @mandant_id_solothurn;
UPDATE einstellung set value = 'false' WHERE einstellung_key = 'GEMEINDE_ZUSAETZLICHER_ANSPRUCH_FREIWILLIGENARBEIT_ENABLED' AND gesuchsperiode_id = @gesuchsperiode_22_23_id AND mandant_id = @mandant_id_solothurn;
UPDATE einstellung set value = '0' WHERE einstellung_key = 'GEMEINDE_ZUSAETZLICHER_ANSPRUCH_FREIWILLIGENARBEIT_MAXPROZENT' AND gesuchsperiode_id = @gesuchsperiode_22_23_id AND mandant_id = @mandant_id_solothurn;
UPDATE einstellung set value = 'false' WHERE einstellung_key = 'GEMEINDE_MAHLZEITENVERGUENSTIGUNG_ENABLED' AND gesuchsperiode_id = @gesuchsperiode_22_23_id AND mandant_id = @mandant_id_solothurn;
UPDATE einstellung set value = '6.00' WHERE einstellung_key = 'GEMEINDE_MAHLZEITENVERGUENSTIGUNG_EINKOMMENSSTUFE_1_VERGUENSTIGUNG_MAHLZEIT' AND gesuchsperiode_id = @gesuchsperiode_22_23_id AND mandant_id = @mandant_id_solothurn;
UPDATE einstellung set value = '51000' WHERE einstellung_key = 'GEMEINDE_MAHLZEITENVERGUENSTIGUNG_EINKOMMENSSTUFE_1_MAX_EINKOMMEN' AND gesuchsperiode_id = @gesuchsperiode_22_23_id AND mandant_id = @mandant_id_solothurn;
UPDATE einstellung set value = '3.00' WHERE einstellung_key = 'GEMEINDE_MAHLZEITENVERGUENSTIGUNG_EINKOMMENSSTUFE_2_VERGUENSTIGUNG_MAHLZEIT' AND gesuchsperiode_id = @gesuchsperiode_22_23_id AND mandant_id = @mandant_id_solothurn;
UPDATE einstellung set value = '70000' WHERE einstellung_key = 'GEMEINDE_MAHLZEITENVERGUENSTIGUNG_EINKOMMENSSTUFE_2_MAX_EINKOMMEN' AND gesuchsperiode_id = @gesuchsperiode_22_23_id AND mandant_id = @mandant_id_solothurn;
UPDATE einstellung set value = '0' WHERE einstellung_key = 'GEMEINDE_MAHLZEITENVERGUENSTIGUNG_EINKOMMENSSTUFE_3_VERGUENSTIGUNG_MAHLZEIT' AND gesuchsperiode_id = @gesuchsperiode_22_23_id AND mandant_id = @mandant_id_solothurn;
UPDATE einstellung set value = 'false' WHERE einstellung_key = 'GEMEINDE_MAHLZEITENVERGUENSTIGUNG_FUER_SOZIALHILFEBEZUEGER_ENABLED' AND gesuchsperiode_id = @gesuchsperiode_22_23_id AND mandant_id = @mandant_id_solothurn;
UPDATE einstellung set value = 'false' WHERE einstellung_key = 'GEMEINDE_SCHNITTSTELLE_KITAX_ENABLED' AND gesuchsperiode_id = @gesuchsperiode_22_23_id AND mandant_id = @mandant_id_solothurn;
UPDATE einstellung set value = 'false' WHERE einstellung_key = 'GEMEINDE_TAGESSCHULE_TAGIS_ENABLED' AND gesuchsperiode_id = @gesuchsperiode_22_23_id AND mandant_id = @mandant_id_solothurn;
UPDATE einstellung set value = '20' WHERE einstellung_key = 'GEMEINDE_MIN_ERWERBSPENSUM_NICHT_EINGESCHULT' AND gesuchsperiode_id = @gesuchsperiode_22_23_id AND mandant_id = @mandant_id_solothurn;
UPDATE einstellung set value = '40' WHERE einstellung_key = 'GEMEINDE_MIN_ERWERBSPENSUM_EINGESCHULT' AND gesuchsperiode_id = @gesuchsperiode_22_23_id AND mandant_id = @mandant_id_solothurn;
UPDATE einstellung set value = '0.00' WHERE einstellung_key = 'GEMEINDE_MAHLZEITENVERGUENSTIGUNG_MINIMALER_ELTERNBEITRAG_MAHLZEIT' AND gesuchsperiode_id = @gesuchsperiode_22_23_id AND mandant_id = @mandant_id_solothurn;
UPDATE einstellung set value = 'KLASSE9' WHERE einstellung_key = 'SPRACHLICHE_INTEGRATION_BIS_SCHULSTUFE' AND gesuchsperiode_id = @gesuchsperiode_22_23_id AND mandant_id = null;
UPDATE einstellung set value = 'false' WHERE einstellung_key = 'UNBEZAHLTER_URLAUB_AKTIV' AND gesuchsperiode_id = @gesuchsperiode_22_23_id AND mandant_id = null;
UPDATE einstellung set value = 'BERN' WHERE einstellung_key = 'FACHSTELLEN_TYP' AND gesuchsperiode_id = @gesuchsperiode_22_23_id AND mandant_id = null;
UPDATE einstellung set value = 'false' WHERE einstellung_key = 'AUSWEIS_NACHWEIS_REQUIRED' AND gesuchsperiode_id = @gesuchsperiode_22_23_id AND mandant_id = null;
UPDATE einstellung set value = 'ZEITEINHEIT_UND_PROZENT' WHERE einstellung_key = 'PENSUM_ANZEIGE_TYP' AND gesuchsperiode_id = @gesuchsperiode_22_23_id AND mandant_id = null;
UPDATE einstellung set value = 'true' WHERE einstellung_key = 'ABWESENHEIT_AKTIV' AND gesuchsperiode_id = @gesuchsperiode_22_23_id AND mandant_id = null;
UPDATE einstellung set value = 'true' WHERE einstellung_key = 'VERFUEGUNG_EINGESCHRIEBEN_VERSENDEN_AKTIVIERT' AND gesuchsperiode_id = @gesuchsperiode_22_23_id AND mandant_id = null;
UPDATE einstellung set value = 'false' WHERE einstellung_key = 'BEGRUENDUNG_MUTATION_AKTIVIERT' AND gesuchsperiode_id = @gesuchsperiode_22_23_id AND mandant_id = null;
UPDATE einstellung set value = 'false' WHERE einstellung_key = 'GEMEINDE_TAGESSCHULE_ZUSAETZLICHE_ANGABEN_ZUR_ANMELDUNG' AND gesuchsperiode_id = @gesuchsperiode_22_23_id AND mandant_id = @mandant_id_solothurn;
UPDATE einstellung set value = 'false' WHERE einstellung_key = 'GEMEINDE_PAUSCHALBETRAG_HOHE_EINKOMMENSKLASSEN_AKTIVIERT' AND gesuchsperiode_id = @gesuchsperiode_22_23_id AND mandant_id = null;
UPDATE einstellung set value = '0' WHERE einstellung_key = 'GEMEINDE_PAUSCHALBETRAG_HOHE_EINKOMMENSKLASSEN_BETRAG_KITA' AND gesuchsperiode_id = @gesuchsperiode_22_23_id AND mandant_id = null;
UPDATE einstellung set value = '0' WHERE einstellung_key = 'GEMEINDE_PAUSCHALBETRAG_HOHE_EINKOMMENSKLASSEN_BETRAG_TFO' AND gesuchsperiode_id = @gesuchsperiode_22_23_id AND mandant_id = null;
UPDATE einstellung set value = '0' WHERE einstellung_key = 'GEMEINDE_PAUSCHALBETRAG_HOHE_EINKOMMENSKLASSEN_BETRAG_TFO_AB_PRIMARSCHULE' AND gesuchsperiode_id = @gesuchsperiode_22_23_id AND mandant_id = null;
UPDATE einstellung set value = '0' WHERE einstellung_key = 'GEMEINDE_PAUSCHALBETRAG_HOHE_EINKOMMENSKLASSEN_MAX_MASSGEBENDEN_EINKOMMEN_FUER_BERECHNUNG' AND gesuchsperiode_id = @gesuchsperiode_22_23_id AND mandant_id = null;
UPDATE einstellung set value = 'false' WHERE einstellung_key = 'VERFUEGUNG_EXPORT_ENABLED' AND gesuchsperiode_id = @gesuchsperiode_22_23_id AND mandant_id = null;
UPDATE einstellung set value = '0' WHERE einstellung_key = 'VERANLAGUNG_MIN_UNTERSCHIED_MASSGEBENDESEINK' AND gesuchsperiode_id = @gesuchsperiode_22_23_id AND mandant_id = null;
UPDATE einstellung set value = 'false' WHERE einstellung_key = 'ZAHLUNGSANGABEN_ANTRAGSTELLER_REQUIRED' AND gesuchsperiode_id = @gesuchsperiode_22_23_id AND mandant_id = null;
UPDATE einstellung set value = 'false' WHERE einstellung_key = 'GEMEINDE_KEIN_GUTSCHEIN_FUER_SOZIALHILFE_EMPFAENGER' AND gesuchsperiode_id = @gesuchsperiode_22_23_id AND mandant_id = null;
UPDATE einstellung set value = '7' WHERE einstellung_key = 'MAX_VERGUENSTIGUNG_PRIMAR_PRO_STD' AND gesuchsperiode_id = @gesuchsperiode_22_23_id AND mandant_id = null;
UPDATE einstellung set value = '0' WHERE einstellung_key = 'ANSPRUCH_AB_X_MONATEN' AND gesuchsperiode_id = @gesuchsperiode_22_23_id AND mandant_id = null;
UPDATE einstellung set value = '10' WHERE einstellung_key = 'KITA_STUNDEN_PRO_TAG' AND gesuchsperiode_id = @gesuchsperiode_22_23_id AND mandant_id = null;
INSERT IGNORE INTO einstellung (id, timestamp_erstellt, timestamp_mutiert, user_erstellt, user_mutiert, version, einstellung_key, value, gemeinde_id, gesuchsperiode_id, mandant_id, erklaerung) VALUES (UNHEX('00D858E113EA46DAB31C1F4A55813B8B'), '2023-12-08 11:18:03', '2023-12-08 11:18:03', 'ebegu:Kanton Solothurn', 'ebegu:Kanton Solothurn', 0, 'GEMEINDE_PAUSCHALBETRAG_HOHE_EINKOMMENSKLASSEN_AKTIVIERT', 'true', @testgemeinde_solothurn_id, @gesuchperiode_22_23_id, @mandant_id_solothurn, null);
INSERT IGNORE INTO einstellung (id, timestamp_erstellt, timestamp_mutiert, user_erstellt, user_mutiert, version, einstellung_key, value, gemeinde_id, gesuchsperiode_id, mandant_id, erklaerung) VALUES (UNHEX('010870FBDB2747B9BC81273979F04D7E'), '2023-12-08 11:13:39', '2023-12-08 11:13:39', 'ebegu:Kanton Solothurn', 'ebegu:Kanton Solothurn', 0, 'MAX_VERGUENSTIGUNG_VORSCHULE_KIND_PRO_STD', '9.5', @testgemeinde_grenchen_id, @gesuchperiode_22_23_id, @mandant_id_solothurn, null);
INSERT IGNORE INTO einstellung (id, timestamp_erstellt, timestamp_mutiert, user_erstellt, user_mutiert, version, einstellung_key, value, gemeinde_id, gesuchsperiode_id, mandant_id, erklaerung) VALUES (UNHEX('021BC164912F4E0FA0FC58DC28E3E0B8'), '2023-12-08 11:18:03', '2023-12-08 11:18:03', 'ebegu:Kanton Solothurn', 'ebegu:Kanton Solothurn', 0, 'GEMEINDE_KONTINGENTIERUNG_ENABLED', 'false', @testgemeinde_solothurn_id, @gesuchperiode_22_23_id, @mandant_id_solothurn, null);
INSERT IGNORE INTO einstellung (id, timestamp_erstellt, timestamp_mutiert, user_erstellt, user_mutiert, version, einstellung_key, value, gemeinde_id, gesuchsperiode_id, mandant_id, erklaerung) VALUES (UNHEX('023A2D3B622F43BE9F3A9DEE66BF2904'), '2023-12-08 11:18:03', '2023-12-08 11:18:03', 'ebegu:Kanton Solothurn', 'ebegu:Kanton Solothurn', 0, 'MAX_VERGUENSTIGUNG_VORSCHULE_BABY_PRO_STD', '14', @testgemeinde_solothurn_id, @gesuchperiode_22_23_id, @mandant_id_solothurn, null);
INSERT IGNORE INTO einstellung (id, timestamp_erstellt, timestamp_mutiert, user_erstellt, user_mutiert, version, einstellung_key, value, gemeinde_id, gesuchsperiode_id, mandant_id, erklaerung) VALUES (UNHEX('047376B5266D4C98A8BB3843F77487FF'), '2023-12-08 11:18:03', '2023-12-08 11:18:03', 'ebegu:Kanton Solothurn', 'ebegu:Kanton Solothurn', 0, 'GEMEINDE_PAUSCHALBETRAG_HOHE_EINKOMMENSKLASSEN_MAX_MASSGEBENDEN_EINKOMMEN_FUER_BERECHNUNG', '160000', @testgemeinde_solothurn_id, @gesuchperiode_22_23_id, @mandant_id_solothurn, null);
INSERT IGNORE INTO einstellung (id, timestamp_erstellt, timestamp_mutiert, user_erstellt, user_mutiert, version, einstellung_key, value, gemeinde_id, gesuchsperiode_id, mandant_id, erklaerung) VALUES (UNHEX('07FE7B9161A54E41A75488C3DCE339B5'), '2023-12-08 11:18:03', '2023-12-08 11:18:03', 'ebegu:Kanton Solothurn', 'ebegu:Kanton Solothurn', 0, 'MAX_VERGUENSTIGUNG_VORSCHULE_KIND_PRO_TG', '95', @testgemeinde_solothurn_id, @gesuchperiode_22_23_id, @mandant_id_solothurn, null);
INSERT IGNORE INTO einstellung (id, timestamp_erstellt, timestamp_mutiert, user_erstellt, user_mutiert, version, einstellung_key, value, gemeinde_id, gesuchsperiode_id, mandant_id, erklaerung) VALUES (UNHEX('096DDB1F71BB4FEB9A9FFF2C409EAB5A'), '2023-12-08 11:18:03', '2023-12-08 11:18:03', 'ebegu:Kanton Solothurn', 'ebegu:Kanton Solothurn', 0, 'GEMEINDE_FERIENINSEL_ANMELDUNGEN_DATUM_AB', '01.08.2022', @testgemeinde_solothurn_id, @gesuchperiode_22_23_id, @mandant_id_solothurn, null);
INSERT IGNORE INTO einstellung (id, timestamp_erstellt, timestamp_mutiert, user_erstellt, user_mutiert, version, einstellung_key, value, gemeinde_id, gesuchsperiode_id, mandant_id, erklaerung) VALUES (UNHEX('0B691DD316764E1690A1B834E0852EEC'), '2023-12-08 11:13:39', '2023-12-08 11:13:39', 'ebegu:Kanton Solothurn', 'ebegu:Kanton Solothurn', 0, 'MIN_VERGUENSTIGUNG_PRO_STD', '3', @testgemeinde_grenchen_id, @gesuchperiode_22_23_id, @mandant_id_solothurn, null);
INSERT IGNORE INTO einstellung (id, timestamp_erstellt, timestamp_mutiert, user_erstellt, user_mutiert, version, einstellung_key, value, gemeinde_id, gesuchsperiode_id, mandant_id, erklaerung) VALUES (UNHEX('10055B7D5BD5445989C76861F003104B'), '2023-12-08 11:18:03', '2023-12-08 11:18:03', 'ebegu:Kanton Solothurn', 'ebegu:Kanton Solothurn', 0, 'MAX_VERGUENSTIGUNG_VORSCHULE_KIND_PRO_STD', '9.5', @testgemeinde_solothurn_id, @gesuchperiode_22_23_id, @mandant_id_solothurn, null);
INSERT IGNORE INTO einstellung (id, timestamp_erstellt, timestamp_mutiert, user_erstellt, user_mutiert, version, einstellung_key, value, gemeinde_id, gesuchsperiode_id, mandant_id, erklaerung) VALUES (UNHEX('1413FFD754C74118BB65D920FEE14D79'), '2023-12-08 11:13:39', '2023-12-08 11:13:39', 'ebegu:Kanton Solothurn', 'ebegu:Kanton Solothurn', 0, 'ERWERBSPENSUM_ZUSCHLAG', '20', @testgemeinde_grenchen_id, @gesuchperiode_22_23_id, @mandant_id_solothurn, null);
INSERT IGNORE INTO einstellung (id, timestamp_erstellt, timestamp_mutiert, user_erstellt, user_mutiert, version, einstellung_key, value, gemeinde_id, gesuchsperiode_id, mandant_id, erklaerung) VALUES (UNHEX('151AD015B2DB46A9885FA57A6DC5B3B8'), '2023-12-08 11:13:39', '2023-12-08 11:13:39', 'ebegu:Kanton Solothurn', 'ebegu:Kanton Solothurn', 0, 'GEMEINDE_SCHNITTSTELLE_KITAX_ENABLED', 'false', @testgemeinde_grenchen_id, @gesuchperiode_22_23_id, @mandant_id_solothurn, null);
INSERT IGNORE INTO einstellung (id, timestamp_erstellt, timestamp_mutiert, user_erstellt, user_mutiert, version, einstellung_key, value, gemeinde_id, gesuchsperiode_id, mandant_id, erklaerung) VALUES (UNHEX('163AB44082714F4EBFB94B6D7E13D4A1'), '2023-12-08 11:18:03', '2023-12-08 11:18:03', 'ebegu:Kanton Solothurn', 'ebegu:Kanton Solothurn', 0, 'ERWERBSPENSUM_ZUSCHLAG', '20', @testgemeinde_solothurn_id, @gesuchperiode_22_23_id, @mandant_id_solothurn, null);
INSERT IGNORE INTO einstellung (id, timestamp_erstellt, timestamp_mutiert, user_erstellt, user_mutiert, version, einstellung_key, value, gemeinde_id, gesuchsperiode_id, mandant_id, erklaerung) VALUES (UNHEX('16A4FA9B5B184025BF5F0DD61046E4EC'), '2023-12-08 11:13:39', '2023-12-08 11:13:39', 'ebegu:Kanton Solothurn', 'ebegu:Kanton Solothurn', 0, 'GEMEINDE_MAHLZEITENVERGUENSTIGUNG_MINIMALER_ELTERNBEITRAG_MAHLZEIT', '0.00', @testgemeinde_grenchen_id, @gesuchperiode_22_23_id, @mandant_id_solothurn, null);
INSERT IGNORE INTO einstellung (id, timestamp_erstellt, timestamp_mutiert, user_erstellt, user_mutiert, version, einstellung_key, value, gemeinde_id, gesuchsperiode_id, mandant_id, erklaerung) VALUES (UNHEX('1B1834CD486C4CC084C4A4920878466C'), '2023-12-08 11:13:39', '2023-12-08 11:13:39', 'ebegu:Kanton Solothurn', 'ebegu:Kanton Solothurn', 0, 'MAX_VERGUENSTIGUNG_KINDERGARTEN_PRO_TG', '70', @testgemeinde_grenchen_id, @gesuchperiode_22_23_id, @mandant_id_solothurn, null);
INSERT IGNORE INTO einstellung (id, timestamp_erstellt, timestamp_mutiert, user_erstellt, user_mutiert, version, einstellung_key, value, gemeinde_id, gesuchsperiode_id, mandant_id, erklaerung) VALUES (UNHEX('1C11B73D6E854C5D8ADA62E2309A0B01'), '2023-12-08 11:18:03', '2023-12-08 11:18:03', 'ebegu:Kanton Solothurn', 'ebegu:Kanton Solothurn', 0, 'GEMEINDE_ZUSAETZLICHER_BABYBEITRAG_BETRAG_TFO', '0.00', @testgemeinde_solothurn_id, @gesuchperiode_22_23_id, @mandant_id_solothurn, null);
INSERT IGNORE INTO einstellung (id, timestamp_erstellt, timestamp_mutiert, user_erstellt, user_mutiert, version, einstellung_key, value, gemeinde_id, gesuchsperiode_id, mandant_id, erklaerung) VALUES (UNHEX('1DC671433D984CD68695BF26273F42C3'), '2023-12-08 11:18:03', '2023-12-08 11:18:03', 'ebegu:Kanton Solothurn', 'ebegu:Kanton Solothurn', 0, 'GEMEINDE_ZUSAETZLICHER_BABYBEITRAG_BETRAG_KITA', '0.00', @testgemeinde_solothurn_id, @gesuchperiode_22_23_id, @mandant_id_solothurn, null);
INSERT IGNORE INTO einstellung (id, timestamp_erstellt, timestamp_mutiert, user_erstellt, user_mutiert, version, einstellung_key, value, gemeinde_id, gesuchsperiode_id, mandant_id, erklaerung) VALUES (UNHEX('1E3049EBA44B42D78BD39E727365B183'), '2023-12-08 11:18:03', '2023-12-08 11:18:03', 'ebegu:Kanton Solothurn', 'ebegu:Kanton Solothurn', 0, 'ABHAENGIGKEIT_ANSPRUCH_BESCHAEFTIGUNGPENSUM', 'MINIMUM', @testgemeinde_solothurn_id, @gesuchperiode_22_23_id, @mandant_id_solothurn, 'Die Einstellung kann 3 Werte haben ABHAENGING, UNABHAENGING oder MINIMUM. Abhängig = Der Anspruch hängt vom Beschäftigungspensum ab (wie in Bern) Unabhängig = Der Anspruch hängt nicht vom Beschäftigungspensum ab (wie in Solothurn) Minimal = Es muss ein minimum an Beschäftigungspensum erreicht werden um einen Anspruch zu erhalten (wie in Grenchen)');
INSERT IGNORE INTO einstellung (id, timestamp_erstellt, timestamp_mutiert, user_erstellt, user_mutiert, version, einstellung_key, value, gemeinde_id, gesuchsperiode_id, mandant_id, erklaerung) VALUES (UNHEX('219DC76236B34D7DB18A0C63AA884167'), '2023-12-08 11:13:39', '2023-12-08 11:13:39', 'ebegu:Kanton Solothurn', 'ebegu:Kanton Solothurn', 0, 'GEMEINDE_PAUSCHALBETRAG_HOHE_EINKOMMENSKLASSEN_AKTIVIERT', 'false', @testgemeinde_grenchen_id, @gesuchperiode_22_23_id, @mandant_id_solothurn, null);
INSERT IGNORE INTO einstellung (id, timestamp_erstellt, timestamp_mutiert, user_erstellt, user_mutiert, version, einstellung_key, value, gemeinde_id, gesuchsperiode_id, mandant_id, erklaerung) VALUES (UNHEX('2760EC33F2DC4FD49AD30359A0B8EC93'), '2023-12-08 11:18:03', '2023-12-08 11:18:03', 'ebegu:Kanton Solothurn', 'ebegu:Kanton Solothurn', 0, 'GEMEINDE_MIN_ERWERBSPENSUM_EINGESCHULT', '40', @testgemeinde_solothurn_id, @gesuchperiode_22_23_id, @mandant_id_solothurn, null);
INSERT IGNORE INTO einstellung (id, timestamp_erstellt, timestamp_mutiert, user_erstellt, user_mutiert, version, einstellung_key, value, gemeinde_id, gesuchsperiode_id, mandant_id, erklaerung) VALUES (UNHEX('2812FB5877BE485D858803C578A156F9'), '2023-12-08 11:18:03', '2023-12-08 11:18:03', 'ebegu:Kanton Solothurn', 'ebegu:Kanton Solothurn', 0, 'MAX_VERGUENSTIGUNG_KINDERGARTEN_PRO_STD', '9.5', @testgemeinde_solothurn_id, @gesuchperiode_22_23_id, @mandant_id_solothurn, null);
INSERT IGNORE INTO einstellung (id, timestamp_erstellt, timestamp_mutiert, user_erstellt, user_mutiert, version, einstellung_key, value, gemeinde_id, gesuchsperiode_id, mandant_id, erklaerung) VALUES (UNHEX('289E88BC6EEC48B5A5F79A85F5B20F75'), '2023-12-08 11:13:39', '2023-12-08 11:13:39', 'ebegu:Kanton Solothurn', 'ebegu:Kanton Solothurn', 0, 'GEMEINDE_ZUSAETZLICHER_GUTSCHEIN_BETRAG_TFO', '0.00', @testgemeinde_grenchen_id, @gesuchperiode_22_23_id, @mandant_id_solothurn, null);
INSERT IGNORE INTO einstellung (id, timestamp_erstellt, timestamp_mutiert, user_erstellt, user_mutiert, version, einstellung_key, value, gemeinde_id, gesuchsperiode_id, mandant_id, erklaerung) VALUES (UNHEX('2903C635539C47ABB5BE3140C3738993'), '2023-12-08 11:18:03', '2023-12-08 11:18:03', 'ebegu:Kanton Solothurn', 'ebegu:Kanton Solothurn', 0, 'GEMEINDE_ZUSAETZLICHER_GUTSCHEIN_BIS_UND_MIT_SCHULSTUFE_TFO', 'VORSCHULALTER', @testgemeinde_solothurn_id, @gesuchperiode_22_23_id, @mandant_id_solothurn, null);
INSERT IGNORE INTO einstellung (id, timestamp_erstellt, timestamp_mutiert, user_erstellt, user_mutiert, version, einstellung_key, value, gemeinde_id, gesuchsperiode_id, mandant_id, erklaerung) VALUES (UNHEX('2BA5B03D3CC9408B891107280A5A073E'), '2023-12-08 11:13:39', '2023-12-08 11:13:39', 'ebegu:Kanton Solothurn', 'ebegu:Kanton Solothurn', 0, 'GEMEINDE_ZUSAETZLICHER_ANSPRUCH_FREIWILLIGENARBEIT_ENABLED', 'false', @testgemeinde_grenchen_id, @gesuchperiode_22_23_id, @mandant_id_solothurn, null);
INSERT IGNORE INTO einstellung (id, timestamp_erstellt, timestamp_mutiert, user_erstellt, user_mutiert, version, einstellung_key, value, gemeinde_id, gesuchsperiode_id, mandant_id, erklaerung) VALUES (UNHEX('2E785C1CDD2542209AEC042E8AE8F611'), '2023-12-08 11:13:39', '2023-12-08 11:13:39', 'ebegu:Kanton Solothurn', 'ebegu:Kanton Solothurn', 0, 'GEMEINDE_FERIENINSEL_ANMELDUNGEN_DATUM_AB', '01.08.2022', @testgemeinde_grenchen_id, @gesuchperiode_22_23_id, @mandant_id_solothurn, null);
INSERT IGNORE INTO einstellung (id, timestamp_erstellt, timestamp_mutiert, user_erstellt, user_mutiert, version, einstellung_key, value, gemeinde_id, gesuchsperiode_id, mandant_id, erklaerung) VALUES (UNHEX('30B5CE9B437F42A282EF2CC1CFC1233B'), '2023-12-08 11:18:03', '2023-12-08 11:18:03', 'ebegu:Kanton Solothurn', 'ebegu:Kanton Solothurn', 0, 'MAX_VERGUENSTIGUNG_VORSCHULE_BABY_PRO_TG', '140', @testgemeinde_solothurn_id, @gesuchperiode_22_23_id, @mandant_id_solothurn, null);
INSERT IGNORE INTO einstellung (id, timestamp_erstellt, timestamp_mutiert, user_erstellt, user_mutiert, version, einstellung_key, value, gemeinde_id, gesuchsperiode_id, mandant_id, erklaerung) VALUES (UNHEX('31BD362C10CA465FB84ECCC280249EC0'), '2023-12-08 11:18:03', '2023-12-08 11:18:03', 'ebegu:Kanton Solothurn', 'ebegu:Kanton Solothurn', 0, 'MAX_VERGUENSTIGUNG_PRIMAR_PRO_STD', '7', @testgemeinde_solothurn_id, @gesuchperiode_22_23_id, @mandant_id_solothurn, null);
INSERT IGNORE INTO einstellung (id, timestamp_erstellt, timestamp_mutiert, user_erstellt, user_mutiert, version, einstellung_key, value, gemeinde_id, gesuchsperiode_id, mandant_id, erklaerung) VALUES (UNHEX('33237CCA8BE545F18E235FA227064848'), '2023-12-08 11:13:39', '2023-12-08 11:13:39', 'ebegu:Kanton Solothurn', 'ebegu:Kanton Solothurn', 0, 'GEMEINDE_ZUSAETZLICHER_ANSPRUCH_FREIWILLIGENARBEIT_MAXPROZENT', '0', @testgemeinde_grenchen_id, @gesuchperiode_22_23_id, @mandant_id_solothurn, null);
INSERT IGNORE INTO einstellung (id, timestamp_erstellt, timestamp_mutiert, user_erstellt, user_mutiert, version, einstellung_key, value, gemeinde_id, gesuchsperiode_id, mandant_id, erklaerung) VALUES (UNHEX('339E2E44842A457B9D7443438FD16216'), '2023-12-08 11:13:39', '2023-12-08 11:13:39', 'ebegu:Kanton Solothurn', 'ebegu:Kanton Solothurn', 0, 'GEMEINDE_PAUSCHALBETRAG_HOHE_EINKOMMENSKLASSEN_MAX_MASSGEBENDEN_EINKOMMEN_FUER_BERECHNUNG', '0', @testgemeinde_grenchen_id, @gesuchperiode_22_23_id, @mandant_id_solothurn, null);
INSERT IGNORE INTO einstellung (id, timestamp_erstellt, timestamp_mutiert, user_erstellt, user_mutiert, version, einstellung_key, value, gemeinde_id, gesuchsperiode_id, mandant_id, erklaerung) VALUES (UNHEX('39A1BCFAB3BE4C0386578317E4FE13CA'), '2023-12-08 11:13:39', '2023-12-08 11:13:39', 'ebegu:Kanton Solothurn', 'ebegu:Kanton Solothurn', 0, 'GEMEINDE_MAHLZEITENVERGUENSTIGUNG_EINKOMMENSSTUFE_3_VERGUENSTIGUNG_MAHLZEIT', '0', @testgemeinde_grenchen_id, @gesuchperiode_22_23_id, @mandant_id_solothurn, null);
INSERT IGNORE INTO einstellung (id, timestamp_erstellt, timestamp_mutiert, user_erstellt, user_mutiert, version, einstellung_key, value, gemeinde_id, gesuchsperiode_id, mandant_id, erklaerung) VALUES (UNHEX('3B91238F3E26464792752442CE7B0FAB'), '2023-12-08 11:18:03', '2023-12-08 11:18:03', 'ebegu:Kanton Solothurn', 'ebegu:Kanton Solothurn', 0, 'GEMEINDE_MAHLZEITENVERGUENSTIGUNG_EINKOMMENSSTUFE_3_VERGUENSTIGUNG_MAHLZEIT', '0', @testgemeinde_solothurn_id, @gesuchperiode_22_23_id, @mandant_id_solothurn, null);
INSERT IGNORE INTO einstellung (id, timestamp_erstellt, timestamp_mutiert, user_erstellt, user_mutiert, version, einstellung_key, value, gemeinde_id, gesuchsperiode_id, mandant_id, erklaerung) VALUES (UNHEX('3D8FA28E393D4591A0E2A725338E7BE7'), '2023-12-08 11:18:03', '2023-12-08 11:18:03', 'ebegu:Kanton Solothurn', 'ebegu:Kanton Solothurn', 0, 'GEMEINDE_MAHLZEITENVERGUENSTIGUNG_FUER_SOZIALHILFEBEZUEGER_ENABLED', 'false', @testgemeinde_solothurn_id, @gesuchperiode_22_23_id, @mandant_id_solothurn, null);
INSERT IGNORE INTO einstellung (id, timestamp_erstellt, timestamp_mutiert, user_erstellt, user_mutiert, version, einstellung_key, value, gemeinde_id, gesuchsperiode_id, mandant_id, erklaerung) VALUES (UNHEX('44BFB3FBC1D34363870120CD769775B2'), '2023-12-08 11:13:39', '2023-12-08 11:13:39', 'ebegu:Kanton Solothurn', 'ebegu:Kanton Solothurn', 0, 'GEMEINDE_ZUSAETZLICHER_BABYBEITRAG_BETRAG_TFO', '0.00', @testgemeinde_grenchen_id, @gesuchperiode_22_23_id, @mandant_id_solothurn, null);
INSERT IGNORE INTO einstellung (id, timestamp_erstellt, timestamp_mutiert, user_erstellt, user_mutiert, version, einstellung_key, value, gemeinde_id, gesuchsperiode_id, mandant_id, erklaerung) VALUES (UNHEX('44FA96F3BB0A49BBA73AEDE20386B769'), '2023-12-08 11:13:39', '2023-12-08 11:13:39', 'ebegu:Kanton Solothurn', 'ebegu:Kanton Solothurn', 0, 'GEMEINDE_MAHLZEITENVERGUENSTIGUNG_FUER_SOZIALHILFEBEZUEGER_ENABLED', 'false', @testgemeinde_grenchen_id, @gesuchperiode_22_23_id, @mandant_id_solothurn, null);
INSERT IGNORE INTO einstellung (id, timestamp_erstellt, timestamp_mutiert, user_erstellt, user_mutiert, version, einstellung_key, value, gemeinde_id, gesuchsperiode_id, mandant_id, erklaerung) VALUES (UNHEX('45E26BEF96344B32BC8F0E7914199608'), '2023-12-08 11:18:03', '2023-12-08 11:18:03', 'ebegu:Kanton Solothurn', 'ebegu:Kanton Solothurn', 0, 'GEMEINDE_KEIN_GUTSCHEIN_FUER_SOZIALHILFE_EMPFAENGER', 'true', @testgemeinde_solothurn_id, @gesuchperiode_22_23_id, @mandant_id_solothurn, null);
INSERT IGNORE INTO einstellung (id, timestamp_erstellt, timestamp_mutiert, user_erstellt, user_mutiert, version, einstellung_key, value, gemeinde_id, gesuchsperiode_id, mandant_id, erklaerung) VALUES (UNHEX('49B1EE0C213644A799C2CF61D32F264F'), '2023-12-08 11:13:39', '2023-12-08 11:13:39', 'ebegu:Kanton Solothurn', 'ebegu:Kanton Solothurn', 0, 'GEMEINDE_MAHLZEITENVERGUENSTIGUNG_EINKOMMENSSTUFE_2_VERGUENSTIGUNG_MAHLZEIT', '3.00', @testgemeinde_grenchen_id, @gesuchperiode_22_23_id, @mandant_id_solothurn, null);
INSERT IGNORE INTO einstellung (id, timestamp_erstellt, timestamp_mutiert, user_erstellt, user_mutiert, version, einstellung_key, value, gemeinde_id, gesuchsperiode_id, mandant_id, erklaerung) VALUES (UNHEX('49B6FC7DA5E7477D8142D5631BD6D054'), '2023-12-08 11:13:39', '2023-12-08 11:13:39', 'ebegu:Kanton Solothurn', 'ebegu:Kanton Solothurn', 0, 'GEMEINDE_PAUSCHALBETRAG_HOHE_EINKOMMENSKLASSEN_BETRAG_TFO', '0', @testgemeinde_grenchen_id, @gesuchperiode_22_23_id, @mandant_id_solothurn, null);
INSERT IGNORE INTO einstellung (id, timestamp_erstellt, timestamp_mutiert, user_erstellt, user_mutiert, version, einstellung_key, value, gemeinde_id, gesuchsperiode_id, mandant_id, erklaerung) VALUES (UNHEX('4A9A2E99DE4741D8B74FF15AB10AD157'), '2023-12-08 11:18:03', '2023-12-08 11:18:03', 'ebegu:Kanton Solothurn', 'ebegu:Kanton Solothurn', 0, 'GEMEINDE_TAGESSCHULE_TAGIS_ENABLED', 'false', @testgemeinde_solothurn_id, @gesuchperiode_22_23_id, @mandant_id_solothurn, null);
INSERT IGNORE INTO einstellung (id, timestamp_erstellt, timestamp_mutiert, user_erstellt, user_mutiert, version, einstellung_key, value, gemeinde_id, gesuchsperiode_id, mandant_id, erklaerung) VALUES (UNHEX('4E149C3C193C4BBD8B706BC8E13B8923'), '2023-12-08 11:13:39', '2023-12-08 11:13:39', 'ebegu:Kanton Solothurn', 'ebegu:Kanton Solothurn', 0, 'GEMEINDE_TAGESSCHULE_ANMELDUNGEN_DATUM_AB', '01.08.2022', @testgemeinde_grenchen_id, @gesuchperiode_22_23_id, @mandant_id_solothurn, null);
INSERT IGNORE INTO einstellung (id, timestamp_erstellt, timestamp_mutiert, user_erstellt, user_mutiert, version, einstellung_key, value, gemeinde_id, gesuchsperiode_id, mandant_id, erklaerung) VALUES (UNHEX('51C927D6ED1B4DA0BBA1FCE8C4776764'), '2023-12-08 11:13:39', '2023-12-08 11:13:39', 'ebegu:Kanton Solothurn', 'ebegu:Kanton Solothurn', 0, 'GEMEINDE_MIN_ERWERBSPENSUM_NICHT_EINGESCHULT', '20', @testgemeinde_grenchen_id, @gesuchperiode_22_23_id, @mandant_id_solothurn, null);
INSERT IGNORE INTO einstellung (id, timestamp_erstellt, timestamp_mutiert, user_erstellt, user_mutiert, version, einstellung_key, value, gemeinde_id, gesuchsperiode_id, mandant_id, erklaerung) VALUES (UNHEX('55EFDD60DDA54D0C8E677951DDC27E1E'), '2023-12-08 11:13:39', '2023-12-08 11:13:39', 'ebegu:Kanton Solothurn', 'ebegu:Kanton Solothurn', 0, 'MAX_VERGUENSTIGUNG_KINDERGARTEN_PRO_STD', '7', @testgemeinde_grenchen_id, @gesuchperiode_22_23_id, @mandant_id_solothurn, null);
INSERT IGNORE INTO einstellung (id, timestamp_erstellt, timestamp_mutiert, user_erstellt, user_mutiert, version, einstellung_key, value, gemeinde_id, gesuchsperiode_id, mandant_id, erklaerung) VALUES (UNHEX('5B62D7ACCA454630A0AFE6A92AED2948'), '2023-12-08 11:18:03', '2023-12-08 11:18:03', 'ebegu:Kanton Solothurn', 'ebegu:Kanton Solothurn', 0, 'GEMEINDE_ZUSAETZLICHER_GUTSCHEIN_BETRAG_KITA', '0.00', @testgemeinde_solothurn_id, @gesuchperiode_22_23_id, @mandant_id_solothurn, null);
INSERT IGNORE INTO einstellung (id, timestamp_erstellt, timestamp_mutiert, user_erstellt, user_mutiert, version, einstellung_key, value, gemeinde_id, gesuchsperiode_id, mandant_id, erklaerung) VALUES (UNHEX('5FDC1E9056BC4DA0B3FC06FEA1AA707E'), '2023-12-08 11:18:03', '2023-12-08 11:18:03', 'ebegu:Kanton Solothurn', 'ebegu:Kanton Solothurn', 0, 'GEMEINDE_MAHLZEITENVERGUENSTIGUNG_EINKOMMENSSTUFE_1_VERGUENSTIGUNG_MAHLZEIT', '6.00', @testgemeinde_solothurn_id, @gesuchperiode_22_23_id, @mandant_id_solothurn, null);
INSERT IGNORE INTO einstellung (id, timestamp_erstellt, timestamp_mutiert, user_erstellt, user_mutiert, version, einstellung_key, value, gemeinde_id, gesuchsperiode_id, mandant_id, erklaerung) VALUES (UNHEX('6AC0B6DB58D04A63BD3C5D862F36CA62'), '2023-12-08 11:13:39', '2023-12-08 11:13:39', 'ebegu:Kanton Solothurn', 'ebegu:Kanton Solothurn', 0, 'GEMEINDE_KONTINGENTIERUNG_ENABLED', 'false', @testgemeinde_grenchen_id, @gesuchperiode_22_23_id, @mandant_id_solothurn, null);
INSERT IGNORE INTO einstellung (id, timestamp_erstellt, timestamp_mutiert, user_erstellt, user_mutiert, version, einstellung_key, value, gemeinde_id, gesuchsperiode_id, mandant_id, erklaerung) VALUES (UNHEX('6C8434CE5D504D6EB272C1D686D801C0'), '2023-12-08 11:13:39', '2023-12-08 11:13:39', 'ebegu:Kanton Solothurn', 'ebegu:Kanton Solothurn', 0, 'GEMEINDE_ZUSAETZLICHER_BABYBEITRAG_ENABLED', 'false', @testgemeinde_grenchen_id, @gesuchperiode_22_23_id, @mandant_id_solothurn, null);
INSERT IGNORE INTO einstellung (id, timestamp_erstellt, timestamp_mutiert, user_erstellt, user_mutiert, version, einstellung_key, value, gemeinde_id, gesuchsperiode_id, mandant_id, erklaerung) VALUES (UNHEX('6D913C3786F34988BE20D1C21D6DD444'), '2023-12-08 11:13:39', '2023-12-08 11:13:39', 'ebegu:Kanton Solothurn', 'ebegu:Kanton Solothurn', 0, 'GEMEINDE_MAHLZEITENVERGUENSTIGUNG_ENABLED', 'false', @testgemeinde_grenchen_id, @gesuchperiode_22_23_id, @mandant_id_solothurn, null);
INSERT IGNORE INTO einstellung (id, timestamp_erstellt, timestamp_mutiert, user_erstellt, user_mutiert, version, einstellung_key, value, gemeinde_id, gesuchsperiode_id, mandant_id, erklaerung) VALUES (UNHEX('6E7FEEE425D24AF8874BD706EE760C8F'), '2023-12-08 11:13:39', '2023-12-08 11:13:39', 'ebegu:Kanton Solothurn', 'ebegu:Kanton Solothurn', 0, 'GEMEINDE_TAGESSCHULE_ZUSAETZLICHE_ANGABEN_ZUR_ANMELDUNG', 'false', @testgemeinde_grenchen_id, @gesuchperiode_22_23_id, @mandant_id_solothurn, 'Auf der Tagesschulanmeldung werden zusätzliche Angaben zu "Essen", "Allergien und Unverträglichkeiten" sowie "Notfallnummer" erfragt.');
INSERT IGNORE INTO einstellung (id, timestamp_erstellt, timestamp_mutiert, user_erstellt, user_mutiert, version, einstellung_key, value, gemeinde_id, gesuchsperiode_id, mandant_id, erklaerung) VALUES (UNHEX('7824669C837740678EB596AE47C5CA76'), '2023-12-08 11:13:39', '2023-12-08 11:13:39', 'ebegu:Kanton Solothurn', 'ebegu:Kanton Solothurn', 0, 'ZUSCHLAG_BEHINDERUNG_PRO_STD', '6', @testgemeinde_grenchen_id, @gesuchperiode_22_23_id, @mandant_id_solothurn, null);
INSERT IGNORE INTO einstellung (id, timestamp_erstellt, timestamp_mutiert, user_erstellt, user_mutiert, version, einstellung_key, value, gemeinde_id, gesuchsperiode_id, mandant_id, erklaerung) VALUES (UNHEX('792D55E2D0B94D2498E3460E6C711802'), '2023-12-08 11:18:03', '2023-12-08 11:18:03', 'ebegu:Kanton Solothurn', 'ebegu:Kanton Solothurn', 0, 'GEMEINDE_MAHLZEITENVERGUENSTIGUNG_EINKOMMENSSTUFE_1_MAX_EINKOMMEN', '51000', @testgemeinde_solothurn_id, @gesuchperiode_22_23_id, @mandant_id_solothurn, null);
INSERT IGNORE INTO einstellung (id, timestamp_erstellt, timestamp_mutiert, user_erstellt, user_mutiert, version, einstellung_key, value, gemeinde_id, gesuchsperiode_id, mandant_id, erklaerung) VALUES (UNHEX('795F36E4027747808CF753354158DC69'), '2023-12-08 11:13:39', '2023-12-08 11:13:39', 'ebegu:Kanton Solothurn', 'ebegu:Kanton Solothurn', 0, 'MAX_MASSGEBENDES_EINKOMMEN', '160000', @testgemeinde_grenchen_id, @gesuchperiode_22_23_id, @mandant_id_solothurn, null);
INSERT IGNORE INTO einstellung (id, timestamp_erstellt, timestamp_mutiert, user_erstellt, user_mutiert, version, einstellung_key, value, gemeinde_id, gesuchsperiode_id, mandant_id, erklaerung) VALUES (UNHEX('7A361674740A47AFA4513C555A6C8A30'), '2023-12-08 11:18:03', '2023-12-08 11:18:03', 'ebegu:Kanton Solothurn', 'ebegu:Kanton Solothurn', 0, 'GEMEINDE_PAUSCHALBETRAG_HOHE_EINKOMMENSKLASSEN_BETRAG_TFO', '0.8', @testgemeinde_solothurn_id, @gesuchperiode_22_23_id, @mandant_id_solothurn, null);
INSERT IGNORE INTO einstellung (id, timestamp_erstellt, timestamp_mutiert, user_erstellt, user_mutiert, version, einstellung_key, value, gemeinde_id, gesuchsperiode_id, mandant_id, erklaerung) VALUES (UNHEX('7CFE85B11C8545159A1ED6880D7314F4'), '2023-12-08 11:18:03', '2023-12-08 11:18:03', 'ebegu:Kanton Solothurn', 'ebegu:Kanton Solothurn', 0, 'GEMEINDE_ZUSAETZLICHER_ANSPRUCH_FREIWILLIGENARBEIT_ENABLED', 'false', @testgemeinde_solothurn_id, @gesuchperiode_22_23_id, @mandant_id_solothurn, null);
INSERT IGNORE INTO einstellung (id, timestamp_erstellt, timestamp_mutiert, user_erstellt, user_mutiert, version, einstellung_key, value, gemeinde_id, gesuchsperiode_id, mandant_id, erklaerung) VALUES (UNHEX('7F3089D0BC9D4634BB45B26729DFD08A'), '2023-12-08 11:13:39', '2023-12-08 11:13:39', 'ebegu:Kanton Solothurn', 'ebegu:Kanton Solothurn', 0, 'GEMEINDE_PAUSCHALBETRAG_HOHE_EINKOMMENSKLASSEN_BETRAG_TFO_AB_PRIMARSCHULE', '0', @testgemeinde_grenchen_id, @gesuchperiode_22_23_id, @mandant_id_solothurn, null);
INSERT IGNORE INTO einstellung (id, timestamp_erstellt, timestamp_mutiert, user_erstellt, user_mutiert, version, einstellung_key, value, gemeinde_id, gesuchsperiode_id, mandant_id, erklaerung) VALUES (UNHEX('851307983E8B42E89FEFD88ADEE10D15'), '2023-12-08 11:13:39', '2023-12-08 11:13:39', 'ebegu:Kanton Solothurn', 'ebegu:Kanton Solothurn', 0, 'MAX_VERGUENSTIGUNG_VORSCHULE_KIND_PRO_TG', '95', @testgemeinde_grenchen_id, @gesuchperiode_22_23_id, @mandant_id_solothurn, null);
INSERT IGNORE INTO einstellung (id, timestamp_erstellt, timestamp_mutiert, user_erstellt, user_mutiert, version, einstellung_key, value, gemeinde_id, gesuchsperiode_id, mandant_id, erklaerung) VALUES (UNHEX('8DCB347CDE8F4450AF2CCF0C800BAE57'), '2023-12-08 11:13:39', '2023-12-08 11:13:39', 'ebegu:Kanton Solothurn', 'ebegu:Kanton Solothurn', 0, 'GEMEINDE_KEIN_GUTSCHEIN_FUER_SOZIALHILFE_EMPFAENGER', 'false', @testgemeinde_grenchen_id, @gesuchperiode_22_23_id, @mandant_id_solothurn, null);
INSERT IGNORE INTO einstellung (id, timestamp_erstellt, timestamp_mutiert, user_erstellt, user_mutiert, version, einstellung_key, value, gemeinde_id, gesuchsperiode_id, mandant_id, erklaerung) VALUES (UNHEX('9222CD5928684597AAD5D9699B40CC86'), '2023-12-08 11:18:03', '2023-12-08 11:18:03', 'ebegu:Kanton Solothurn', 'ebegu:Kanton Solothurn', 0, 'GEMEINDE_ZUSAETZLICHER_GUTSCHEIN_ENABLED', 'false', @testgemeinde_solothurn_id, @gesuchperiode_22_23_id, @mandant_id_solothurn, null);
INSERT IGNORE INTO einstellung (id, timestamp_erstellt, timestamp_mutiert, user_erstellt, user_mutiert, version, einstellung_key, value, gemeinde_id, gesuchsperiode_id, mandant_id, erklaerung) VALUES (UNHEX('93C1168E1DDD4B0EA2409E93A2EF64CA'), '2023-12-08 11:13:39', '2023-12-08 11:13:39', 'ebegu:Kanton Solothurn', 'ebegu:Kanton Solothurn', 0, 'GEMEINDE_PAUSCHALBETRAG_HOHE_EINKOMMENSKLASSEN_BETRAG_KITA', '0', @testgemeinde_grenchen_id, @gesuchperiode_22_23_id, @mandant_id_solothurn, null);
INSERT IGNORE INTO einstellung (id, timestamp_erstellt, timestamp_mutiert, user_erstellt, user_mutiert, version, einstellung_key, value, gemeinde_id, gesuchsperiode_id, mandant_id, erklaerung) VALUES (UNHEX('976982E5B5A94D148A6D6732BFA8DFA9'), '2023-12-08 11:13:39', '2023-12-08 11:13:39', 'ebegu:Kanton Solothurn', 'ebegu:Kanton Solothurn', 0, 'GEMEINDE_BG_BIS_UND_MIT_SCHULSTUFE', 'KINDERGARTEN2', @testgemeinde_grenchen_id, @gesuchperiode_22_23_id, @mandant_id_solothurn, null);
INSERT IGNORE INTO einstellung (id, timestamp_erstellt, timestamp_mutiert, user_erstellt, user_mutiert, version, einstellung_key, value, gemeinde_id, gesuchsperiode_id, mandant_id, erklaerung) VALUES (UNHEX('98F77F19A0C642A39BECCCDD382EB7BA'), '2023-12-08 11:13:39', '2023-12-08 11:13:39', 'ebegu:Kanton Solothurn', 'ebegu:Kanton Solothurn', 0, 'GEMEINDE_TAGESSCHULE_ERSTER_SCHULTAG', '01.08.2022', @testgemeinde_grenchen_id, @gesuchperiode_22_23_id, @mandant_id_solothurn, null);
INSERT IGNORE INTO einstellung (id, timestamp_erstellt, timestamp_mutiert, user_erstellt, user_mutiert, version, einstellung_key, value, gemeinde_id, gesuchsperiode_id, mandant_id, erklaerung) VALUES (UNHEX('9994B96F0BA146729C845A01BD9FE407'), '2023-12-08 11:13:39', '2023-12-08 11:13:39', 'ebegu:Kanton Solothurn', 'ebegu:Kanton Solothurn', 0, 'GEMEINDE_ZUSAETZLICHER_GUTSCHEIN_BIS_UND_MIT_SCHULSTUFE_TFO', 'VORSCHULALTER', @testgemeinde_grenchen_id, @gesuchperiode_22_23_id, @mandant_id_solothurn, null);
INSERT IGNORE INTO einstellung (id, timestamp_erstellt, timestamp_mutiert, user_erstellt, user_mutiert, version, einstellung_key, value, gemeinde_id, gesuchsperiode_id, mandant_id, erklaerung) VALUES (UNHEX('9C61771B12E7458CB927EF43343F0653'), '2023-12-08 11:18:03', '2023-12-08 11:18:03', 'ebegu:Kanton Solothurn', 'ebegu:Kanton Solothurn', 0, 'GEMEINDE_BG_BIS_UND_MIT_SCHULSTUFE', 'KINDERGARTEN2', @testgemeinde_solothurn_id, @gesuchperiode_22_23_id, @mandant_id_solothurn, null);
INSERT IGNORE INTO einstellung (id, timestamp_erstellt, timestamp_mutiert, user_erstellt, user_mutiert, version, einstellung_key, value, gemeinde_id, gesuchsperiode_id, mandant_id, erklaerung) VALUES (UNHEX('A222ADEDC9D543B2BD74022013AA544E'), '2023-12-08 11:18:03', '2023-12-08 11:18:03', 'ebegu:Kanton Solothurn', 'ebegu:Kanton Solothurn', 0, 'ZUSCHLAG_BEHINDERUNG_PRO_STD', '6', @testgemeinde_solothurn_id, @gesuchperiode_22_23_id, @mandant_id_solothurn, null);
INSERT IGNORE INTO einstellung (id, timestamp_erstellt, timestamp_mutiert, user_erstellt, user_mutiert, version, einstellung_key, value, gemeinde_id, gesuchsperiode_id, mandant_id, erklaerung) VALUES (UNHEX('A79B1180D49240FBB5281121DCCFF5E2'), '2023-12-08 11:18:03', '2023-12-08 11:18:03', 'ebegu:Kanton Solothurn', 'ebegu:Kanton Solothurn', 0, 'GEMEINDE_MAHLZEITENVERGUENSTIGUNG_ENABLED', 'false', @testgemeinde_solothurn_id, @gesuchperiode_22_23_id, @mandant_id_solothurn, null);
INSERT IGNORE INTO einstellung (id, timestamp_erstellt, timestamp_mutiert, user_erstellt, user_mutiert, version, einstellung_key, value, gemeinde_id, gesuchsperiode_id, mandant_id, erklaerung) VALUES (UNHEX('A8F7DCD1B8FB4551B631CD0A7A00D355'), '2023-12-08 11:18:03', '2023-12-08 11:18:03', 'ebegu:Kanton Solothurn', 'ebegu:Kanton Solothurn', 0, 'GEMEINDE_TAGESSCHULE_ERSTER_SCHULTAG', '01.08.2022', @testgemeinde_solothurn_id, @gesuchperiode_22_23_id, @mandant_id_solothurn, null);
INSERT IGNORE INTO einstellung (id, timestamp_erstellt, timestamp_mutiert, user_erstellt, user_mutiert, version, einstellung_key, value, gemeinde_id, gesuchsperiode_id, mandant_id, erklaerung) VALUES (UNHEX('A95439638C90477E8DA1F0B2DFA1AA39'), '2023-12-08 11:13:39', '2023-12-08 11:13:39', 'ebegu:Kanton Solothurn', 'ebegu:Kanton Solothurn', 0, 'GEMEINDE_MAHLZEITENVERGUENSTIGUNG_EINKOMMENSSTUFE_1_VERGUENSTIGUNG_MAHLZEIT', '6.00', @testgemeinde_grenchen_id, @gesuchperiode_22_23_id, @mandant_id_solothurn, null);
INSERT IGNORE INTO einstellung (id, timestamp_erstellt, timestamp_mutiert, user_erstellt, user_mutiert, version, einstellung_key, value, gemeinde_id, gesuchsperiode_id, mandant_id, erklaerung) VALUES (UNHEX('ADF3C10C0E124E36A15F0C3DBD2F760A'), '2023-12-08 11:18:03', '2023-12-08 11:18:03', 'ebegu:Kanton Solothurn', 'ebegu:Kanton Solothurn', 0, 'GEMEINDE_MAHLZEITENVERGUENSTIGUNG_EINKOMMENSSTUFE_2_MAX_EINKOMMEN', '70000', @testgemeinde_solothurn_id, @gesuchperiode_22_23_id, @mandant_id_solothurn, null);
INSERT IGNORE INTO einstellung (id, timestamp_erstellt, timestamp_mutiert, user_erstellt, user_mutiert, version, einstellung_key, value, gemeinde_id, gesuchsperiode_id, mandant_id, erklaerung) VALUES (UNHEX('B2E660DBAAF945928913C6E46289EAFE'), '2023-12-08 11:13:39', '2023-12-08 11:13:39', 'ebegu:Kanton Solothurn', 'ebegu:Kanton Solothurn', 0, 'GEMEINDE_MAHLZEITENVERGUENSTIGUNG_EINKOMMENSSTUFE_2_MAX_EINKOMMEN', '70000', @testgemeinde_grenchen_id, @gesuchperiode_22_23_id, @mandant_id_solothurn, null);
INSERT IGNORE INTO einstellung (id, timestamp_erstellt, timestamp_mutiert, user_erstellt, user_mutiert, version, einstellung_key, value, gemeinde_id, gesuchsperiode_id, mandant_id, erklaerung) VALUES (UNHEX('B51CE0B3BFC24E1497C90B52405D3247'), '2023-12-08 11:18:03', '2023-12-08 11:18:03', 'ebegu:Kanton Solothurn', 'ebegu:Kanton Solothurn', 0, 'GEMEINDE_ZUSAETZLICHER_GUTSCHEIN_BETRAG_TFO', '0.00', @testgemeinde_solothurn_id, @gesuchperiode_22_23_id, @mandant_id_solothurn, null);
INSERT IGNORE INTO einstellung (id, timestamp_erstellt, timestamp_mutiert, user_erstellt, user_mutiert, version, einstellung_key, value, gemeinde_id, gesuchsperiode_id, mandant_id, erklaerung) VALUES (UNHEX('B5D436A479624595A7E958EAD8AAB8BA'), '2023-12-08 11:18:03', '2023-12-08 11:18:03', 'ebegu:Kanton Solothurn', 'ebegu:Kanton Solothurn', 0, 'MIN_VERGUENSTIGUNG_PRO_TG', '30', @testgemeinde_solothurn_id, @gesuchperiode_22_23_id, @mandant_id_solothurn, null);
INSERT IGNORE INTO einstellung (id, timestamp_erstellt, timestamp_mutiert, user_erstellt, user_mutiert, version, einstellung_key, value, gemeinde_id, gesuchsperiode_id, mandant_id, erklaerung) VALUES (UNHEX('B5FA4A3DD10241F691BD9F95374E6AED'), '2023-12-08 11:18:03', '2023-12-08 11:18:03', 'ebegu:Kanton Solothurn', 'ebegu:Kanton Solothurn', 0, 'GEMEINDE_PAUSCHALBETRAG_HOHE_EINKOMMENSKLASSEN_BETRAG_TFO_AB_PRIMARSCHULE', '0.6', @testgemeinde_solothurn_id, @gesuchperiode_22_23_id, @mandant_id_solothurn, null);
INSERT IGNORE INTO einstellung (id, timestamp_erstellt, timestamp_mutiert, user_erstellt, user_mutiert, version, einstellung_key, value, gemeinde_id, gesuchsperiode_id, mandant_id, erklaerung) VALUES (UNHEX('BA37829E408346AEBDAB6220FDFD55FA'), '2023-12-08 11:13:39', '2023-12-08 11:13:39', 'ebegu:Kanton Solothurn', 'ebegu:Kanton Solothurn', 0, 'MIN_VERGUENSTIGUNG_PRO_TG', '30', @testgemeinde_grenchen_id, @gesuchperiode_22_23_id, @mandant_id_solothurn, null);
INSERT IGNORE INTO einstellung (id, timestamp_erstellt, timestamp_mutiert, user_erstellt, user_mutiert, version, einstellung_key, value, gemeinde_id, gesuchsperiode_id, mandant_id, erklaerung) VALUES (UNHEX('BAAEF6E8C7B0488F81CA567E37AD9635'), '2023-12-08 11:13:39', '2023-12-08 11:13:39', 'ebegu:Kanton Solothurn', 'ebegu:Kanton Solothurn', 0, 'GEMEINDE_ZUSAETZLICHER_GUTSCHEIN_BIS_UND_MIT_SCHULSTUFE_KITA', 'VORSCHULALTER', @testgemeinde_grenchen_id, @gesuchperiode_22_23_id, @mandant_id_solothurn, null);
INSERT IGNORE INTO einstellung (id, timestamp_erstellt, timestamp_mutiert, user_erstellt, user_mutiert, version, einstellung_key, value, gemeinde_id, gesuchsperiode_id, mandant_id, erklaerung) VALUES (UNHEX('BCF8911972864DC280E89D0D54527292'), '2023-12-08 11:13:39', '2023-12-08 11:13:39', 'ebegu:Kanton Solothurn', 'ebegu:Kanton Solothurn', 0, 'GEMEINDE_ZUSAETZLICHER_GUTSCHEIN_BETRAG_KITA', '0.00', @testgemeinde_grenchen_id, @gesuchperiode_22_23_id, @mandant_id_solothurn, null);
INSERT IGNORE INTO einstellung (id, timestamp_erstellt, timestamp_mutiert, user_erstellt, user_mutiert, version, einstellung_key, value, gemeinde_id, gesuchsperiode_id, mandant_id, erklaerung) VALUES (UNHEX('BD7E0D33ABE64B478A30729B718A7649'), '2023-12-08 11:13:39', '2023-12-08 11:13:39', 'ebegu:Kanton Solothurn', 'ebegu:Kanton Solothurn', 0, 'MAX_VERGUENSTIGUNG_VORSCHULE_BABY_PRO_TG', '140', @testgemeinde_grenchen_id, @gesuchperiode_22_23_id, @mandant_id_solothurn, null);
INSERT IGNORE INTO einstellung (id, timestamp_erstellt, timestamp_mutiert, user_erstellt, user_mutiert, version, einstellung_key, value, gemeinde_id, gesuchsperiode_id, mandant_id, erklaerung) VALUES (UNHEX('BDBFAEE3580B46989ABCDC5523FBA393'), '2023-12-08 11:18:03', '2023-12-08 11:18:03', 'ebegu:Kanton Solothurn', 'ebegu:Kanton Solothurn', 0, 'MIN_VERGUENSTIGUNG_PRO_STD', '3', @testgemeinde_solothurn_id, @gesuchperiode_22_23_id, @mandant_id_solothurn, null);
INSERT IGNORE INTO einstellung (id, timestamp_erstellt, timestamp_mutiert, user_erstellt, user_mutiert, version, einstellung_key, value, gemeinde_id, gesuchsperiode_id, mandant_id, erklaerung) VALUES (UNHEX('BEBDBB16B0884A239804314FE481083E'), '2023-12-08 11:13:39', '2023-12-08 11:13:39', 'ebegu:Kanton Solothurn', 'ebegu:Kanton Solothurn', 0, 'MAX_VERGUENSTIGUNG_PRIMAR_PRO_STD', '7', @testgemeinde_grenchen_id, @gesuchperiode_22_23_id, @mandant_id_solothurn, null);
INSERT IGNORE INTO einstellung (id, timestamp_erstellt, timestamp_mutiert, user_erstellt, user_mutiert, version, einstellung_key, value, gemeinde_id, gesuchsperiode_id, mandant_id, erklaerung) VALUES (UNHEX('C8AD58C4B4914BA3BE6EA42486EF1F8B'), '2023-12-08 11:18:03', '2023-12-08 11:18:03', 'ebegu:Kanton Solothurn', 'ebegu:Kanton Solothurn', 0, 'GEMEINDE_ZUSAETZLICHER_GUTSCHEIN_BIS_UND_MIT_SCHULSTUFE_KITA', 'VORSCHULALTER', @testgemeinde_solothurn_id, @gesuchperiode_22_23_id, @mandant_id_solothurn, null);
INSERT IGNORE INTO einstellung (id, timestamp_erstellt, timestamp_mutiert, user_erstellt, user_mutiert, version, einstellung_key, value, gemeinde_id, gesuchsperiode_id, mandant_id, erklaerung) VALUES (UNHEX('C93A30660C074543BA0B501A41766DC7'), '2023-12-08 11:13:39', '2023-12-08 11:13:39', 'ebegu:Kanton Solothurn', 'ebegu:Kanton Solothurn', 0, 'GEMEINDE_MAHLZEITENVERGUENSTIGUNG_EINKOMMENSSTUFE_1_MAX_EINKOMMEN', '51000', @testgemeinde_grenchen_id, @gesuchperiode_22_23_id, @mandant_id_solothurn, null);
INSERT IGNORE INTO einstellung (id, timestamp_erstellt, timestamp_mutiert, user_erstellt, user_mutiert, version, einstellung_key, value, gemeinde_id, gesuchsperiode_id, mandant_id, erklaerung) VALUES (UNHEX('C97448B1AA014949A954753E3B048146'), '2023-12-08 11:13:39', '2023-12-08 11:13:39', 'ebegu:Kanton Solothurn', 'ebegu:Kanton Solothurn', 0, 'GEMEINDE_ZUSAETZLICHER_BABYBEITRAG_BETRAG_KITA', '0.00', @testgemeinde_grenchen_id, @gesuchperiode_22_23_id, @mandant_id_solothurn, null);
INSERT IGNORE INTO einstellung (id, timestamp_erstellt, timestamp_mutiert, user_erstellt, user_mutiert, version, einstellung_key, value, gemeinde_id, gesuchsperiode_id, mandant_id, erklaerung) VALUES (UNHEX('C9D86D06F0984EBF9D39877A5D127DF0'), '2023-12-08 11:18:03', '2023-12-08 11:18:03', 'ebegu:Kanton Solothurn', 'ebegu:Kanton Solothurn', 0, 'GEMEINDE_ZUSAETZLICHER_BABYBEITRAG_ENABLED', 'false', @testgemeinde_solothurn_id, @gesuchperiode_22_23_id, @mandant_id_solothurn, null);
INSERT IGNORE INTO einstellung (id, timestamp_erstellt, timestamp_mutiert, user_erstellt, user_mutiert, version, einstellung_key, value, gemeinde_id, gesuchsperiode_id, mandant_id, erklaerung) VALUES (UNHEX('CE98298AB4184A9EA38FFA2BC8BA2027'), '2023-12-08 11:18:03', '2023-12-08 11:18:03', 'ebegu:Kanton Solothurn', 'ebegu:Kanton Solothurn', 0, 'GEMEINDE_SCHNITTSTELLE_KITAX_ENABLED', 'false', @testgemeinde_solothurn_id, @gesuchperiode_22_23_id, @mandant_id_solothurn, null);
INSERT IGNORE INTO einstellung (id, timestamp_erstellt, timestamp_mutiert, user_erstellt, user_mutiert, version, einstellung_key, value, gemeinde_id, gesuchsperiode_id, mandant_id, erklaerung) VALUES (UNHEX('D0CED638CCCD47AF98EA7ED3295A6131'), '2023-12-08 11:13:39', '2023-12-08 11:13:39', 'ebegu:Kanton Solothurn', 'ebegu:Kanton Solothurn', 0, 'GEMEINDE_ZUSAETZLICHER_GUTSCHEIN_ENABLED', 'false', @testgemeinde_grenchen_id, @gesuchperiode_22_23_id, @mandant_id_solothurn, null);
INSERT IGNORE INTO einstellung (id, timestamp_erstellt, timestamp_mutiert, user_erstellt, user_mutiert, version, einstellung_key, value, gemeinde_id, gesuchsperiode_id, mandant_id, erklaerung) VALUES (UNHEX('D159E359A3E7467EA09369ED30A08B23'), '2023-12-08 11:18:03', '2023-12-08 11:18:03', 'ebegu:Kanton Solothurn', 'ebegu:Kanton Solothurn', 0, 'MAX_MASSGEBENDES_EINKOMMEN', '200000', @testgemeinde_solothurn_id, @gesuchperiode_22_23_id, @mandant_id_solothurn, null);
INSERT IGNORE INTO einstellung (id, timestamp_erstellt, timestamp_mutiert, user_erstellt, user_mutiert, version, einstellung_key, value, gemeinde_id, gesuchsperiode_id, mandant_id, erklaerung) VALUES (UNHEX('D57DC91622C64231B1A5A99207A0FA18'), '2023-12-08 11:18:03', '2023-12-08 11:18:03', 'ebegu:Kanton Solothurn', 'ebegu:Kanton Solothurn', 0, 'GEMEINDE_MIN_ERWERBSPENSUM_NICHT_EINGESCHULT', '20', @testgemeinde_solothurn_id, @gesuchperiode_22_23_id, @mandant_id_solothurn, null);
INSERT IGNORE INTO einstellung (id, timestamp_erstellt, timestamp_mutiert, user_erstellt, user_mutiert, version, einstellung_key, value, gemeinde_id, gesuchsperiode_id, mandant_id, erklaerung) VALUES (UNHEX('D7CE0E69FB334C17A33AE0B6FFDF3F4F'), '2023-12-08 11:13:39', '2023-12-08 11:13:39', 'ebegu:Kanton Solothurn', 'ebegu:Kanton Solothurn', 0, 'ABHAENGIGKEIT_ANSPRUCH_BESCHAEFTIGUNGPENSUM', 'UNABHAENGING', @testgemeinde_grenchen_id, @gesuchperiode_22_23_id, @mandant_id_solothurn, 'Die Einstellung kann 3 Werte haben ABHAENGING, UNABHAENGING oder MINIMUM. Abhängig = Der Anspruch hängt vom Beschäftigungspensum ab (wie in Bern) Unabhängig = Der Anspruch hängt nicht vom Beschäftigungspensum ab (wie in Solothurn) Minimal = Es muss ein minimum an Beschäftigungspensum erreicht werden um einen Anspruch zu erhalten (wie in Grenchen)');
INSERT IGNORE INTO einstellung (id, timestamp_erstellt, timestamp_mutiert, user_erstellt, user_mutiert, version, einstellung_key, value, gemeinde_id, gesuchsperiode_id, mandant_id, erklaerung) VALUES (UNHEX('DA5E075419A8467297A5E94A7256E2E9'), '2023-12-08 11:13:39', '2023-12-08 11:13:39', 'ebegu:Kanton Solothurn', 'ebegu:Kanton Solothurn', 0, 'ZUSCHLAG_BEHINDERUNG_PRO_TG', '60', @testgemeinde_grenchen_id, @gesuchperiode_22_23_id, @mandant_id_solothurn, null);
INSERT IGNORE INTO einstellung (id, timestamp_erstellt, timestamp_mutiert, user_erstellt, user_mutiert, version, einstellung_key, value, gemeinde_id, gesuchsperiode_id, mandant_id, erklaerung) VALUES (UNHEX('DB0B90BCABBA4D3780546E8AA5AEF9C2'), '2023-12-08 11:18:03', '2023-12-08 11:18:03', 'ebegu:Kanton Solothurn', 'ebegu:Kanton Solothurn', 0, 'GEMEINDE_ZUSAETZLICHER_ANSPRUCH_FREIWILLIGENARBEIT_MAXPROZENT', '0', @testgemeinde_solothurn_id, @gesuchperiode_22_23_id, @mandant_id_solothurn, null);
INSERT IGNORE INTO einstellung (id, timestamp_erstellt, timestamp_mutiert, user_erstellt, user_mutiert, version, einstellung_key, value, gemeinde_id, gesuchsperiode_id, mandant_id, erklaerung) VALUES (UNHEX('E24F0A40D8704B2A9C0EB7AE95151008'), '2023-12-08 11:13:39', '2023-12-08 11:13:39', 'ebegu:Kanton Solothurn', 'ebegu:Kanton Solothurn', 0, 'MIN_MASSGEBENDES_EINKOMMEN', '40000', @testgemeinde_grenchen_id, @gesuchperiode_22_23_id, @mandant_id_solothurn, null);
INSERT IGNORE INTO einstellung (id, timestamp_erstellt, timestamp_mutiert, user_erstellt, user_mutiert, version, einstellung_key, value, gemeinde_id, gesuchsperiode_id, mandant_id, erklaerung) VALUES (UNHEX('E4BB6779B0D64FB49911ACB8956036A1'), '2023-12-08 11:13:39', '2023-12-08 11:13:39', 'ebegu:Kanton Solothurn', 'ebegu:Kanton Solothurn', 0, 'GEMEINDE_TAGESSCHULE_TAGIS_ENABLED', 'false', @testgemeinde_grenchen_id, @gesuchperiode_22_23_id, @mandant_id_solothurn, null);
INSERT IGNORE INTO einstellung (id, timestamp_erstellt, timestamp_mutiert, user_erstellt, user_mutiert, version, einstellung_key, value, gemeinde_id, gesuchsperiode_id, mandant_id, erklaerung) VALUES (UNHEX('E5274C4752EB4A4BAB00419C80A9A753'), '2023-12-08 11:13:39', '2023-12-08 11:13:39', 'ebegu:Kanton Solothurn', 'ebegu:Kanton Solothurn', 0, 'GEMEINDE_MIN_ERWERBSPENSUM_EINGESCHULT', '40', @testgemeinde_grenchen_id, @gesuchperiode_22_23_id, @mandant_id_solothurn, null);
INSERT IGNORE INTO einstellung (id, timestamp_erstellt, timestamp_mutiert, user_erstellt, user_mutiert, version, einstellung_key, value, gemeinde_id, gesuchsperiode_id, mandant_id, erklaerung) VALUES (UNHEX('E61D734232374B7395593A3F9B96613C'), '2023-12-08 11:18:03', '2023-12-08 11:18:03', 'ebegu:Kanton Solothurn', 'ebegu:Kanton Solothurn', 0, 'MIN_MASSGEBENDES_EINKOMMEN', '40000', @testgemeinde_solothurn_id, @gesuchperiode_22_23_id, @mandant_id_solothurn, null);
INSERT IGNORE INTO einstellung (id, timestamp_erstellt, timestamp_mutiert, user_erstellt, user_mutiert, version, einstellung_key, value, gemeinde_id, gesuchsperiode_id, mandant_id, erklaerung) VALUES (UNHEX('EA026BF5A9CC494191126D548517B2AF'), '2023-12-08 11:18:03', '2023-12-08 11:18:03', 'ebegu:Kanton Solothurn', 'ebegu:Kanton Solothurn', 0, 'GEMEINDE_MAHLZEITENVERGUENSTIGUNG_EINKOMMENSSTUFE_2_VERGUENSTIGUNG_MAHLZEIT', '3.00', @testgemeinde_solothurn_id, @gesuchperiode_22_23_id, @mandant_id_solothurn, null);
INSERT IGNORE INTO einstellung (id, timestamp_erstellt, timestamp_mutiert, user_erstellt, user_mutiert, version, einstellung_key, value, gemeinde_id, gesuchsperiode_id, mandant_id, erklaerung) VALUES (UNHEX('F1E39D019AB24FCCADE291CB42CFF0D2'), '2023-12-08 11:18:03', '2023-12-08 11:18:03', 'ebegu:Kanton Solothurn', 'ebegu:Kanton Solothurn', 0, 'GEMEINDE_PAUSCHALBETRAG_HOHE_EINKOMMENSKLASSEN_BETRAG_KITA', '8', @testgemeinde_solothurn_id, @gesuchperiode_22_23_id, @mandant_id_solothurn, null);
INSERT IGNORE INTO einstellung (id, timestamp_erstellt, timestamp_mutiert, user_erstellt, user_mutiert, version, einstellung_key, value, gemeinde_id, gesuchsperiode_id, mandant_id, erklaerung) VALUES (UNHEX('F4ED6AB7EA804733B910D2555E9D6A07'), '2023-12-08 11:18:03', '2023-12-08 11:18:03', 'ebegu:Kanton Solothurn', 'ebegu:Kanton Solothurn', 0, 'GEMEINDE_TAGESSCHULE_ZUSAETZLICHE_ANGABEN_ZUR_ANMELDUNG', 'false', @testgemeinde_solothurn_id, @gesuchperiode_22_23_id, @mandant_id_solothurn, 'Auf der Tagesschulanmeldung werden zusätzliche Angaben zu "Essen", "Allergien und Unverträglichkeiten" sowie "Notfallnummer" erfragt.');
INSERT IGNORE INTO einstellung (id, timestamp_erstellt, timestamp_mutiert, user_erstellt, user_mutiert, version, einstellung_key, value, gemeinde_id, gesuchsperiode_id, mandant_id, erklaerung) VALUES (UNHEX('F8EDADAAA99B40C6B6967E687C65AEC3'), '2023-12-08 11:18:03', '2023-12-08 11:18:03', 'ebegu:Kanton Solothurn', 'ebegu:Kanton Solothurn', 0, 'MAX_VERGUENSTIGUNG_KINDERGARTEN_PRO_TG', '95', @testgemeinde_solothurn_id, @gesuchperiode_22_23_id, @mandant_id_solothurn, null);
INSERT IGNORE INTO einstellung (id, timestamp_erstellt, timestamp_mutiert, user_erstellt, user_mutiert, version, einstellung_key, value, gemeinde_id, gesuchsperiode_id, mandant_id, erklaerung) VALUES (UNHEX('FA6277F2AA6C440EA44210C64E697F10'), '2023-12-08 11:18:03', '2023-12-08 11:18:03', 'ebegu:Kanton Solothurn', 'ebegu:Kanton Solothurn', 0, 'ZUSCHLAG_BEHINDERUNG_PRO_TG', '60', @testgemeinde_solothurn_id, @gesuchperiode_22_23_id, @mandant_id_solothurn, null);
INSERT IGNORE INTO einstellung (id, timestamp_erstellt, timestamp_mutiert, user_erstellt, user_mutiert, version, einstellung_key, value, gemeinde_id, gesuchsperiode_id, mandant_id, erklaerung) VALUES (UNHEX('FBFF1D5C083B4BAAB90A9AA2BBCF5F44'), '2023-12-08 11:18:03', '2023-12-08 11:18:03', 'ebegu:Kanton Solothurn', 'ebegu:Kanton Solothurn', 0, 'GEMEINDE_TAGESSCHULE_ANMELDUNGEN_DATUM_AB', '01.08.2022', @testgemeinde_solothurn_id, @gesuchperiode_22_23_id, @mandant_id_solothurn, null);
INSERT IGNORE INTO einstellung (id, timestamp_erstellt, timestamp_mutiert, user_erstellt, user_mutiert, version, einstellung_key, value, gemeinde_id, gesuchsperiode_id, mandant_id, erklaerung) VALUES (UNHEX('FCF8741523BA41C7B22FC4107D2E64AC'), '2023-12-08 11:13:39', '2023-12-08 11:13:39', 'ebegu:Kanton Solothurn', 'ebegu:Kanton Solothurn', 0, 'MAX_VERGUENSTIGUNG_VORSCHULE_BABY_PRO_STD', '14', @testgemeinde_grenchen_id, @gesuchperiode_22_23_id, @mandant_id_solothurn, null);

# Gesuchsperiode 23/24 Einstellungen
INSERT IGNORE INTO einstellung (id, timestamp_erstellt, timestamp_mutiert, user_erstellt, user_mutiert, version, einstellung_key, value, gemeinde_id, gesuchsperiode_id, mandant_id, erklaerung) VALUES (UNHEX('0001CCBD068246EBA65E9BA5FCA774B0'), '2023-12-08 11:11:27', '2023-12-08 11:12:45', 'ebegu:Kanton Solothurn', 'ebegu:Kanton Solothurn', 1, 'PARAM_PENSUM_KITA_MIN', '0', null, @gesuchperiode_23_24_id, null, null);
INSERT IGNORE INTO einstellung (id, timestamp_erstellt, timestamp_mutiert, user_erstellt, user_mutiert, version, einstellung_key, value, gemeinde_id, gesuchsperiode_id, mandant_id, erklaerung) VALUES (UNHEX('0028420AE1F54F29B163941AB22D2ED6'), '2023-12-08 11:11:27', '2023-12-08 11:11:27', 'ebegu:Kanton Solothurn', 'ebegu:Kanton Solothurn', 0, 'GEMEINDE_MAHLZEITENVERGUENSTIGUNG_EINKOMMENSSTUFE_1_VERGUENSTIGUNG_MAHLZEIT', '6.00', null, @gesuchperiode_23_24_id, @mandant_id_solothurn, null);
INSERT IGNORE INTO einstellung (id, timestamp_erstellt, timestamp_mutiert, user_erstellt, user_mutiert, version, einstellung_key, value, gemeinde_id, gesuchsperiode_id, mandant_id, erklaerung) VALUES (UNHEX('011A1B35C9644DC7ACFE821D4D47B529'), '2023-12-08 11:18:03', '2023-12-08 11:18:03', 'ebegu:Kanton Solothurn', 'ebegu:Kanton Solothurn', 0, 'ZUSCHLAG_BEHINDERUNG_PRO_STD', '6', @testgemeinde_grenchen_id, @gesuchperiode_23_24_id, @mandant_id_solothurn, null);
INSERT IGNORE INTO einstellung (id, timestamp_erstellt, timestamp_mutiert, user_erstellt, user_mutiert, version, einstellung_key, value, gemeinde_id, gesuchsperiode_id, mandant_id, erklaerung) VALUES (UNHEX('0154804518B047A88F96AB53B82FBB29'), '2023-12-08 11:18:03', '2023-12-08 11:18:54', 'ebegu:Kanton Solothurn', 'ebegu:Kanton Solothurn', 1, 'ABHAENGIGKEIT_ANSPRUCH_BESCHAEFTIGUNGPENSUM', 'MINIMUM', @testgemeinde_grenchen_id, @gesuchperiode_23_24_id, @mandant_id_solothurn, null);
INSERT IGNORE INTO einstellung (id, timestamp_erstellt, timestamp_mutiert, user_erstellt, user_mutiert, version, einstellung_key, value, gemeinde_id, gesuchsperiode_id, mandant_id, erklaerung) VALUES (UNHEX('016E93A173124FB8A11CF71533182E14'), '2023-12-08 11:13:39', '2023-12-08 11:13:39', 'ebegu:Kanton Solothurn', 'ebegu:Kanton Solothurn', 0, 'MAX_VERGUENSTIGUNG_VORSCHULE_KIND_PRO_TG', '95', @testgemeinde_solothurn_id, @gesuchperiode_23_24_id, @mandant_id_solothurn, null);
INSERT IGNORE INTO einstellung (id, timestamp_erstellt, timestamp_mutiert, user_erstellt, user_mutiert, version, einstellung_key, value, gemeinde_id, gesuchsperiode_id, mandant_id, erklaerung) VALUES (UNHEX('01EDB98D6E544F52A7C6E1F78DF5E544'), '2023-12-08 11:18:03', '2023-12-08 11:18:03', 'ebegu:Kanton Solothurn', 'ebegu:Kanton Solothurn', 0, 'GEMEINDE_MIN_ERWERBSPENSUM_NICHT_EINGESCHULT', '20', @testgemeinde_grenchen_id, @gesuchperiode_23_24_id, @mandant_id_solothurn, null);
INSERT IGNORE INTO einstellung (id, timestamp_erstellt, timestamp_mutiert, user_erstellt, user_mutiert, version, einstellung_key, value, gemeinde_id, gesuchsperiode_id, mandant_id, erklaerung) VALUES (UNHEX('0423FB4C539D4C0791767C5A12E38333'), '2023-12-08 11:11:27', '2023-12-08 11:12:45', 'ebegu:Kanton Solothurn', 'ebegu:Kanton Solothurn', 1, 'MINIMALDAUER_KONKUBINAT', '2', null, @gesuchperiode_23_24_id, null, null);
INSERT IGNORE INTO einstellung (id, timestamp_erstellt, timestamp_mutiert, user_erstellt, user_mutiert, version, einstellung_key, value, gemeinde_id, gesuchsperiode_id, mandant_id, erklaerung) VALUES (UNHEX('04FEB46B27504FB5A795D1B6CF704FA0'), '2023-12-08 11:11:27', '2023-12-08 11:12:45', 'ebegu:Kanton Solothurn', 'ebegu:Kanton Solothurn', 1, 'MAX_TARIF_OHNE_PAEDAGOGISCHER_BETREUUNG', '6.11', null, @gesuchperiode_23_24_id, null, null);
INSERT IGNORE INTO einstellung (id, timestamp_erstellt, timestamp_mutiert, user_erstellt, user_mutiert, version, einstellung_key, value, gemeinde_id, gesuchsperiode_id, mandant_id, erklaerung) VALUES (UNHEX('0549FE1B66EB495388CF7A8184BA3605'), '2023-12-08 11:11:27', '2023-12-08 11:12:45', 'ebegu:Kanton Solothurn', 'ebegu:Kanton Solothurn', 1, 'ERWERBSPENSUM_ZUSCHLAG', '20', null, @gesuchperiode_23_24_id, null, null);
INSERT IGNORE INTO einstellung (id, timestamp_erstellt, timestamp_mutiert, user_erstellt, user_mutiert, version, einstellung_key, value, gemeinde_id, gesuchsperiode_id, mandant_id, erklaerung) VALUES (UNHEX('056D7AEE8C644232B5F8F6F28AB49438'), '2023-12-08 11:13:39', '2023-12-08 11:13:39', 'ebegu:Kanton Solothurn', 'ebegu:Kanton Solothurn', 0, 'GEMEINDE_MIN_ERWERBSPENSUM_EINGESCHULT', '40', @testgemeinde_solothurn_id, @gesuchperiode_23_24_id, @mandant_id_solothurn, null);
INSERT IGNORE INTO einstellung (id, timestamp_erstellt, timestamp_mutiert, user_erstellt, user_mutiert, version, einstellung_key, value, gemeinde_id, gesuchsperiode_id, mandant_id, erklaerung) VALUES (UNHEX('067C84A93D08498895028349C10EED26'), '2023-12-08 11:11:27', '2023-12-08 11:11:27', 'ebegu:Kanton Solothurn', 'ebegu:Kanton Solothurn', 0, 'GEMEINDE_ZUSAETZLICHER_BABYBEITRAG_BETRAG_TFO', '0.00', null, @gesuchperiode_23_24_id, @mandant_id_solothurn, null);
INSERT IGNORE INTO einstellung (id, timestamp_erstellt, timestamp_mutiert, user_erstellt, user_mutiert, version, einstellung_key, value, gemeinde_id, gesuchsperiode_id, mandant_id, erklaerung) VALUES (UNHEX('0AEABD402CCA4AB999438785BB6C485E'), '2023-12-08 11:11:27', '2023-12-08 11:11:27', 'ebegu:Kanton Solothurn', 'ebegu:Kanton Solothurn', 0, 'GEMEINDE_ZUSAETZLICHER_ANSPRUCH_FREIWILLIGENARBEIT_ENABLED', 'false', null, @gesuchperiode_23_24_id, @mandant_id_solothurn, null);
INSERT IGNORE INTO einstellung (id, timestamp_erstellt, timestamp_mutiert, user_erstellt, user_mutiert, version, einstellung_key, value, gemeinde_id, gesuchsperiode_id, mandant_id, erklaerung) VALUES (UNHEX('0B9F27AA3DE841059567C1020C6AB3BA'), '2023-12-08 11:18:03', '2023-12-08 11:18:03', 'ebegu:Kanton Solothurn', 'ebegu:Kanton Solothurn', 0, 'GEMEINDE_ZUSAETZLICHER_ANSPRUCH_FREIWILLIGENARBEIT_MAXPROZENT', '0', @testgemeinde_grenchen_id, @gesuchperiode_23_24_id, @mandant_id_solothurn, null);
INSERT IGNORE INTO einstellung (id, timestamp_erstellt, timestamp_mutiert, user_erstellt, user_mutiert, version, einstellung_key, value, gemeinde_id, gesuchsperiode_id, mandant_id, erklaerung) VALUES (UNHEX('0BBBE65AB9B94751B23CD6F08E9BE6A0'), '2023-12-08 11:11:27', '2023-12-08 11:12:45', 'ebegu:Kanton Solothurn', 'ebegu:Kanton Solothurn', 1, 'FKJV_MAX_PENSUM_AUSSERORDENTLICHER_ANSPRUCH', '100', null, @gesuchperiode_23_24_id, null, null);
INSERT IGNORE INTO einstellung (id, timestamp_erstellt, timestamp_mutiert, user_erstellt, user_mutiert, version, einstellung_key, value, gemeinde_id, gesuchsperiode_id, mandant_id, erklaerung) VALUES (UNHEX('0BD69AE13D5F48E8B4A905E4F32AE546'), '2023-12-08 11:13:39', '2023-12-08 11:13:39', 'ebegu:Kanton Solothurn', 'ebegu:Kanton Solothurn', 0, 'GEMEINDE_MAHLZEITENVERGUENSTIGUNG_EINKOMMENSSTUFE_2_MAX_EINKOMMEN', '70000', @testgemeinde_solothurn_id, @gesuchperiode_23_24_id, @mandant_id_solothurn, null);
INSERT IGNORE INTO einstellung (id, timestamp_erstellt, timestamp_mutiert, user_erstellt, user_mutiert, version, einstellung_key, value, gemeinde_id, gesuchsperiode_id, mandant_id, erklaerung) VALUES (UNHEX('0D09AB639C094FAAB0513E3B9C65E9AB'), '2023-12-08 11:18:03', '2023-12-08 11:18:54', 'ebegu:Kanton Solothurn', 'ebegu:Kanton Solothurn', 1, 'GEMEINDE_KEIN_GUTSCHEIN_FUER_SOZIALHILFE_EMPFAENGER', 'true', @testgemeinde_grenchen_id, @gesuchperiode_23_24_id, @mandant_id_solothurn, null);
INSERT IGNORE INTO einstellung (id, timestamp_erstellt, timestamp_mutiert, user_erstellt, user_mutiert, version, einstellung_key, value, gemeinde_id, gesuchsperiode_id, mandant_id, erklaerung) VALUES (UNHEX('0ECB1468704442DD916C6DA61450F40A'), '2023-12-08 11:11:27', '2023-12-08 11:11:27', 'ebegu:Kanton Solothurn', 'ebegu:Kanton Solothurn', 0, 'GEMEINDE_MIN_ERWERBSPENSUM_EINGESCHULT', '40', null, @gesuchperiode_23_24_id, @mandant_id_solothurn, null);
INSERT IGNORE INTO einstellung (id, timestamp_erstellt, timestamp_mutiert, user_erstellt, user_mutiert, version, einstellung_key, value, gemeinde_id, gesuchsperiode_id, mandant_id, erklaerung) VALUES (UNHEX('120FAEA150E64EDF952060614035DCE5'), '2023-12-08 11:13:39', '2023-12-08 11:13:39', 'ebegu:Kanton Solothurn', 'ebegu:Kanton Solothurn', 0, 'GEMEINDE_PAUSCHALBETRAG_HOHE_EINKOMMENSKLASSEN_BETRAG_TFO_AB_PRIMARSCHULE', '0', @testgemeinde_solothurn_id, @gesuchperiode_23_24_id, @mandant_id_solothurn, null);
INSERT IGNORE INTO einstellung (id, timestamp_erstellt, timestamp_mutiert, user_erstellt, user_mutiert, version, einstellung_key, value, gemeinde_id, gesuchsperiode_id, mandant_id, erklaerung) VALUES (UNHEX('14E3F573608C47CCB8A0615FE6A5E3AF'), '2023-12-08 11:18:03', '2023-12-08 11:18:03', 'ebegu:Kanton Solothurn', 'ebegu:Kanton Solothurn', 0, 'GEMEINDE_TAGESSCHULE_TAGIS_ENABLED', 'false', @testgemeinde_grenchen_id, @gesuchperiode_23_24_id, @mandant_id_solothurn, null);
INSERT IGNORE INTO einstellung (id, timestamp_erstellt, timestamp_mutiert, user_erstellt, user_mutiert, version, einstellung_key, value, gemeinde_id, gesuchsperiode_id, mandant_id, erklaerung) VALUES (UNHEX('1532A61A07C24FB5AF4CFF80E8581400'), '2023-12-08 11:18:03', '2023-12-08 11:18:03', 'ebegu:Kanton Solothurn', 'ebegu:Kanton Solothurn', 0, 'MAX_VERGUENSTIGUNG_VORSCHULE_BABY_PRO_STD', '14', @testgemeinde_grenchen_id, @gesuchperiode_23_24_id, @mandant_id_solothurn, null);
INSERT IGNORE INTO einstellung (id, timestamp_erstellt, timestamp_mutiert, user_erstellt, user_mutiert, version, einstellung_key, value, gemeinde_id, gesuchsperiode_id, mandant_id, erklaerung) VALUES (UNHEX('161024006F2D4F73AE3831D31AE917EF'), '2023-12-08 11:11:27', '2023-12-08 11:12:45', 'ebegu:Kanton Solothurn', 'ebegu:Kanton Solothurn', 1, 'VERFUEGUNG_EXPORT_ENABLED', 'false', null, @gesuchperiode_23_24_id, null, null);
INSERT IGNORE INTO einstellung (id, timestamp_erstellt, timestamp_mutiert, user_erstellt, user_mutiert, version, einstellung_key, value, gemeinde_id, gesuchsperiode_id, mandant_id, erklaerung) VALUES (UNHEX('16B45014393643CB8F3A3D0B990DF576'), '2023-12-08 11:11:27', '2023-12-08 11:11:27', 'ebegu:Kanton Solothurn', 'ebegu:Kanton Solothurn', 0, 'GEMEINDE_MIN_ERWERBSPENSUM_NICHT_EINGESCHULT', '20', null, @gesuchperiode_23_24_id, @mandant_id_solothurn, null);
INSERT IGNORE INTO einstellung (id, timestamp_erstellt, timestamp_mutiert, user_erstellt, user_mutiert, version, einstellung_key, value, gemeinde_id, gesuchsperiode_id, mandant_id, erklaerung) VALUES (UNHEX('18AE9600C4634F8F960913ECE3468CF4'), '2023-12-08 11:11:27', '2023-12-08 11:12:45', 'ebegu:Kanton Solothurn', 'ebegu:Kanton Solothurn', 1, 'MAX_VERGUENSTIGUNG_VORSCHULE_KIND_PRO_STD', '9.5', null, @gesuchperiode_23_24_id, null, null);
INSERT IGNORE INTO einstellung (id, timestamp_erstellt, timestamp_mutiert, user_erstellt, user_mutiert, version, einstellung_key, value, gemeinde_id, gesuchsperiode_id, mandant_id, erklaerung) VALUES (UNHEX('18D9B7CB5F3C4B01AB93655924C1ED96'), '2023-12-08 11:11:27', '2023-12-08 11:12:45', 'ebegu:Kanton Solothurn', 'ebegu:Kanton Solothurn', 1, 'ANSPRUCH_MONATSWEISE', 'false', null, @gesuchperiode_23_24_id, null, null);
INSERT IGNORE INTO einstellung (id, timestamp_erstellt, timestamp_mutiert, user_erstellt, user_mutiert, version, einstellung_key, value, gemeinde_id, gesuchsperiode_id, mandant_id, erklaerung) VALUES (UNHEX('192D47446257473E99A8B97FC36DD598'), '2023-12-08 11:11:27', '2023-12-08 11:12:45', 'ebegu:Kanton Solothurn', 'ebegu:Kanton Solothurn', 1, 'GEMEINDE_KEIN_GUTSCHEIN_FUER_SOZIALHILFE_EMPFAENGER', 'false', null, @gesuchperiode_23_24_id, null, null);
INSERT IGNORE INTO einstellung (id, timestamp_erstellt, timestamp_mutiert, user_erstellt, user_mutiert, version, einstellung_key, value, gemeinde_id, gesuchsperiode_id, mandant_id, erklaerung) VALUES (UNHEX('19AA9D405AB64671A48134EA05CFD445'), '2023-12-08 11:11:27', '2023-12-08 11:12:45', 'ebegu:Kanton Solothurn', 'ebegu:Kanton Solothurn', 1, 'MAX_VERGUENSTIGUNG_VORSCHULE_BABY_PRO_STD', '14', null, @gesuchperiode_23_24_id, null, null);
INSERT IGNORE INTO einstellung (id, timestamp_erstellt, timestamp_mutiert, user_erstellt, user_mutiert, version, einstellung_key, value, gemeinde_id, gesuchsperiode_id, mandant_id, erklaerung) VALUES (UNHEX('1AB59F64CE344CABA4880229C01C301D'), '2023-12-08 11:18:03', '2023-12-08 11:18:03', 'ebegu:Kanton Solothurn', 'ebegu:Kanton Solothurn', 0, 'GEMEINDE_TAGESSCHULE_ANMELDUNGEN_DATUM_AB', '01.08.2023', @testgemeinde_grenchen_id, @gesuchperiode_23_24_id, @mandant_id_solothurn, null);
INSERT IGNORE INTO einstellung (id, timestamp_erstellt, timestamp_mutiert, user_erstellt, user_mutiert, version, einstellung_key, value, gemeinde_id, gesuchsperiode_id, mandant_id, erklaerung) VALUES (UNHEX('1C372A5E9DA34CF9A6084354A5A2B9AC'), '2023-12-08 11:11:27', '2023-12-08 11:11:27', 'ebegu:Kanton Solothurn', 'ebegu:Kanton Solothurn', 0, 'GEMEINDE_ZUSAETZLICHER_GUTSCHEIN_BETRAG_KITA', '0.00', null, @gesuchperiode_23_24_id, @mandant_id_solothurn, null);
INSERT IGNORE INTO einstellung (id, timestamp_erstellt, timestamp_mutiert, user_erstellt, user_mutiert, version, einstellung_key, value, gemeinde_id, gesuchsperiode_id, mandant_id, erklaerung) VALUES (UNHEX('1CE9722757334E5D94FB7947052AEA4B'), '2023-12-08 11:11:27', '2023-12-08 11:12:45', 'ebegu:Kanton Solothurn', 'ebegu:Kanton Solothurn', 1, 'DIPLOMATENSTATUS_DEAKTIVIERT', 'true', null, @gesuchperiode_23_24_id, null, null);
INSERT IGNORE INTO einstellung (id, timestamp_erstellt, timestamp_mutiert, user_erstellt, user_mutiert, version, einstellung_key, value, gemeinde_id, gesuchsperiode_id, mandant_id, erklaerung) VALUES (UNHEX('1D25877DD7EE4016846D05C43E05A9B7'), '2023-12-08 11:11:27', '2023-12-08 11:12:45', 'ebegu:Kanton Solothurn', 'ebegu:Kanton Solothurn', 1, 'OEFFNUNGSTAGE_TFO', '240', null, @gesuchperiode_23_24_id, null, null);
INSERT IGNORE INTO einstellung (id, timestamp_erstellt, timestamp_mutiert, user_erstellt, user_mutiert, version, einstellung_key, value, gemeinde_id, gesuchsperiode_id, mandant_id, erklaerung) VALUES (UNHEX('1E1E1637B22342EDA9310BFCE5966E04'), '2023-12-08 11:13:39', '2023-12-08 11:13:39', 'ebegu:Kanton Solothurn', 'ebegu:Kanton Solothurn', 0, 'GEMEINDE_ZUSAETZLICHER_GUTSCHEIN_BETRAG_TFO', '0.00', @testgemeinde_solothurn_id, @gesuchperiode_23_24_id, @mandant_id_solothurn, null);
INSERT IGNORE INTO einstellung (id, timestamp_erstellt, timestamp_mutiert, user_erstellt, user_mutiert, version, einstellung_key, value, gemeinde_id, gesuchsperiode_id, mandant_id, erklaerung) VALUES (UNHEX('1E4D7EA2A31340F1907B7DF1EFEF5764'), '2023-12-08 11:11:27', '2023-12-08 11:12:45', 'ebegu:Kanton Solothurn', 'ebegu:Kanton Solothurn', 1, 'MIN_ERWERBSPENSUM_NICHT_EINGESCHULT', '20', null, @gesuchperiode_23_24_id, null, null);
INSERT IGNORE INTO einstellung (id, timestamp_erstellt, timestamp_mutiert, user_erstellt, user_mutiert, version, einstellung_key, value, gemeinde_id, gesuchsperiode_id, mandant_id, erklaerung) VALUES (UNHEX('1F6EE85B751C484FA46A3A4E535623B5'), '2023-12-08 11:11:27', '2023-12-08 11:11:27', 'ebegu:Kanton Solothurn', 'ebegu:Kanton Solothurn', 0, 'GEMEINDE_ZUSAETZLICHER_GUTSCHEIN_ENABLED', 'false', null, @gesuchperiode_23_24_id, @mandant_id_solothurn, null);
INSERT IGNORE INTO einstellung (id, timestamp_erstellt, timestamp_mutiert, user_erstellt, user_mutiert, version, einstellung_key, value, gemeinde_id, gesuchsperiode_id, mandant_id, erklaerung) VALUES (UNHEX('20FF564D64A746469641449FB29F22C1'), '2023-12-08 11:18:03', '2023-12-08 11:18:03', 'ebegu:Kanton Solothurn', 'ebegu:Kanton Solothurn', 0, 'GEMEINDE_ZUSAETZLICHER_GUTSCHEIN_BIS_UND_MIT_SCHULSTUFE_TFO', 'VORSCHULALTER', @testgemeinde_grenchen_id, @gesuchperiode_23_24_id, @mandant_id_solothurn, null);
INSERT IGNORE INTO einstellung (id, timestamp_erstellt, timestamp_mutiert, user_erstellt, user_mutiert, version, einstellung_key, value, gemeinde_id, gesuchsperiode_id, mandant_id, erklaerung) VALUES (UNHEX('2260BE6D15B741969E29841E708FB48E'), '2023-12-08 11:13:39', '2023-12-08 11:13:39', 'ebegu:Kanton Solothurn', 'ebegu:Kanton Solothurn', 0, 'GEMEINDE_SCHNITTSTELLE_KITAX_ENABLED', 'false', @testgemeinde_solothurn_id, @gesuchperiode_23_24_id, @mandant_id_solothurn, null);
INSERT IGNORE INTO einstellung (id, timestamp_erstellt, timestamp_mutiert, user_erstellt, user_mutiert, version, einstellung_key, value, gemeinde_id, gesuchsperiode_id, mandant_id, erklaerung) VALUES (UNHEX('2546F6A1D67846DFB0E90C693BE214C9'), '2023-12-08 11:13:39', '2023-12-08 11:13:39', 'ebegu:Kanton Solothurn', 'ebegu:Kanton Solothurn', 0, 'MIN_VERGUENSTIGUNG_PRO_STD', '3', @testgemeinde_solothurn_id, @gesuchperiode_23_24_id, @mandant_id_solothurn, null);
INSERT IGNORE INTO einstellung (id, timestamp_erstellt, timestamp_mutiert, user_erstellt, user_mutiert, version, einstellung_key, value, gemeinde_id, gesuchsperiode_id, mandant_id, erklaerung) VALUES (UNHEX('286DBD47462D44C0AF3B7DA43A1E9ECD'), '2023-12-08 11:11:27', '2023-12-08 11:12:45', 'ebegu:Kanton Solothurn', 'ebegu:Kanton Solothurn', 1, 'SCHNITTSTELLE_STEUERN_AKTIV', 'false', null, @gesuchperiode_23_24_id, null, null);
INSERT IGNORE INTO einstellung (id, timestamp_erstellt, timestamp_mutiert, user_erstellt, user_mutiert, version, einstellung_key, value, gemeinde_id, gesuchsperiode_id, mandant_id, erklaerung) VALUES (UNHEX('2B8DF90CB5A74906B7E2A801DE8237D3'), '2023-12-08 11:11:27', '2023-12-08 11:12:45', 'ebegu:Kanton Solothurn', 'ebegu:Kanton Solothurn', 1, 'MIN_VERGUENSTIGUNG_PRO_STD', '3', null, @gesuchperiode_23_24_id, null, null);
INSERT IGNORE INTO einstellung (id, timestamp_erstellt, timestamp_mutiert, user_erstellt, user_mutiert, version, einstellung_key, value, gemeinde_id, gesuchsperiode_id, mandant_id, erklaerung) VALUES (UNHEX('2D4E138567C0484D9E2DBEAAE0A886F3'), '2023-12-08 11:18:03', '2023-12-08 11:18:54', 'ebegu:Kanton Solothurn', 'ebegu:Kanton Solothurn', 1, 'GEMEINDE_PAUSCHALBETRAG_HOHE_EINKOMMENSKLASSEN_BETRAG_TFO', '0.8', @testgemeinde_grenchen_id, @gesuchperiode_23_24_id, @mandant_id_solothurn, null);
INSERT IGNORE INTO einstellung (id, timestamp_erstellt, timestamp_mutiert, user_erstellt, user_mutiert, version, einstellung_key, value, gemeinde_id, gesuchsperiode_id, mandant_id, erklaerung) VALUES (UNHEX('2DAB9A52B11145389F2CECBA59BD3B63'), '2023-12-08 11:11:27', '2023-12-08 11:12:45', 'ebegu:Kanton Solothurn', 'ebegu:Kanton Solothurn', 1, 'GEMEINDE_PAUSCHALBETRAG_HOHE_EINKOMMENSKLASSEN_BETRAG_TFO', '0', null, @gesuchperiode_23_24_id, null, null);
INSERT IGNORE INTO einstellung (id, timestamp_erstellt, timestamp_mutiert, user_erstellt, user_mutiert, version, einstellung_key, value, gemeinde_id, gesuchsperiode_id, mandant_id, erklaerung) VALUES (UNHEX('2DB0A48D1FFD447FABA838C2597ED534'), '2023-12-08 11:11:27', '2023-12-08 11:11:27', 'ebegu:Kanton Solothurn', 'ebegu:Kanton Solothurn', 0, 'GEMEINDE_TAGESSCHULE_ZUSAETZLICHE_ANGABEN_ZUR_ANMELDUNG', 'false', null, @gesuchperiode_23_24_id, @mandant_id_solothurn, null);
INSERT IGNORE INTO einstellung (id, timestamp_erstellt, timestamp_mutiert, user_erstellt, user_mutiert, version, einstellung_key, value, gemeinde_id, gesuchsperiode_id, mandant_id, erklaerung) VALUES (UNHEX('2E6C909146464794A5D5D3D234536D0C'), '2023-12-08 11:18:03', '2023-12-08 11:18:03', 'ebegu:Kanton Solothurn', 'ebegu:Kanton Solothurn', 0, 'MIN_VERGUENSTIGUNG_PRO_STD', '3', @testgemeinde_grenchen_id, @gesuchperiode_23_24_id, @mandant_id_solothurn, null);
INSERT IGNORE INTO einstellung (id, timestamp_erstellt, timestamp_mutiert, user_erstellt, user_mutiert, version, einstellung_key, value, gemeinde_id, gesuchsperiode_id, mandant_id, erklaerung) VALUES (UNHEX('30E3E708C63848EBA65D4480FF0E5A8A'), '2023-12-08 11:11:27', '2023-12-08 11:12:45', 'ebegu:Kanton Solothurn', 'ebegu:Kanton Solothurn', 1, 'FKJV_EINKOMMENSVERSCHLECHTERUNG_BIS_CHF', 'null', null, @gesuchperiode_23_24_id, null, null);
INSERT IGNORE INTO einstellung (id, timestamp_erstellt, timestamp_mutiert, user_erstellt, user_mutiert, version, einstellung_key, value, gemeinde_id, gesuchsperiode_id, mandant_id, erklaerung) VALUES (UNHEX('35390CF1FF584E1DA628D349D9EE1EA1'), '2023-12-08 11:13:39', '2023-12-08 11:13:39', 'ebegu:Kanton Solothurn', 'ebegu:Kanton Solothurn', 0, 'MAX_VERGUENSTIGUNG_KINDERGARTEN_PRO_STD', '7', @testgemeinde_solothurn_id, @gesuchperiode_23_24_id, @mandant_id_solothurn, null);
INSERT IGNORE INTO einstellung (id, timestamp_erstellt, timestamp_mutiert, user_erstellt, user_mutiert, version, einstellung_key, value, gemeinde_id, gesuchsperiode_id, mandant_id, erklaerung) VALUES (UNHEX('37BC60C0F4BE48959112B0D77E893064'), '2023-12-08 11:11:27', '2023-12-08 11:12:45', 'ebegu:Kanton Solothurn', 'ebegu:Kanton Solothurn', 1, 'FKJV_MAX_DIFFERENZ_BESCHAEFTIGUNGSPENSUM', '100', null, @gesuchperiode_23_24_id, null, null);
INSERT IGNORE INTO einstellung (id, timestamp_erstellt, timestamp_mutiert, user_erstellt, user_mutiert, version, einstellung_key, value, gemeinde_id, gesuchsperiode_id, mandant_id, erklaerung) VALUES (UNHEX('397D4568C652469184133E26B01D5167'), '2023-12-08 11:11:27', '2023-12-08 11:11:27', 'ebegu:Kanton Solothurn', 'ebegu:Kanton Solothurn', 0, 'GEMEINDE_MAHLZEITENVERGUENSTIGUNG_FUER_SOZIALHILFEBEZUEGER_ENABLED', 'false', null, @gesuchperiode_23_24_id, @mandant_id_solothurn, null);
INSERT IGNORE INTO einstellung (id, timestamp_erstellt, timestamp_mutiert, user_erstellt, user_mutiert, version, einstellung_key, value, gemeinde_id, gesuchsperiode_id, mandant_id, erklaerung) VALUES (UNHEX('3A2B7BEF29A54D148ABDD635D3C0E0F0'), '2023-12-08 11:11:27', '2023-12-08 11:12:45', 'ebegu:Kanton Solothurn', 'ebegu:Kanton Solothurn', 1, 'MAX_VERGUENSTIGUNG_PRIMAR_PRO_STD', '7', null, @gesuchperiode_23_24_id, null, null);
INSERT IGNORE INTO einstellung (id, timestamp_erstellt, timestamp_mutiert, user_erstellt, user_mutiert, version, einstellung_key, value, gemeinde_id, gesuchsperiode_id, mandant_id, erklaerung) VALUES (UNHEX('3B37A90F85C9438F89A9F7C96D3B78AA'), '2023-12-08 11:18:03', '2023-12-08 11:18:03', 'ebegu:Kanton Solothurn', 'ebegu:Kanton Solothurn', 0, 'GEMEINDE_MAHLZEITENVERGUENSTIGUNG_MINIMALER_ELTERNBEITRAG_MAHLZEIT', '0.00', @testgemeinde_grenchen_id, @gesuchperiode_23_24_id, @mandant_id_solothurn, null);
INSERT IGNORE INTO einstellung (id, timestamp_erstellt, timestamp_mutiert, user_erstellt, user_mutiert, version, einstellung_key, value, gemeinde_id, gesuchsperiode_id, mandant_id, erklaerung) VALUES (UNHEX('3B77AF9F159646E2951D7C6D050DC6DA'), '2023-12-08 11:18:03', '2023-12-08 11:18:03', 'ebegu:Kanton Solothurn', 'ebegu:Kanton Solothurn', 0, 'GEMEINDE_ZUSAETZLICHER_BABYBEITRAG_BETRAG_KITA', '0.00', @testgemeinde_grenchen_id, @gesuchperiode_23_24_id, @mandant_id_solothurn, null);
INSERT IGNORE INTO einstellung (id, timestamp_erstellt, timestamp_mutiert, user_erstellt, user_mutiert, version, einstellung_key, value, gemeinde_id, gesuchsperiode_id, mandant_id, erklaerung) VALUES (UNHEX('3B8BEAA0C4714859A86853C5A89325E9'), '2023-12-08 11:11:27', '2023-12-08 11:12:45', 'ebegu:Kanton Solothurn', 'ebegu:Kanton Solothurn', 1, 'FACHSTELLE_MAX_PENSUM_SOZIALE_INTEGRATION', '60', null, @gesuchperiode_23_24_id, null, null);
INSERT IGNORE INTO einstellung (id, timestamp_erstellt, timestamp_mutiert, user_erstellt, user_mutiert, version, einstellung_key, value, gemeinde_id, gesuchsperiode_id, mandant_id, erklaerung) VALUES (UNHEX('3C6E1CD5C48D41478FE20D98CB204D95'), '2023-12-08 11:13:39', '2023-12-08 11:13:39', 'ebegu:Kanton Solothurn', 'ebegu:Kanton Solothurn', 0, 'GEMEINDE_MAHLZEITENVERGUENSTIGUNG_EINKOMMENSSTUFE_2_VERGUENSTIGUNG_MAHLZEIT', '3.00', @testgemeinde_solothurn_id, @gesuchperiode_23_24_id, @mandant_id_solothurn, null);
INSERT IGNORE INTO einstellung (id, timestamp_erstellt, timestamp_mutiert, user_erstellt, user_mutiert, version, einstellung_key, value, gemeinde_id, gesuchsperiode_id, mandant_id, erklaerung) VALUES (UNHEX('3E2AB316786244AD9B4B8F9087571894'), '2023-12-08 11:11:27', '2023-12-08 11:12:45', 'ebegu:Kanton Solothurn', 'ebegu:Kanton Solothurn', 1, 'BESONDERE_BEDUERFNISSE_LUZERN', 'false', null, @gesuchperiode_23_24_id, null, null);
INSERT IGNORE INTO einstellung (id, timestamp_erstellt, timestamp_mutiert, user_erstellt, user_mutiert, version, einstellung_key, value, gemeinde_id, gesuchsperiode_id, mandant_id, erklaerung) VALUES (UNHEX('3E7D729039E641758BBCCF56AB75C0D4'), '2023-12-08 11:13:39', '2023-12-08 11:13:39', 'ebegu:Kanton Solothurn', 'ebegu:Kanton Solothurn', 0, 'ABHAENGIGKEIT_ANSPRUCH_BESCHAEFTIGUNGPENSUM', 'UNABHAENGING', @testgemeinde_solothurn_id, @gesuchperiode_23_24_id, @mandant_id_solothurn, null);
INSERT IGNORE INTO einstellung (id, timestamp_erstellt, timestamp_mutiert, user_erstellt, user_mutiert, version, einstellung_key, value, gemeinde_id, gesuchsperiode_id, mandant_id, erklaerung) VALUES (UNHEX('41907DF9C44A4322A6CA60850C6F9D84'), '2023-12-08 11:13:39', '2023-12-08 11:13:39', 'ebegu:Kanton Solothurn', 'ebegu:Kanton Solothurn', 0, 'GEMEINDE_TAGESSCHULE_ZUSAETZLICHE_ANGABEN_ZUR_ANMELDUNG', 'false', @testgemeinde_solothurn_id, @gesuchperiode_23_24_id, @mandant_id_solothurn, null);
INSERT IGNORE INTO einstellung (id, timestamp_erstellt, timestamp_mutiert, user_erstellt, user_mutiert, version, einstellung_key, value, gemeinde_id, gesuchsperiode_id, mandant_id, erklaerung) VALUES (UNHEX('45B2D4F34F464C3F982B456F5E85F6C7'), '2023-12-08 11:13:39', '2023-12-08 11:13:39', 'ebegu:Kanton Solothurn', 'ebegu:Kanton Solothurn', 0, 'GEMEINDE_MAHLZEITENVERGUENSTIGUNG_EINKOMMENSSTUFE_3_VERGUENSTIGUNG_MAHLZEIT', '0', @testgemeinde_solothurn_id, @gesuchperiode_23_24_id, @mandant_id_solothurn, null);
INSERT IGNORE INTO einstellung (id, timestamp_erstellt, timestamp_mutiert, user_erstellt, user_mutiert, version, einstellung_key, value, gemeinde_id, gesuchsperiode_id, mandant_id, erklaerung) VALUES (UNHEX('47D003D9D13E49D2A2659433B37F2372'), '2023-12-08 11:11:27', '2023-12-08 11:12:45', 'ebegu:Kanton Solothurn', 'ebegu:Kanton Solothurn', 1, 'KINDERABZUG_TYP', 'KEINE', null, @gesuchperiode_23_24_id, null, null);
INSERT IGNORE INTO einstellung (id, timestamp_erstellt, timestamp_mutiert, user_erstellt, user_mutiert, version, einstellung_key, value, gemeinde_id, gesuchsperiode_id, mandant_id, erklaerung) VALUES (UNHEX('4982DE11347D46BDBA75D7F8B2B0891F'), '2023-12-08 11:13:39', '2023-12-08 11:13:39', 'ebegu:Kanton Solothurn', 'ebegu:Kanton Solothurn', 0, 'ERWERBSPENSUM_ZUSCHLAG', '20', @testgemeinde_solothurn_id, @gesuchperiode_23_24_id, @mandant_id_solothurn, null);
INSERT IGNORE INTO einstellung (id, timestamp_erstellt, timestamp_mutiert, user_erstellt, user_mutiert, version, einstellung_key, value, gemeinde_id, gesuchsperiode_id, mandant_id, erklaerung) VALUES (UNHEX('499D3F9A515C49589F958727BB0B0BFC'), '2023-12-08 11:13:39', '2023-12-08 11:13:39', 'ebegu:Kanton Solothurn', 'ebegu:Kanton Solothurn', 0, 'GEMEINDE_ZUSAETZLICHER_ANSPRUCH_FREIWILLIGENARBEIT_ENABLED', 'false', @testgemeinde_solothurn_id, @gesuchperiode_23_24_id, @mandant_id_solothurn, null);
INSERT IGNORE INTO einstellung (id, timestamp_erstellt, timestamp_mutiert, user_erstellt, user_mutiert, version, einstellung_key, value, gemeinde_id, gesuchsperiode_id, mandant_id, erklaerung) VALUES (UNHEX('4A33AF8E11174816B3E5983A75733381'), '2023-12-08 11:11:27', '2023-12-08 11:12:45', 'ebegu:Kanton Solothurn', 'ebegu:Kanton Solothurn', 1, 'MAX_MASSGEBENDES_EINKOMMEN', '160000', null, @gesuchperiode_23_24_id, null, null);
INSERT IGNORE INTO einstellung (id, timestamp_erstellt, timestamp_mutiert, user_erstellt, user_mutiert, version, einstellung_key, value, gemeinde_id, gesuchsperiode_id, mandant_id, erklaerung) VALUES (UNHEX('4C03AE0FF329490290387D125EC40AE9'), '2023-12-08 11:11:27', '2023-12-08 11:12:45', 'ebegu:Kanton Solothurn', 'ebegu:Kanton Solothurn', 1, 'FACHSTELLE_MAX_PENSUM_SPRACHLICHE_INTEGRATION', '40', null, @gesuchperiode_23_24_id, null, null);
INSERT IGNORE INTO einstellung (id, timestamp_erstellt, timestamp_mutiert, user_erstellt, user_mutiert, version, einstellung_key, value, gemeinde_id, gesuchsperiode_id, mandant_id, erklaerung) VALUES (UNHEX('4C59FA792AAD4D2BA4021FEC28D0BD68'), '2023-12-08 11:13:39', '2023-12-08 11:13:39', 'ebegu:Kanton Solothurn', 'ebegu:Kanton Solothurn', 0, 'GEMEINDE_ZUSAETZLICHER_GUTSCHEIN_BIS_UND_MIT_SCHULSTUFE_KITA', 'VORSCHULALTER', @testgemeinde_solothurn_id, @gesuchperiode_23_24_id, @mandant_id_solothurn, null);
INSERT IGNORE INTO einstellung (id, timestamp_erstellt, timestamp_mutiert, user_erstellt, user_mutiert, version, einstellung_key, value, gemeinde_id, gesuchsperiode_id, mandant_id, erklaerung) VALUES (UNHEX('4E386FE59164470796F624718F5E38DD'), '2023-12-08 11:11:27', '2023-12-08 11:12:45', 'ebegu:Kanton Solothurn', 'ebegu:Kanton Solothurn', 1, 'GEMEINDE_TAGESSCHULE_ANMELDUNGEN_DATUM_AB', '01.08.2023', null, @gesuchperiode_23_24_id, null, null);
INSERT IGNORE INTO einstellung (id, timestamp_erstellt, timestamp_mutiert, user_erstellt, user_mutiert, version, einstellung_key, value, gemeinde_id, gesuchsperiode_id, mandant_id, erklaerung) VALUES (UNHEX('4ED2DA8326444E75B3B9D35D8727456E'), '2023-12-08 11:11:27', '2023-12-08 11:12:45', 'ebegu:Kanton Solothurn', 'ebegu:Kanton Solothurn', 1, 'GEMEINDE_BG_BIS_UND_MIT_SCHULSTUFE', 'KINDERGARTEN2', null, @gesuchperiode_23_24_id, null, null);
INSERT IGNORE INTO einstellung (id, timestamp_erstellt, timestamp_mutiert, user_erstellt, user_mutiert, version, einstellung_key, value, gemeinde_id, gesuchsperiode_id, mandant_id, erklaerung) VALUES (UNHEX('513AA6280E2E49C9AB821A7E891854F7'), '2023-12-08 11:18:03', '2023-12-08 11:18:03', 'ebegu:Kanton Solothurn', 'ebegu:Kanton Solothurn', 0, 'GEMEINDE_SCHNITTSTELLE_KITAX_ENABLED', 'false', @testgemeinde_grenchen_id, @gesuchperiode_23_24_id, @mandant_id_solothurn, null);
INSERT IGNORE INTO einstellung (id, timestamp_erstellt, timestamp_mutiert, user_erstellt, user_mutiert, version, einstellung_key, value, gemeinde_id, gesuchsperiode_id, mandant_id, erklaerung) VALUES (UNHEX('518DDFC5982F422CB826F021B5E48AC6'), '2023-12-08 11:11:27', '2023-12-08 11:12:45', 'ebegu:Kanton Solothurn', 'ebegu:Kanton Solothurn', 1, 'PARAM_PAUSCHALABZUG_PRO_PERSON_FAMILIENGROESSE_6', '0', null, @gesuchperiode_23_24_id, null, null);
INSERT IGNORE INTO einstellung (id, timestamp_erstellt, timestamp_mutiert, user_erstellt, user_mutiert, version, einstellung_key, value, gemeinde_id, gesuchsperiode_id, mandant_id, erklaerung) VALUES (UNHEX('52444DC7B67C43A881F5F4DC67187DE4'), '2023-12-08 11:13:39', '2023-12-08 11:13:39', 'ebegu:Kanton Solothurn', 'ebegu:Kanton Solothurn', 0, 'MAX_VERGUENSTIGUNG_VORSCHULE_BABY_PRO_STD', '14', @testgemeinde_solothurn_id, @gesuchperiode_23_24_id, @mandant_id_solothurn, null);
INSERT IGNORE INTO einstellung (id, timestamp_erstellt, timestamp_mutiert, user_erstellt, user_mutiert, version, einstellung_key, value, gemeinde_id, gesuchsperiode_id, mandant_id, erklaerung) VALUES (UNHEX('525580D392F643C19FCD9D4F90C8EB0F'), '2023-12-08 11:11:27', '2023-12-08 11:11:27', 'ebegu:Kanton Solothurn', 'ebegu:Kanton Solothurn', 0, 'GEMEINDE_MAHLZEITENVERGUENSTIGUNG_MINIMALER_ELTERNBEITRAG_MAHLZEIT', '0.00', null, @gesuchperiode_23_24_id, @mandant_id_solothurn, null);
INSERT IGNORE INTO einstellung (id, timestamp_erstellt, timestamp_mutiert, user_erstellt, user_mutiert, version, einstellung_key, value, gemeinde_id, gesuchsperiode_id, mandant_id, erklaerung) VALUES (UNHEX('52B4D55D09074495AEBE65232D953A44'), '2023-12-08 11:11:27', '2023-12-08 11:12:45', 'ebegu:Kanton Solothurn', 'ebegu:Kanton Solothurn', 1, 'FKJV_SOZIALE_INTEGRATION_BIS_SCHULSTUFE', 'VORSCHULALTER', null, @gesuchperiode_23_24_id, null, null);
INSERT IGNORE INTO einstellung (id, timestamp_erstellt, timestamp_mutiert, user_erstellt, user_mutiert, version, einstellung_key, value, gemeinde_id, gesuchsperiode_id, mandant_id, erklaerung) VALUES (UNHEX('54308AC695C941F38B964B24E08309E5'), '2023-12-08 11:11:27', '2023-12-08 11:12:45', 'ebegu:Kanton Solothurn', 'ebegu:Kanton Solothurn', 1, 'PARAM_MAX_TAGE_ABWESENHEIT', '30', null, @gesuchperiode_23_24_id, null, null);
INSERT IGNORE INTO einstellung (id, timestamp_erstellt, timestamp_mutiert, user_erstellt, user_mutiert, version, einstellung_key, value, gemeinde_id, gesuchsperiode_id, mandant_id, erklaerung) VALUES (UNHEX('FFE2C603FC814018AFE95C70C502F01B'), '2023-12-08 10:51:23', '2023-12-08 10:52:54', 'ebegu:Kanton Solothurn', 'ebegu:Kanton Solothurn', 1, 'SPRACHFOERDERUNG_BESTAETIGEN', 'false', null, @gesuchsperiode_23_24_id, null, null);
INSERT IGNORE INTO einstellung (id, timestamp_erstellt, timestamp_mutiert, user_erstellt, user_mutiert, version, einstellung_key, value, gemeinde_id, gesuchsperiode_id, mandant_id, erklaerung) VALUES (UNHEX('ADRGEFE3DF9E441E892CA652A7483539'), '2024-01-01 15:55:42', '2024-01-01 09:34:00', 'ebegu:Kanton Solothurn', 'ebegu:Kanton Solothurn', 0, 'GESUCH_BEENDEN_BEI_TAUSCH_GS2', 'false', null, @gesuchperiode_23_24_id, null, null);

INSERT IGNORE INTO einstellung (id, timestamp_erstellt, timestamp_mutiert, user_erstellt, user_mutiert, version, einstellung_key, value, gemeinde_id, gesuchsperiode_id, mandant_id, erklaerung) VALUES (UNHEX('550C4CA953A44E61A63002C84F66694B'), '2023-12-08 11:13:39', '2023-12-08 11:13:39', 'ebegu:Kanton Solothurn', 'ebegu:Kanton Solothurn', 0, 'GEMEINDE_ZUSAETZLICHER_BABYBEITRAG_ENABLED', 'false', @testgemeinde_solothurn_id, @gesuchperiode_23_24_id, @mandant_id_solothurn, null);
INSERT IGNORE INTO einstellung (id, timestamp_erstellt, timestamp_mutiert, user_erstellt, user_mutiert, version, einstellung_key, value, gemeinde_id, gesuchsperiode_id, mandant_id, erklaerung) VALUES (UNHEX('559CFEE06A1741819E4609EEE1DF92B2'), '2023-12-08 11:13:39', '2023-12-08 11:13:39', 'ebegu:Kanton Solothurn', 'ebegu:Kanton Solothurn', 0, 'GEMEINDE_TAGESSCHULE_ERSTER_SCHULTAG', '01.08.2023', @testgemeinde_solothurn_id, @gesuchperiode_23_24_id, @mandant_id_solothurn, null);
INSERT IGNORE INTO einstellung (id, timestamp_erstellt, timestamp_mutiert, user_erstellt, user_mutiert, version, einstellung_key, value, gemeinde_id, gesuchsperiode_id, mandant_id, erklaerung) VALUES (UNHEX('5711F7BC3ED848939B4A942959961660'), '2023-12-08 11:11:27', '2023-12-08 11:11:27', 'ebegu:Kanton Solothurn', 'ebegu:Kanton Solothurn', 0, 'GEMEINDE_MAHLZEITENVERGUENSTIGUNG_EINKOMMENSSTUFE_3_VERGUENSTIGUNG_MAHLZEIT', '0', null, @gesuchperiode_23_24_id, @mandant_id_solothurn, null);
INSERT IGNORE INTO einstellung (id, timestamp_erstellt, timestamp_mutiert, user_erstellt, user_mutiert, version, einstellung_key, value, gemeinde_id, gesuchsperiode_id, mandant_id, erklaerung) VALUES (UNHEX('5963DBA66E994E1E94B49AE67B570C7F'), '2023-12-08 11:11:27', '2023-12-08 11:12:45', 'ebegu:Kanton Solothurn', 'ebegu:Kanton Solothurn', 1, 'KESB_PLATZIERUNG_DEAKTIVIEREN', 'true', null, @gesuchperiode_23_24_id, null, null);
INSERT IGNORE INTO einstellung (id, timestamp_erstellt, timestamp_mutiert, user_erstellt, user_mutiert, version, einstellung_key, value, gemeinde_id, gesuchsperiode_id, mandant_id, erklaerung) VALUES (UNHEX('5A0E692DDA88436A90C6475FB1535B79'), '2023-12-08 11:18:03', '2023-12-08 11:18:03', 'ebegu:Kanton Solothurn', 'ebegu:Kanton Solothurn', 0, 'GEMEINDE_ZUSAETZLICHER_GUTSCHEIN_BETRAG_KITA', '0.00', @testgemeinde_grenchen_id, @gesuchperiode_23_24_id, @mandant_id_solothurn, null);
INSERT IGNORE INTO einstellung (id, timestamp_erstellt, timestamp_mutiert, user_erstellt, user_mutiert, version, einstellung_key, value, gemeinde_id, gesuchsperiode_id, mandant_id, erklaerung) VALUES (UNHEX('5A6698C329FB45009D823A0952464265'), '2023-12-08 11:11:27', '2023-12-08 11:12:45', 'ebegu:Kanton Solothurn', 'ebegu:Kanton Solothurn', 1, 'PENSUM_ANZEIGE_TYP', 'ZEITEINHEIT_UND_PROZENT', null, @gesuchperiode_23_24_id, null, null);
INSERT IGNORE INTO einstellung (id, timestamp_erstellt, timestamp_mutiert, user_erstellt, user_mutiert, version, einstellung_key, value, gemeinde_id, gesuchsperiode_id, mandant_id, erklaerung) VALUES (UNHEX('5AA80B9A7A9440AC84D2E8245BAB7DEE'), '2023-12-08 11:11:27', '2023-12-08 11:11:27', 'ebegu:Kanton Solothurn', 'ebegu:Kanton Solothurn', 0, 'GEMEINDE_TAGESSCHULE_TAGIS_ENABLED', 'false', null, @gesuchperiode_23_24_id, @mandant_id_solothurn, null);
INSERT IGNORE INTO einstellung (id, timestamp_erstellt, timestamp_mutiert, user_erstellt, user_mutiert, version, einstellung_key, value, gemeinde_id, gesuchsperiode_id, mandant_id, erklaerung) VALUES (UNHEX('5C2FC7D9FF2C4B169239CACD7C96BB7F'), '2023-12-08 11:11:27', '2023-12-08 11:12:45', 'ebegu:Kanton Solothurn', 'ebegu:Kanton Solothurn', 1, 'FREIGABE_QUITTUNG_EINLESEN_REQUIRED', 'false', null, @gesuchperiode_23_24_id, null, null);
INSERT IGNORE INTO einstellung (id, timestamp_erstellt, timestamp_mutiert, user_erstellt, user_mutiert, version, einstellung_key, value, gemeinde_id, gesuchsperiode_id, mandant_id, erklaerung) VALUES (UNHEX('5D895C9AD94E47E6B371BC2A9D4347EA'), '2023-12-08 11:18:03', '2023-12-08 11:18:03', 'ebegu:Kanton Solothurn', 'ebegu:Kanton Solothurn', 0, 'GEMEINDE_MIN_ERWERBSPENSUM_EINGESCHULT', '40', @testgemeinde_grenchen_id, @gesuchperiode_23_24_id, @mandant_id_solothurn, null);
INSERT IGNORE INTO einstellung (id, timestamp_erstellt, timestamp_mutiert, user_erstellt, user_mutiert, version, einstellung_key, value, gemeinde_id, gesuchsperiode_id, mandant_id, erklaerung) VALUES (UNHEX('5E9384B6780E47D89D7BCC8E9AC40248'), '2023-12-08 11:13:39', '2023-12-08 11:13:39', 'ebegu:Kanton Solothurn', 'ebegu:Kanton Solothurn', 0, 'GEMEINDE_FERIENINSEL_ANMELDUNGEN_DATUM_AB', '01.08.2023', @testgemeinde_solothurn_id, @gesuchperiode_23_24_id, @mandant_id_solothurn, null);
INSERT IGNORE INTO einstellung (id, timestamp_erstellt, timestamp_mutiert, user_erstellt, user_mutiert, version, einstellung_key, value, gemeinde_id, gesuchsperiode_id, mandant_id, erklaerung) VALUES (UNHEX('5F0FC363105A435289A0FCC5F77004AF'), '2023-12-08 11:13:39', '2023-12-08 11:13:39', 'ebegu:Kanton Solothurn', 'ebegu:Kanton Solothurn', 0, 'GEMEINDE_MAHLZEITENVERGUENSTIGUNG_EINKOMMENSSTUFE_1_MAX_EINKOMMEN', '51000', @testgemeinde_solothurn_id, @gesuchperiode_23_24_id, @mandant_id_solothurn, null);
INSERT IGNORE INTO einstellung (id, timestamp_erstellt, timestamp_mutiert, user_erstellt, user_mutiert, version, einstellung_key, value, gemeinde_id, gesuchsperiode_id, mandant_id, erklaerung) VALUES (UNHEX('5F4BE855ED1E42D6B7A1F664DB1FDC04'), '2023-12-08 11:13:39', '2023-12-08 11:13:39', 'ebegu:Kanton Solothurn', 'ebegu:Kanton Solothurn', 0, 'ZUSCHLAG_BEHINDERUNG_PRO_STD', '6', @testgemeinde_solothurn_id, @gesuchperiode_23_24_id, @mandant_id_solothurn, null);
INSERT IGNORE INTO einstellung (id, timestamp_erstellt, timestamp_mutiert, user_erstellt, user_mutiert, version, einstellung_key, value, gemeinde_id, gesuchsperiode_id, mandant_id, erklaerung) VALUES (UNHEX('6096E582086E46F2895F9D344301D568'), '2023-12-08 11:11:27', '2023-12-08 11:12:45', 'ebegu:Kanton Solothurn', 'ebegu:Kanton Solothurn', 1, 'FKJV_PAUSCHALE_RUECKWIRKEND', 'false', null, @gesuchperiode_23_24_id, null, null);
INSERT IGNORE INTO einstellung (id, timestamp_erstellt, timestamp_mutiert, user_erstellt, user_mutiert, version, einstellung_key, value, gemeinde_id, gesuchsperiode_id, mandant_id, erklaerung) VALUES (UNHEX('62A72CA458574F52BD80A411F3F8F95F'), '2023-12-08 11:13:39', '2023-12-08 11:13:39', 'ebegu:Kanton Solothurn', 'ebegu:Kanton Solothurn', 0, 'GEMEINDE_KEIN_GUTSCHEIN_FUER_SOZIALHILFE_EMPFAENGER', 'false', @testgemeinde_solothurn_id, @gesuchperiode_23_24_id, @mandant_id_solothurn, null);
INSERT IGNORE INTO einstellung (id, timestamp_erstellt, timestamp_mutiert, user_erstellt, user_mutiert, version, einstellung_key, value, gemeinde_id, gesuchsperiode_id, mandant_id, erklaerung) VALUES (UNHEX('654E510F50064C80ABD4B0F657264D52'), '2023-12-08 11:11:27', '2023-12-08 11:11:27', 'ebegu:Kanton Solothurn', 'ebegu:Kanton Solothurn', 0, 'GEMEINDE_MAHLZEITENVERGUENSTIGUNG_ENABLED', 'false', null, @gesuchperiode_23_24_id, @mandant_id_solothurn, null);
INSERT IGNORE INTO einstellung (id, timestamp_erstellt, timestamp_mutiert, user_erstellt, user_mutiert, version, einstellung_key, value, gemeinde_id, gesuchsperiode_id, mandant_id, erklaerung) VALUES (UNHEX('6595B2C6F8A647D2B9A3368F4C8570DF'), '2023-12-08 11:18:03', '2023-12-08 11:18:54', 'ebegu:Kanton Solothurn', 'ebegu:Kanton Solothurn', 1, 'GEMEINDE_PAUSCHALBETRAG_HOHE_EINKOMMENSKLASSEN_MAX_MASSGEBENDEN_EINKOMMEN_FUER_BERECHNUNG', '160000', @testgemeinde_grenchen_id, @gesuchperiode_23_24_id, @mandant_id_solothurn, null);
INSERT IGNORE INTO einstellung (id, timestamp_erstellt, timestamp_mutiert, user_erstellt, user_mutiert, version, einstellung_key, value, gemeinde_id, gesuchsperiode_id, mandant_id, erklaerung) VALUES (UNHEX('66C8D79EC2544407B5C4E67C3174B94F'), '2023-12-08 11:11:27', '2023-12-08 11:12:45', 'ebegu:Kanton Solothurn', 'ebegu:Kanton Solothurn', 1, 'VERANLAGUNG_MIN_UNTERSCHIED_MASSGEBENDESEINK', '0', null, @gesuchperiode_23_24_id, null, null);
INSERT IGNORE INTO einstellung (id, timestamp_erstellt, timestamp_mutiert, user_erstellt, user_mutiert, version, einstellung_key, value, gemeinde_id, gesuchsperiode_id, mandant_id, erklaerung) VALUES (UNHEX('69145D78379A4486AEF544BC92B768FF'), '2023-12-08 11:11:27', '2023-12-08 11:11:27', 'ebegu:Kanton Solothurn', 'ebegu:Kanton Solothurn', 0, 'GEMEINDE_MAHLZEITENVERGUENSTIGUNG_EINKOMMENSSTUFE_2_MAX_EINKOMMEN', '70000', null, @gesuchperiode_23_24_id, @mandant_id_solothurn, null);
INSERT IGNORE INTO einstellung (id, timestamp_erstellt, timestamp_mutiert, user_erstellt, user_mutiert, version, einstellung_key, value, gemeinde_id, gesuchsperiode_id, mandant_id, erklaerung) VALUES (UNHEX('693B59A43188485CB47ED40C5374C44C'), '2023-12-08 11:11:27', '2023-12-08 11:12:45', 'ebegu:Kanton Solothurn', 'ebegu:Kanton Solothurn', 1, 'GEMEINDE_PAUSCHALBETRAG_HOHE_EINKOMMENSKLASSEN_AKTIVIERT', 'false', null, @gesuchperiode_23_24_id, null, null);
INSERT IGNORE INTO einstellung (id, timestamp_erstellt, timestamp_mutiert, user_erstellt, user_mutiert, version, einstellung_key, value, gemeinde_id, gesuchsperiode_id, mandant_id, erklaerung) VALUES (UNHEX('6977E8BAC21549569DFB9FEFEB106093'), '2023-12-08 11:13:39', '2023-12-08 11:13:39', 'ebegu:Kanton Solothurn', 'ebegu:Kanton Solothurn', 0, 'GEMEINDE_PAUSCHALBETRAG_HOHE_EINKOMMENSKLASSEN_MAX_MASSGEBENDEN_EINKOMMEN_FUER_BERECHNUNG', '0', @testgemeinde_solothurn_id, @gesuchperiode_23_24_id, @mandant_id_solothurn, null);
INSERT IGNORE INTO einstellung (id, timestamp_erstellt, timestamp_mutiert, user_erstellt, user_mutiert, version, einstellung_key, value, gemeinde_id, gesuchsperiode_id, mandant_id, erklaerung) VALUES (UNHEX('6C8C865343C640C2BC107BFEEFDC4D3B'), '2023-12-08 11:13:39', '2023-12-08 11:13:39', 'ebegu:Kanton Solothurn', 'ebegu:Kanton Solothurn', 0, 'GEMEINDE_MAHLZEITENVERGUENSTIGUNG_FUER_SOZIALHILFEBEZUEGER_ENABLED', 'false', @testgemeinde_solothurn_id, @gesuchperiode_23_24_id, @mandant_id_solothurn, null);
INSERT IGNORE INTO einstellung (id, timestamp_erstellt, timestamp_mutiert, user_erstellt, user_mutiert, version, einstellung_key, value, gemeinde_id, gesuchsperiode_id, mandant_id, erklaerung) VALUES (UNHEX('6E8E7790D15B430E944D1ED5FE59A6B9'), '2023-12-08 11:13:39', '2023-12-08 11:13:39', 'ebegu:Kanton Solothurn', 'ebegu:Kanton Solothurn', 0, 'GEMEINDE_ZUSAETZLICHER_BABYBEITRAG_BETRAG_KITA', '0.00', @testgemeinde_solothurn_id, @gesuchperiode_23_24_id, @mandant_id_solothurn, null);
INSERT IGNORE INTO einstellung (id, timestamp_erstellt, timestamp_mutiert, user_erstellt, user_mutiert, version, einstellung_key, value, gemeinde_id, gesuchsperiode_id, mandant_id, erklaerung) VALUES (UNHEX('706EB91C63DC4E6FB9EC00A433A3A673'), '2023-12-08 11:11:27', '2023-12-08 11:11:27', 'ebegu:Kanton Solothurn', 'ebegu:Kanton Solothurn', 0, 'GEMEINDE_ZUSAETZLICHER_BABYBEITRAG_BETRAG_KITA', '0.00', null, @gesuchperiode_23_24_id, @mandant_id_solothurn, null);
INSERT IGNORE INTO einstellung (id, timestamp_erstellt, timestamp_mutiert, user_erstellt, user_mutiert, version, einstellung_key, value, gemeinde_id, gesuchsperiode_id, mandant_id, erklaerung) VALUES (UNHEX('7175EDE04EDF4095A7B142E468BC51E0'), '2023-12-08 11:11:27', '2023-12-08 11:11:27', 'ebegu:Kanton Solothurn', 'ebegu:Kanton Solothurn', 0, 'KITAPLUS_ZUSCHLAG_AKTIVIERT', 'false', null, @gesuchperiode_23_24_id, null, null);
INSERT IGNORE INTO einstellung (id, timestamp_erstellt, timestamp_mutiert, user_erstellt, user_mutiert, version, einstellung_key, value, gemeinde_id, gesuchsperiode_id, mandant_id, erklaerung) VALUES (UNHEX('718BD08829674B969D1A20FC34674F3E'), '2023-12-08 11:18:03', '2023-12-08 11:18:03', 'ebegu:Kanton Solothurn', 'ebegu:Kanton Solothurn', 0, 'MAX_VERGUENSTIGUNG_PRIMAR_PRO_STD', '7', @testgemeinde_grenchen_id, @gesuchperiode_23_24_id, @mandant_id_solothurn, null);
INSERT IGNORE INTO einstellung (id, timestamp_erstellt, timestamp_mutiert, user_erstellt, user_mutiert, version, einstellung_key, value, gemeinde_id, gesuchsperiode_id, mandant_id, erklaerung) VALUES (UNHEX('73B03340AAD24EFB940B4E01F8121793'), '2023-12-08 11:11:27', '2023-12-08 11:12:45', 'ebegu:Kanton Solothurn', 'ebegu:Kanton Solothurn', 1, 'UNBEZAHLTER_URLAUB_AKTIV', 'false', null, @gesuchperiode_23_24_id, null, null);
INSERT IGNORE INTO einstellung (id, timestamp_erstellt, timestamp_mutiert, user_erstellt, user_mutiert, version, einstellung_key, value, gemeinde_id, gesuchsperiode_id, mandant_id, erklaerung) VALUES (UNHEX('73F4EE0710F3412A9478357417EBDB65'), '2023-12-08 11:18:03', '2023-12-08 11:18:03', 'ebegu:Kanton Solothurn', 'ebegu:Kanton Solothurn', 0, 'GEMEINDE_MAHLZEITENVERGUENSTIGUNG_EINKOMMENSSTUFE_2_VERGUENSTIGUNG_MAHLZEIT', '3.00', @testgemeinde_grenchen_id, @gesuchperiode_23_24_id, @mandant_id_solothurn, null);
INSERT IGNORE INTO einstellung (id, timestamp_erstellt, timestamp_mutiert, user_erstellt, user_mutiert, version, einstellung_key, value, gemeinde_id, gesuchsperiode_id, mandant_id, erklaerung) VALUES (UNHEX('7431D8A8353F425A87E738F3D76AC2EF'), '2023-12-08 11:11:27', '2023-12-08 11:12:45', 'ebegu:Kanton Solothurn', 'ebegu:Kanton Solothurn', 1, 'ABWESENHEIT_AKTIV', 'true', null, @gesuchperiode_23_24_id, null, null);
INSERT IGNORE INTO einstellung (id, timestamp_erstellt, timestamp_mutiert, user_erstellt, user_mutiert, version, einstellung_key, value, gemeinde_id, gesuchsperiode_id, mandant_id, erklaerung) VALUES (UNHEX('744BC8745FBD4491A616159F1240B668'), '2023-12-08 11:11:27', '2023-12-08 11:12:45', 'ebegu:Kanton Solothurn', 'ebegu:Kanton Solothurn', 1, 'MAX_VERGUENSTIGUNG_KINDERGARTEN_PRO_STD', '7', null, @gesuchperiode_23_24_id, null, null);
INSERT IGNORE INTO einstellung (id, timestamp_erstellt, timestamp_mutiert, user_erstellt, user_mutiert, version, einstellung_key, value, gemeinde_id, gesuchsperiode_id, mandant_id, erklaerung) VALUES (UNHEX('7496C7508AFC4E9DB3822DF45567592F'), '2023-12-08 11:11:27', '2023-12-08 11:11:27', 'ebegu:Kanton Solothurn', 'ebegu:Kanton Solothurn', 0, 'GEMEINDE_ZUSAETZLICHER_GUTSCHEIN_BIS_UND_MIT_SCHULSTUFE_KITA', 'VORSCHULALTER', null, @gesuchperiode_23_24_id, @mandant_id_solothurn, null);
INSERT IGNORE INTO einstellung (id, timestamp_erstellt, timestamp_mutiert, user_erstellt, user_mutiert, version, einstellung_key, value, gemeinde_id, gesuchsperiode_id, mandant_id, erklaerung) VALUES (UNHEX('759BA84943134A7A80F90F5511BD6F50'), '2023-12-08 11:13:39', '2023-12-08 11:13:39', 'ebegu:Kanton Solothurn', 'ebegu:Kanton Solothurn', 0, 'GEMEINDE_ZUSAETZLICHER_BABYBEITRAG_BETRAG_TFO', '0.00', @testgemeinde_solothurn_id, @gesuchperiode_23_24_id, @mandant_id_solothurn, null);
INSERT IGNORE INTO einstellung (id, timestamp_erstellt, timestamp_mutiert, user_erstellt, user_mutiert, version, einstellung_key, value, gemeinde_id, gesuchsperiode_id, mandant_id, erklaerung) VALUES (UNHEX('76EB2EB2B0B2490688FC80A67CAA3178'), '2023-12-08 11:18:03', '2023-12-08 11:18:54', 'ebegu:Kanton Solothurn', 'ebegu:Kanton Solothurn', 1, 'GEMEINDE_PAUSCHALBETRAG_HOHE_EINKOMMENSKLASSEN_BETRAG_KITA', '8', @testgemeinde_grenchen_id, @gesuchperiode_23_24_id, @mandant_id_solothurn, null);
INSERT IGNORE INTO einstellung (id, timestamp_erstellt, timestamp_mutiert, user_erstellt, user_mutiert, version, einstellung_key, value, gemeinde_id, gesuchsperiode_id, mandant_id, erklaerung) VALUES (UNHEX('774934E120CC40C2929562C3FDEA6988'), '2023-12-08 11:13:39', '2023-12-08 11:13:39', 'ebegu:Kanton Solothurn', 'ebegu:Kanton Solothurn', 0, 'GEMEINDE_TAGESSCHULE_ANMELDUNGEN_DATUM_AB', '01.08.2023', @testgemeinde_solothurn_id, @gesuchperiode_23_24_id, @mandant_id_solothurn, null);
INSERT IGNORE INTO einstellung (id, timestamp_erstellt, timestamp_mutiert, user_erstellt, user_mutiert, version, einstellung_key, value, gemeinde_id, gesuchsperiode_id, mandant_id, erklaerung) VALUES (UNHEX('79CC6CD547864E2AAD9B60B1A497CA1D'), '2023-12-08 11:11:27', '2023-12-08 11:12:45', 'ebegu:Kanton Solothurn', 'ebegu:Kanton Solothurn', 1, 'GEMEINDE_FERIENINSEL_ANMELDUNGEN_DATUM_AB', '01.08.2023', null, @gesuchperiode_23_24_id, null, null);
INSERT IGNORE INTO einstellung (id, timestamp_erstellt, timestamp_mutiert, user_erstellt, user_mutiert, version, einstellung_key, value, gemeinde_id, gesuchsperiode_id, mandant_id, erklaerung) VALUES (UNHEX('7B39EA8E008841AD955B175F885F0EE2'), '2023-12-08 11:18:03', '2023-12-08 11:18:03', 'ebegu:Kanton Solothurn', 'ebegu:Kanton Solothurn', 0, 'GEMEINDE_ZUSAETZLICHER_BABYBEITRAG_ENABLED', 'false', @testgemeinde_grenchen_id, @gesuchperiode_23_24_id, @mandant_id_solothurn, null);
INSERT IGNORE INTO einstellung (id, timestamp_erstellt, timestamp_mutiert, user_erstellt, user_mutiert, version, einstellung_key, value, gemeinde_id, gesuchsperiode_id, mandant_id, erklaerung) VALUES (UNHEX('7D73C77057D84C558D153F9DFC9C0CE1'), '2023-12-08 11:11:27', '2023-12-08 11:12:45', 'ebegu:Kanton Solothurn', 'ebegu:Kanton Solothurn', 1, 'ZUSCHLAG_BEHINDERUNG_PRO_TG', '60', null, @gesuchperiode_23_24_id, null, null);
INSERT IGNORE INTO einstellung (id, timestamp_erstellt, timestamp_mutiert, user_erstellt, user_mutiert, version, einstellung_key, value, gemeinde_id, gesuchsperiode_id, mandant_id, erklaerung) VALUES (UNHEX('7D864CAB0CC9468DB678249D8C3B7AC6'), '2023-12-08 11:13:39', '2023-12-08 11:13:39', 'ebegu:Kanton Solothurn', 'ebegu:Kanton Solothurn', 0, 'MIN_MASSGEBENDES_EINKOMMEN', '40000', @testgemeinde_solothurn_id, @gesuchperiode_23_24_id, @mandant_id_solothurn, null);
INSERT IGNORE INTO einstellung (id, timestamp_erstellt, timestamp_mutiert, user_erstellt, user_mutiert, version, einstellung_key, value, gemeinde_id, gesuchsperiode_id, mandant_id, erklaerung) VALUES (UNHEX('7DA77A5F4F2C4202AE8F3C3EBA198683'), '2023-12-08 11:11:27', '2023-12-08 11:12:45', 'ebegu:Kanton Solothurn', 'ebegu:Kanton Solothurn', 1, 'LATS_LOHNNORMKOSTEN_LESS_THAN_50', '5.28', null, @gesuchperiode_23_24_id, null, null);
INSERT IGNORE INTO einstellung (id, timestamp_erstellt, timestamp_mutiert, user_erstellt, user_mutiert, version, einstellung_key, value, gemeinde_id, gesuchsperiode_id, mandant_id, erklaerung) VALUES (UNHEX('7EE4C4DB5EAF46A5A4B51271333E3FA1'), '2023-12-08 11:13:39', '2023-12-08 11:13:39', 'ebegu:Kanton Solothurn', 'ebegu:Kanton Solothurn', 0, 'MIN_VERGUENSTIGUNG_PRO_TG', '30', @testgemeinde_solothurn_id, @gesuchperiode_23_24_id, @mandant_id_solothurn, null);
INSERT IGNORE INTO einstellung (id, timestamp_erstellt, timestamp_mutiert, user_erstellt, user_mutiert, version, einstellung_key, value, gemeinde_id, gesuchsperiode_id, mandant_id, erklaerung) VALUES (UNHEX('7F23228E4BB64BA59A12964BAA5C8F17'), '2023-12-08 11:18:03', '2023-12-08 11:18:03', 'ebegu:Kanton Solothurn', 'ebegu:Kanton Solothurn', 0, 'GEMEINDE_ZUSAETZLICHER_GUTSCHEIN_BETRAG_TFO', '0.00', @testgemeinde_grenchen_id, @gesuchperiode_23_24_id, @mandant_id_solothurn, null);
INSERT IGNORE INTO einstellung (id, timestamp_erstellt, timestamp_mutiert, user_erstellt, user_mutiert, version, einstellung_key, value, gemeinde_id, gesuchsperiode_id, mandant_id, erklaerung) VALUES (UNHEX('7F426BA390F4485DB9BC1788DB621CDF'), '2023-12-08 11:11:27', '2023-12-08 11:12:45', 'ebegu:Kanton Solothurn', 'ebegu:Kanton Solothurn', 1, 'GEMEINDE_TAGESSCHULE_ERSTER_SCHULTAG', '01.08.2023', null, @gesuchperiode_23_24_id, null, null);
INSERT IGNORE INTO einstellung (id, timestamp_erstellt, timestamp_mutiert, user_erstellt, user_mutiert, version, einstellung_key, value, gemeinde_id, gesuchsperiode_id, mandant_id, erklaerung) VALUES (UNHEX('7FE23EB77BDC48D4A884F287171BB7A7'), '2023-12-08 11:11:27', '2023-12-08 11:12:45', 'ebegu:Kanton Solothurn', 'ebegu:Kanton Solothurn', 1, 'ZEMIS_DISABLED', 'true', null, @gesuchperiode_23_24_id, null, null);
INSERT IGNORE INTO einstellung (id, timestamp_erstellt, timestamp_mutiert, user_erstellt, user_mutiert, version, einstellung_key, value, gemeinde_id, gesuchsperiode_id, mandant_id, erklaerung) VALUES (UNHEX('7FFFBFDB2E204440A07C3F662CE74F8E'), '2023-12-08 11:11:27', '2023-12-08 11:11:27', 'ebegu:Kanton Solothurn', 'ebegu:Kanton Solothurn', 0, 'GEMEINDE_ZUSAETZLICHER_BABYBEITRAG_ENABLED', 'false', null, @gesuchperiode_23_24_id, @mandant_id_solothurn, null);
INSERT IGNORE INTO einstellung (id, timestamp_erstellt, timestamp_mutiert, user_erstellt, user_mutiert, version, einstellung_key, value, gemeinde_id, gesuchsperiode_id, mandant_id, erklaerung) VALUES (UNHEX('818F68BA14D4455998B438789F72EB9D'), '2023-12-08 11:11:27', '2023-12-08 11:11:27', 'ebegu:Kanton Solothurn', 'ebegu:Kanton Solothurn', 0, 'GEMEINDE_ZUSAETZLICHER_ANSPRUCH_FREIWILLIGENARBEIT_MAXPROZENT', '0', null, @gesuchperiode_23_24_id, @mandant_id_solothurn, null);
INSERT IGNORE INTO einstellung (id, timestamp_erstellt, timestamp_mutiert, user_erstellt, user_mutiert, version, einstellung_key, value, gemeinde_id, gesuchsperiode_id, mandant_id, erklaerung) VALUES (UNHEX('81E09A89B9E24FF08EA7FC606A8EC8AD'), '2023-12-08 11:11:27', '2023-12-08 11:12:45', 'ebegu:Kanton Solothurn', 'ebegu:Kanton Solothurn', 1, 'SPRACHLICHE_INTEGRATION_BIS_SCHULSTUFE', 'KLASSE9', null, @gesuchperiode_23_24_id, null, null);
INSERT IGNORE INTO einstellung (id, timestamp_erstellt, timestamp_mutiert, user_erstellt, user_mutiert, version, einstellung_key, value, gemeinde_id, gesuchsperiode_id, mandant_id, erklaerung) VALUES (UNHEX('8246589B08A84F7D967AF9F806557B64'), '2023-12-08 11:11:27', '2023-12-08 11:12:45', 'ebegu:Kanton Solothurn', 'ebegu:Kanton Solothurn', 1, 'PARAM_GRENZWERT_EINKOMMENSVERSCHLECHTERUNG', '25', null, @gesuchperiode_23_24_id, null, null);
INSERT IGNORE INTO einstellung (id, timestamp_erstellt, timestamp_mutiert, user_erstellt, user_mutiert, version, einstellung_key, value, gemeinde_id, gesuchsperiode_id, mandant_id, erklaerung) VALUES (UNHEX('843E2F3BB1884A7BBE1B531496D621D1'), '2023-12-08 11:11:27', '2023-12-08 11:12:45', 'ebegu:Kanton Solothurn', 'ebegu:Kanton Solothurn', 1, 'OEFFNUNGSSTUNDEN_TFO', '10', null, @gesuchperiode_23_24_id, null, null);
INSERT IGNORE INTO einstellung (id, timestamp_erstellt, timestamp_mutiert, user_erstellt, user_mutiert, version, einstellung_key, value, gemeinde_id, gesuchsperiode_id, mandant_id, erklaerung) VALUES (UNHEX('84502CC47D524B2AABE8C13ECA95B939'), '2023-12-08 11:18:03', '2023-12-08 11:18:03', 'ebegu:Kanton Solothurn', 'ebegu:Kanton Solothurn', 0, 'GEMEINDE_FERIENINSEL_ANMELDUNGEN_DATUM_AB', '01.08.2023', @testgemeinde_grenchen_id, @gesuchperiode_23_24_id, @mandant_id_solothurn, null);
INSERT IGNORE INTO einstellung (id, timestamp_erstellt, timestamp_mutiert, user_erstellt, user_mutiert, version, einstellung_key, value, gemeinde_id, gesuchsperiode_id, mandant_id, erklaerung) VALUES (UNHEX('86744EEABFB6451285DE93A9142D96F0'), '2023-12-08 11:11:27', '2023-12-08 11:12:45', 'ebegu:Kanton Solothurn', 'ebegu:Kanton Solothurn', 1, 'GEMEINDE_PAUSCHALBETRAG_HOHE_EINKOMMENSKLASSEN_BETRAG_TFO_AB_PRIMARSCHULE', '0', null, @gesuchperiode_23_24_id, null, null);
INSERT IGNORE INTO einstellung (id, timestamp_erstellt, timestamp_mutiert, user_erstellt, user_mutiert, version, einstellung_key, value, gemeinde_id, gesuchsperiode_id, mandant_id, erklaerung) VALUES (UNHEX('8B026D492DB94A00848268488327D4EE'), '2023-12-08 11:11:27', '2023-12-08 11:12:45', 'ebegu:Kanton Solothurn', 'ebegu:Kanton Solothurn', 1, 'FKJV_PAUSCHALE_BEI_ANSPRUCH', 'false', null, @gesuchperiode_23_24_id, null, null);
INSERT IGNORE INTO einstellung (id, timestamp_erstellt, timestamp_mutiert, user_erstellt, user_mutiert, version, einstellung_key, value, gemeinde_id, gesuchsperiode_id, mandant_id, erklaerung) VALUES (UNHEX('8B6E29C2B96642FCB14C8180E4520E01'), '2023-12-08 11:13:39', '2023-12-08 11:13:39', 'ebegu:Kanton Solothurn', 'ebegu:Kanton Solothurn', 0, 'GEMEINDE_ZUSAETZLICHER_GUTSCHEIN_BETRAG_KITA', '0.00', @testgemeinde_solothurn_id, @gesuchperiode_23_24_id, @mandant_id_solothurn, null);
INSERT IGNORE INTO einstellung (id, timestamp_erstellt, timestamp_mutiert, user_erstellt, user_mutiert, version, einstellung_key, value, gemeinde_id, gesuchsperiode_id, mandant_id, erklaerung) VALUES (UNHEX('8C02FA3497E1446BB4647C480D55BA9D'), '2023-12-08 11:18:03', '2023-12-08 11:18:54', 'ebegu:Kanton Solothurn', 'ebegu:Kanton Solothurn', 1, 'GEMEINDE_PAUSCHALBETRAG_HOHE_EINKOMMENSKLASSEN_AKTIVIERT', 'true', @testgemeinde_grenchen_id, @gesuchperiode_23_24_id, @mandant_id_solothurn, null);
INSERT IGNORE INTO einstellung (id, timestamp_erstellt, timestamp_mutiert, user_erstellt, user_mutiert, version, einstellung_key, value, gemeinde_id, gesuchsperiode_id, mandant_id, erklaerung) VALUES (UNHEX('8D370F712F074638BDC22A344FCB22B0'), '2023-12-08 11:13:39', '2023-12-08 11:13:39', 'ebegu:Kanton Solothurn', 'ebegu:Kanton Solothurn', 0, 'GEMEINDE_PAUSCHALBETRAG_HOHE_EINKOMMENSKLASSEN_BETRAG_TFO', '0', @testgemeinde_solothurn_id, @gesuchperiode_23_24_id, @mandant_id_solothurn, null);
INSERT IGNORE INTO einstellung (id, timestamp_erstellt, timestamp_mutiert, user_erstellt, user_mutiert, version, einstellung_key, value, gemeinde_id, gesuchsperiode_id, mandant_id, erklaerung) VALUES (UNHEX('8E218017CF5443209C904DEACCC48D4B'), '2023-12-08 11:11:27', '2023-12-08 11:12:45', 'ebegu:Kanton Solothurn', 'ebegu:Kanton Solothurn', 1, 'MAX_VERGUENSTIGUNG_VORSCHULE_BABY_PRO_TG', '140', null, @gesuchperiode_23_24_id, null, null);
INSERT IGNORE INTO einstellung (id, timestamp_erstellt, timestamp_mutiert, user_erstellt, user_mutiert, version, einstellung_key, value, gemeinde_id, gesuchsperiode_id, mandant_id, erklaerung) VALUES (UNHEX('90826CBF73FD44FEA845C7F11A75999E'), '2023-12-08 11:13:39', '2023-12-08 11:13:39', 'ebegu:Kanton Solothurn', 'ebegu:Kanton Solothurn', 0, 'GEMEINDE_MAHLZEITENVERGUENSTIGUNG_MINIMALER_ELTERNBEITRAG_MAHLZEIT', '0.00', @testgemeinde_solothurn_id, @gesuchperiode_23_24_id, @mandant_id_solothurn, null);
INSERT IGNORE INTO einstellung (id, timestamp_erstellt, timestamp_mutiert, user_erstellt, user_mutiert, version, einstellung_key, value, gemeinde_id, gesuchsperiode_id, mandant_id, erklaerung) VALUES (UNHEX('94D4997C442C486AB43C2B0066ABBF38'), '2023-12-08 11:13:39', '2023-12-08 11:13:39', 'ebegu:Kanton Solothurn', 'ebegu:Kanton Solothurn', 0, 'GEMEINDE_PAUSCHALBETRAG_HOHE_EINKOMMENSKLASSEN_BETRAG_KITA', '0', @testgemeinde_solothurn_id, @gesuchperiode_23_24_id, @mandant_id_solothurn, null);
INSERT IGNORE INTO einstellung (id, timestamp_erstellt, timestamp_mutiert, user_erstellt, user_mutiert, version, einstellung_key, value, gemeinde_id, gesuchsperiode_id, mandant_id, erklaerung) VALUES (UNHEX('976C6F9F41E84C25B74CB4C14F995FA7'), '2023-12-08 11:18:03', '2023-12-08 11:18:03', 'ebegu:Kanton Solothurn', 'ebegu:Kanton Solothurn', 0, 'GEMEINDE_ZUSAETZLICHER_GUTSCHEIN_BIS_UND_MIT_SCHULSTUFE_KITA', 'VORSCHULALTER', @testgemeinde_grenchen_id, @gesuchperiode_23_24_id, @mandant_id_solothurn, null);
INSERT IGNORE INTO einstellung (id, timestamp_erstellt, timestamp_mutiert, user_erstellt, user_mutiert, version, einstellung_key, value, gemeinde_id, gesuchsperiode_id, mandant_id, erklaerung) VALUES (UNHEX('979E9A42817D49CC9BEDF0EEE1341442'), '2023-12-08 11:11:27', '2023-12-08 11:11:27', 'ebegu:Kanton Solothurn', 'ebegu:Kanton Solothurn', 0, 'GEMEINDE_ZUSAETZLICHER_GUTSCHEIN_BIS_UND_MIT_SCHULSTUFE_TFO', 'VORSCHULALTER', null, @gesuchperiode_23_24_id, @mandant_id_solothurn, null);
INSERT IGNORE INTO einstellung (id, timestamp_erstellt, timestamp_mutiert, user_erstellt, user_mutiert, version, einstellung_key, value, gemeinde_id, gesuchsperiode_id, mandant_id, erklaerung) VALUES (UNHEX('9A1CB5D7D49543C7A7A3D28F2DD069F2'), '2023-12-08 11:11:27', '2023-12-08 11:12:45', 'ebegu:Kanton Solothurn', 'ebegu:Kanton Solothurn', 1, 'BEGRUENDUNG_MUTATION_AKTIVIERT', 'false', null, @gesuchperiode_23_24_id, null, null);
INSERT IGNORE INTO einstellung (id, timestamp_erstellt, timestamp_mutiert, user_erstellt, user_mutiert, version, einstellung_key, value, gemeinde_id, gesuchsperiode_id, mandant_id, erklaerung) VALUES (UNHEX('9A7D5543CF8E47B1B8450D04CB3BF699'), '2023-12-08 11:18:03', '2023-12-08 11:18:03', 'ebegu:Kanton Solothurn', 'ebegu:Kanton Solothurn', 0, 'MAX_VERGUENSTIGUNG_VORSCHULE_KIND_PRO_TG', '95', @testgemeinde_grenchen_id, @gesuchperiode_23_24_id, @mandant_id_solothurn, null);
INSERT IGNORE INTO einstellung (id, timestamp_erstellt, timestamp_mutiert, user_erstellt, user_mutiert, version, einstellung_key, value, gemeinde_id, gesuchsperiode_id, mandant_id, erklaerung) VALUES (UNHEX('9B1750D8A9014CB396E9D0038EE7ACD3'), '2023-12-08 11:11:27', '2023-12-08 11:12:45', 'ebegu:Kanton Solothurn', 'ebegu:Kanton Solothurn', 1, 'FKJV_TEXTE', 'false', null, @gesuchperiode_23_24_id, null, null);
INSERT IGNORE INTO einstellung (id, timestamp_erstellt, timestamp_mutiert, user_erstellt, user_mutiert, version, einstellung_key, value, gemeinde_id, gesuchsperiode_id, mandant_id, erklaerung) VALUES (UNHEX('9F7EE33B7D124E0F91730674E2BA8F2F'), '2023-12-08 11:13:39', '2023-12-08 11:13:39', 'ebegu:Kanton Solothurn', 'ebegu:Kanton Solothurn', 0, 'MAX_MASSGEBENDES_EINKOMMEN', '160000', @testgemeinde_solothurn_id, @gesuchperiode_23_24_id, @mandant_id_solothurn, null);
INSERT IGNORE INTO einstellung (id, timestamp_erstellt, timestamp_mutiert, user_erstellt, user_mutiert, version, einstellung_key, value, gemeinde_id, gesuchsperiode_id, mandant_id, erklaerung) VALUES (UNHEX('A12636F6A312408C96FA00874456CD4A'), '2023-12-08 11:18:03', '2023-12-08 11:18:03', 'ebegu:Kanton Solothurn', 'ebegu:Kanton Solothurn', 0, 'MIN_MASSGEBENDES_EINKOMMEN', '40000', @testgemeinde_grenchen_id, @gesuchperiode_23_24_id, @mandant_id_solothurn, null);
INSERT IGNORE INTO einstellung (id, timestamp_erstellt, timestamp_mutiert, user_erstellt, user_mutiert, version, einstellung_key, value, gemeinde_id, gesuchsperiode_id, mandant_id, erklaerung) VALUES (UNHEX('A2845A6CA32041AA88DCB3E4971CF889'), '2023-12-08 11:11:27', '2023-12-08 11:12:45', 'ebegu:Kanton Solothurn', 'ebegu:Kanton Solothurn', 1, 'LATS_LOHNNORMKOSTEN', '10.55', null, @gesuchperiode_23_24_id, null, null);
INSERT IGNORE INTO einstellung (id, timestamp_erstellt, timestamp_mutiert, user_erstellt, user_mutiert, version, einstellung_key, value, gemeinde_id, gesuchsperiode_id, mandant_id, erklaerung) VALUES (UNHEX('A4127E5588F5486D8CA719CF7BB6BFA2'), '2023-12-08 11:13:39', '2023-12-08 11:13:39', 'ebegu:Kanton Solothurn', 'ebegu:Kanton Solothurn', 0, 'GEMEINDE_KONTINGENTIERUNG_ENABLED', 'false', @testgemeinde_solothurn_id, @gesuchperiode_23_24_id, @mandant_id_solothurn, null);
INSERT IGNORE INTO einstellung (id, timestamp_erstellt, timestamp_mutiert, user_erstellt, user_mutiert, version, einstellung_key, value, gemeinde_id, gesuchsperiode_id, mandant_id, erklaerung) VALUES (UNHEX('A5C474F360614E5E9F9ABACE4A2544C8'), '2023-12-08 11:11:27', '2023-12-08 11:12:45', 'ebegu:Kanton Solothurn', 'ebegu:Kanton Solothurn', 1, 'ABHAENGIGKEIT_ANSPRUCH_BESCHAEFTIGUNGPENSUM', 'UNABHAENGING', null, @gesuchperiode_23_24_id, null, null);
INSERT IGNORE INTO einstellung (id, timestamp_erstellt, timestamp_mutiert, user_erstellt, user_mutiert, version, einstellung_key, value, gemeinde_id, gesuchsperiode_id, mandant_id, erklaerung) VALUES (UNHEX('A67CDC78243644738EEB00F4D8AEC95B'), '2023-12-08 11:11:27', '2023-12-08 11:12:45', 'ebegu:Kanton Solothurn', 'ebegu:Kanton Solothurn', 1, 'SPRACHE_AMTSPRACHE_DISABLED', 'true', null, @gesuchperiode_23_24_id, null, null);
INSERT IGNORE INTO einstellung (id, timestamp_erstellt, timestamp_mutiert, user_erstellt, user_mutiert, version, einstellung_key, value, gemeinde_id, gesuchsperiode_id, mandant_id, erklaerung) VALUES (UNHEX('A68072D753AD43F5AADBE14963521FE2'), '2023-12-08 11:11:27', '2023-12-08 11:12:45', 'ebegu:Kanton Solothurn', 'ebegu:Kanton Solothurn', 1, 'PARAM_PAUSCHALABZUG_PRO_PERSON_FAMILIENGROESSE_5', '0', null, @gesuchperiode_23_24_id, null, null);
INSERT IGNORE INTO einstellung (id, timestamp_erstellt, timestamp_mutiert, user_erstellt, user_mutiert, version, einstellung_key, value, gemeinde_id, gesuchsperiode_id, mandant_id, erklaerung) VALUES (UNHEX('A6A758A6B2E54CCFAA31BE6AE4E9F36B'), '2023-12-08 11:18:03', '2023-12-08 11:18:54', 'ebegu:Kanton Solothurn', 'ebegu:Kanton Solothurn', 1, 'GEMEINDE_PAUSCHALBETRAG_HOHE_EINKOMMENSKLASSEN_BETRAG_TFO_AB_PRIMARSCHULE', '0.6', @testgemeinde_grenchen_id, @gesuchperiode_23_24_id, @mandant_id_solothurn, null);
INSERT IGNORE INTO einstellung (id, timestamp_erstellt, timestamp_mutiert, user_erstellt, user_mutiert, version, einstellung_key, value, gemeinde_id, gesuchsperiode_id, mandant_id, erklaerung) VALUES (UNHEX('A88719DD13094B9D8712211E63E21CA7'), '2023-12-08 11:11:27', '2023-12-08 11:12:45', 'ebegu:Kanton Solothurn', 'ebegu:Kanton Solothurn', 1, 'KITA_STUNDEN_PRO_TAG', '10', null, @gesuchperiode_23_24_id, null, null);
INSERT IGNORE INTO einstellung (id, timestamp_erstellt, timestamp_mutiert, user_erstellt, user_mutiert, version, einstellung_key, value, gemeinde_id, gesuchsperiode_id, mandant_id, erklaerung) VALUES (UNHEX('A8EC777FF2F34F27BE8C3F423B0C2DB4'), '2023-12-08 11:11:27', '2023-12-08 11:12:45', 'ebegu:Kanton Solothurn', 'ebegu:Kanton Solothurn', 1, 'ANSPRUCH_AB_X_MONATEN', '0', null, @gesuchperiode_23_24_id, null, null);
INSERT IGNORE INTO einstellung (id, timestamp_erstellt, timestamp_mutiert, user_erstellt, user_mutiert, version, einstellung_key, value, gemeinde_id, gesuchsperiode_id, mandant_id, erklaerung) VALUES (UNHEX('A94219CC3E3F4C22A862CBDE49C6BD46'), '2023-12-08 11:13:39', '2023-12-08 11:13:39', 'ebegu:Kanton Solothurn', 'ebegu:Kanton Solothurn', 0, 'MAX_VERGUENSTIGUNG_KINDERGARTEN_PRO_TG', '70', @testgemeinde_solothurn_id, @gesuchperiode_23_24_id, @mandant_id_solothurn, null);
INSERT IGNORE INTO einstellung (id, timestamp_erstellt, timestamp_mutiert, user_erstellt, user_mutiert, version, einstellung_key, value, gemeinde_id, gesuchsperiode_id, mandant_id, erklaerung) VALUES (UNHEX('AA15E9A7F40D4E29809BB517F8079DB5'), '2023-12-08 11:11:27', '2023-12-08 11:11:27', 'ebegu:Kanton Solothurn', 'ebegu:Kanton Solothurn', 0, 'GEMEINDE_MAHLZEITENVERGUENSTIGUNG_EINKOMMENSSTUFE_1_MAX_EINKOMMEN', '51000', null, @gesuchperiode_23_24_id, @mandant_id_solothurn, null);
INSERT IGNORE INTO einstellung (id, timestamp_erstellt, timestamp_mutiert, user_erstellt, user_mutiert, version, einstellung_key, value, gemeinde_id, gesuchsperiode_id, mandant_id, erklaerung) VALUES (UNHEX('AA2988DFAFA04FDEA17CD65190750D02'), '2023-12-08 11:18:03', '2023-12-08 11:18:03', 'ebegu:Kanton Solothurn', 'ebegu:Kanton Solothurn', 0, 'GEMEINDE_MAHLZEITENVERGUENSTIGUNG_EINKOMMENSSTUFE_1_VERGUENSTIGUNG_MAHLZEIT', '6.00', @testgemeinde_grenchen_id, @gesuchperiode_23_24_id, @mandant_id_solothurn, null);
INSERT IGNORE INTO einstellung (id, timestamp_erstellt, timestamp_mutiert, user_erstellt, user_mutiert, version, einstellung_key, value, gemeinde_id, gesuchsperiode_id, mandant_id, erklaerung) VALUES (UNHEX('AB568AE0706B4B628EB190C64DD73EBF'), '2023-12-08 11:13:39', '2023-12-08 11:13:39', 'ebegu:Kanton Solothurn', 'ebegu:Kanton Solothurn', 0, 'GEMEINDE_ZUSAETZLICHER_GUTSCHEIN_ENABLED', 'false', @testgemeinde_solothurn_id, @gesuchperiode_23_24_id, @mandant_id_solothurn, null);
INSERT IGNORE INTO einstellung (id, timestamp_erstellt, timestamp_mutiert, user_erstellt, user_mutiert, version, einstellung_key, value, gemeinde_id, gesuchsperiode_id, mandant_id, erklaerung) VALUES (UNHEX('AB577398B36E4CACA847F26978FFB261'), '2023-12-08 11:11:27', '2023-12-08 11:12:45', 'ebegu:Kanton Solothurn', 'ebegu:Kanton Solothurn', 1, 'AUSWEIS_NACHWEIS_REQUIRED', 'false', null, @gesuchperiode_23_24_id, null, null);
INSERT IGNORE INTO einstellung (id, timestamp_erstellt, timestamp_mutiert, user_erstellt, user_mutiert, version, einstellung_key, value, gemeinde_id, gesuchsperiode_id, mandant_id, erklaerung) VALUES (UNHEX('AB8D463A26154640851D15CB3A37026D'), '2023-12-08 11:18:03', '2023-12-08 11:18:03', 'ebegu:Kanton Solothurn', 'ebegu:Kanton Solothurn', 0, 'GEMEINDE_MAHLZEITENVERGUENSTIGUNG_EINKOMMENSSTUFE_3_VERGUENSTIGUNG_MAHLZEIT', '0', @testgemeinde_grenchen_id, @gesuchperiode_23_24_id, @mandant_id_solothurn, null);
INSERT IGNORE INTO einstellung (id, timestamp_erstellt, timestamp_mutiert, user_erstellt, user_mutiert, version, einstellung_key, value, gemeinde_id, gesuchsperiode_id, mandant_id, erklaerung) VALUES (UNHEX('AD0B8488F06E458BAD68B4AB22AE0EA2'), '2023-12-08 11:11:27', '2023-12-08 11:12:45', 'ebegu:Kanton Solothurn', 'ebegu:Kanton Solothurn', 1, 'EINGEWOEHNUNG_TYP', 'KEINE', null, @gesuchperiode_23_24_id, null, null);
INSERT IGNORE INTO einstellung (id, timestamp_erstellt, timestamp_mutiert, user_erstellt, user_mutiert, version, einstellung_key, value, gemeinde_id, gesuchsperiode_id, mandant_id, erklaerung) VALUES (UNHEX('B0C03A95471C439695C8537A932E8E3A'), '2023-12-08 11:13:39', '2023-12-08 11:13:39', 'ebegu:Kanton Solothurn', 'ebegu:Kanton Solothurn', 0, 'MAX_VERGUENSTIGUNG_PRIMAR_PRO_STD', '7', @testgemeinde_solothurn_id, @gesuchperiode_23_24_id, @mandant_id_solothurn, null);
INSERT IGNORE INTO einstellung (id, timestamp_erstellt, timestamp_mutiert, user_erstellt, user_mutiert, version, einstellung_key, value, gemeinde_id, gesuchsperiode_id, mandant_id, erklaerung) VALUES (UNHEX('B1D340EE342E4751B8A6C2028E100C55'), '2023-12-08 11:18:03', '2023-12-08 11:18:03', 'ebegu:Kanton Solothurn', 'ebegu:Kanton Solothurn', 0, 'MAX_VERGUENSTIGUNG_VORSCHULE_BABY_PRO_TG', '140', @testgemeinde_grenchen_id, @gesuchperiode_23_24_id, @mandant_id_solothurn, null);
INSERT IGNORE INTO einstellung (id, timestamp_erstellt, timestamp_mutiert, user_erstellt, user_mutiert, version, einstellung_key, value, gemeinde_id, gesuchsperiode_id, mandant_id, erklaerung) VALUES (UNHEX('B28053BF188E4F1F84E5E80AD55378E9'), '2023-12-08 11:11:27', '2023-12-08 11:12:45', 'ebegu:Kanton Solothurn', 'ebegu:Kanton Solothurn', 1, 'FACHSTELLEN_TYP', 'BERN', null, @gesuchperiode_23_24_id, null, null);
INSERT IGNORE INTO einstellung (id, timestamp_erstellt, timestamp_mutiert, user_erstellt, user_mutiert, version, einstellung_key, value, gemeinde_id, gesuchsperiode_id, mandant_id, erklaerung) VALUES (UNHEX('B3F72DF4084F416D962937BA0F812F1D'), '2023-12-08 11:11:27', '2023-12-08 11:12:45', 'ebegu:Kanton Solothurn', 'ebegu:Kanton Solothurn', 1, 'MAX_VERGUENSTIGUNG_KINDERGARTEN_PRO_TG', '70', null, @gesuchperiode_23_24_id, null, null);
INSERT IGNORE INTO einstellung (id, timestamp_erstellt, timestamp_mutiert, user_erstellt, user_mutiert, version, einstellung_key, value, gemeinde_id, gesuchsperiode_id, mandant_id, erklaerung) VALUES (UNHEX('B51A72411F394AB2BBB736A7BED3B926'), '2023-12-08 11:18:03', '2023-12-08 11:18:54', 'ebegu:Kanton Solothurn', 'ebegu:Kanton Solothurn', 1, 'MAX_VERGUENSTIGUNG_KINDERGARTEN_PRO_TG', '95', @testgemeinde_grenchen_id, @gesuchperiode_23_24_id, @mandant_id_solothurn, null);
INSERT IGNORE INTO einstellung (id, timestamp_erstellt, timestamp_mutiert, user_erstellt, user_mutiert, version, einstellung_key, value, gemeinde_id, gesuchsperiode_id, mandant_id, erklaerung) VALUES (UNHEX('B5E4978FE48B40728276910CC8020766'), '2023-12-08 11:13:39', '2023-12-08 11:13:39', 'ebegu:Kanton Solothurn', 'ebegu:Kanton Solothurn', 0, 'GEMEINDE_MAHLZEITENVERGUENSTIGUNG_EINKOMMENSSTUFE_1_VERGUENSTIGUNG_MAHLZEIT', '6.00', @testgemeinde_solothurn_id, @gesuchperiode_23_24_id, @mandant_id_solothurn, null);
INSERT IGNORE INTO einstellung (id, timestamp_erstellt, timestamp_mutiert, user_erstellt, user_mutiert, version, einstellung_key, value, gemeinde_id, gesuchsperiode_id, mandant_id, erklaerung) VALUES (UNHEX('B690A91A823F486485C220BB17245828'), '2023-12-08 11:13:39', '2023-12-08 11:13:39', 'ebegu:Kanton Solothurn', 'ebegu:Kanton Solothurn', 0, 'GEMEINDE_PAUSCHALBETRAG_HOHE_EINKOMMENSKLASSEN_AKTIVIERT', 'false', @testgemeinde_solothurn_id, @gesuchperiode_23_24_id, @mandant_id_solothurn, null);
INSERT IGNORE INTO einstellung (id, timestamp_erstellt, timestamp_mutiert, user_erstellt, user_mutiert, version, einstellung_key, value, gemeinde_id, gesuchsperiode_id, mandant_id, erklaerung) VALUES (UNHEX('B869EDB95C2D44A58318D36123BD0565'), '2023-12-08 11:13:39', '2023-12-08 11:13:39', 'ebegu:Kanton Solothurn', 'ebegu:Kanton Solothurn', 0, 'GEMEINDE_BG_BIS_UND_MIT_SCHULSTUFE', 'KINDERGARTEN2', @testgemeinde_solothurn_id, @gesuchperiode_23_24_id, @mandant_id_solothurn, null);
INSERT IGNORE INTO einstellung (id, timestamp_erstellt, timestamp_mutiert, user_erstellt, user_mutiert, version, einstellung_key, value, gemeinde_id, gesuchsperiode_id, mandant_id, erklaerung) VALUES (UNHEX('B915B7E9E1C944A9A484F64A89183538'), '2023-12-08 11:18:03', '2023-12-08 11:18:03', 'ebegu:Kanton Solothurn', 'ebegu:Kanton Solothurn', 0, 'ZUSCHLAG_BEHINDERUNG_PRO_TG', '60', @testgemeinde_grenchen_id, @gesuchperiode_23_24_id, @mandant_id_solothurn, null);
INSERT IGNORE INTO einstellung (id, timestamp_erstellt, timestamp_mutiert, user_erstellt, user_mutiert, version, einstellung_key, value, gemeinde_id, gesuchsperiode_id, mandant_id, erklaerung) VALUES (UNHEX('B9D2AB2390364151895CC2B6B0E15F19'), '2023-12-08 11:18:03', '2023-12-08 11:18:03', 'ebegu:Kanton Solothurn', 'ebegu:Kanton Solothurn', 0, 'MAX_VERGUENSTIGUNG_VORSCHULE_KIND_PRO_STD', '9.5', @testgemeinde_grenchen_id, @gesuchperiode_23_24_id, @mandant_id_solothurn, null);
INSERT IGNORE INTO einstellung (id, timestamp_erstellt, timestamp_mutiert, user_erstellt, user_mutiert, version, einstellung_key, value, gemeinde_id, gesuchsperiode_id, mandant_id, erklaerung) VALUES (UNHEX('BF9FF89135264FABA0179F64F909D10E'), '2023-12-08 11:11:27', '2023-12-08 11:12:45', 'ebegu:Kanton Solothurn', 'ebegu:Kanton Solothurn', 1, 'PARAM_PENSUM_TAGESSCHULE_MIN', '0', null, @gesuchperiode_23_24_id, null, null);
INSERT IGNORE INTO einstellung (id, timestamp_erstellt, timestamp_mutiert, user_erstellt, user_mutiert, version, einstellung_key, value, gemeinde_id, gesuchsperiode_id, mandant_id, erklaerung) VALUES (UNHEX('C0240E73B05A416BBBC130A7218872CB'), '2023-12-08 11:13:39', '2023-12-08 11:13:39', 'ebegu:Kanton Solothurn', 'ebegu:Kanton Solothurn', 0, 'GEMEINDE_MAHLZEITENVERGUENSTIGUNG_ENABLED', 'false', @testgemeinde_solothurn_id, @gesuchperiode_23_24_id, @mandant_id_solothurn, null);
INSERT IGNORE INTO einstellung (id, timestamp_erstellt, timestamp_mutiert, user_erstellt, user_mutiert, version, einstellung_key, value, gemeinde_id, gesuchsperiode_id, mandant_id, erklaerung) VALUES (UNHEX('C14BC79737C44447B9FD7A041C23E56A'), '2023-12-08 11:18:03', '2023-12-08 11:18:03', 'ebegu:Kanton Solothurn', 'ebegu:Kanton Solothurn', 0, 'GEMEINDE_ZUSAETZLICHER_BABYBEITRAG_BETRAG_TFO', '0.00', @testgemeinde_grenchen_id, @gesuchperiode_23_24_id, @mandant_id_solothurn, null);
INSERT IGNORE INTO einstellung (id, timestamp_erstellt, timestamp_mutiert, user_erstellt, user_mutiert, version, einstellung_key, value, gemeinde_id, gesuchsperiode_id, mandant_id, erklaerung) VALUES (UNHEX('C1D0FD30A4EC41F7983E2DC35D9C1D7E'), '2023-12-08 11:13:39', '2023-12-08 11:13:39', 'ebegu:Kanton Solothurn', 'ebegu:Kanton Solothurn', 0, 'GEMEINDE_ZUSAETZLICHER_GUTSCHEIN_BIS_UND_MIT_SCHULSTUFE_TFO', 'VORSCHULALTER', @testgemeinde_solothurn_id, @gesuchperiode_23_24_id, @mandant_id_solothurn, null);
INSERT IGNORE INTO einstellung (id, timestamp_erstellt, timestamp_mutiert, user_erstellt, user_mutiert, version, einstellung_key, value, gemeinde_id, gesuchsperiode_id, mandant_id, erklaerung) VALUES (UNHEX('C24CF9AC23D54BFBA7758D948C816993'), '2023-12-08 11:11:27', '2023-12-08 11:12:45', 'ebegu:Kanton Solothurn', 'ebegu:Kanton Solothurn', 1, 'FACHSTELLE_MIN_PENSUM_SPRACHLICHE_INTEGRATION', '40', null, @gesuchperiode_23_24_id, null, null);
INSERT IGNORE INTO einstellung (id, timestamp_erstellt, timestamp_mutiert, user_erstellt, user_mutiert, version, einstellung_key, value, gemeinde_id, gesuchsperiode_id, mandant_id, erklaerung) VALUES (UNHEX('C358D1EFD7EA48FEA1C108D99BFA3C11'), '2023-12-08 11:11:27', '2023-12-08 11:11:27', 'ebegu:Kanton Solothurn', 'ebegu:Kanton Solothurn', 0, 'GEMEINDE_ZUSAETZLICHER_GUTSCHEIN_BETRAG_TFO', '0.00', null, @gesuchperiode_23_24_id, @mandant_id_solothurn, null);
INSERT IGNORE INTO einstellung (id, timestamp_erstellt, timestamp_mutiert, user_erstellt, user_mutiert, version, einstellung_key, value, gemeinde_id, gesuchsperiode_id, mandant_id, erklaerung) VALUES (UNHEX('C3F0696FEF4246F3B39FD30CA4982EF8'), '2023-12-08 11:18:03', '2023-12-08 11:18:03', 'ebegu:Kanton Solothurn', 'ebegu:Kanton Solothurn', 0, 'GEMEINDE_TAGESSCHULE_ERSTER_SCHULTAG', '01.08.2023', @testgemeinde_grenchen_id, @gesuchperiode_23_24_id, @mandant_id_solothurn, null);
INSERT IGNORE INTO einstellung (id, timestamp_erstellt, timestamp_mutiert, user_erstellt, user_mutiert, version, einstellung_key, value, gemeinde_id, gesuchsperiode_id, mandant_id, erklaerung) VALUES (UNHEX('C466E790EB014CD7BE04DC665F20DF07'), '2023-12-08 11:11:27', '2023-12-08 11:12:45', 'ebegu:Kanton Solothurn', 'ebegu:Kanton Solothurn', 1, 'GESCHWISTERNBONUS_AKTIVIERT', 'false', null, @gesuchperiode_23_24_id, null, null);
INSERT IGNORE INTO einstellung (id, timestamp_erstellt, timestamp_mutiert, user_erstellt, user_mutiert, version, einstellung_key, value, gemeinde_id, gesuchsperiode_id, mandant_id, erklaerung) VALUES (UNHEX('C535061A660B491A8FDBCAFFDAA837A2'), '2023-12-08 11:13:39', '2023-12-08 11:13:39', 'ebegu:Kanton Solothurn', 'ebegu:Kanton Solothurn', 0, 'GEMEINDE_ZUSAETZLICHER_ANSPRUCH_FREIWILLIGENARBEIT_MAXPROZENT', '0', @testgemeinde_solothurn_id, @gesuchperiode_23_24_id, @mandant_id_solothurn, null);
INSERT IGNORE INTO einstellung (id, timestamp_erstellt, timestamp_mutiert, user_erstellt, user_mutiert, version, einstellung_key, value, gemeinde_id, gesuchsperiode_id, mandant_id, erklaerung) VALUES (UNHEX('C7643C6BB73F4C22ADFC70E2B37F0682'), '2023-12-08 11:11:27', '2023-12-08 11:12:45', 'ebegu:Kanton Solothurn', 'ebegu:Kanton Solothurn', 1, 'MIN_MASSGEBENDES_EINKOMMEN', '40000', null, @gesuchperiode_23_24_id, null, null);
INSERT IGNORE INTO einstellung (id, timestamp_erstellt, timestamp_mutiert, user_erstellt, user_mutiert, version, einstellung_key, value, gemeinde_id, gesuchsperiode_id, mandant_id, erklaerung) VALUES (UNHEX('CB01D105B6C24A118AE38550FE4A5A6F'), '2023-12-08 11:11:27', '2023-12-08 11:12:45', 'ebegu:Kanton Solothurn', 'ebegu:Kanton Solothurn', 1, 'AUSSERORDENTLICHER_ANSPRUCH_RULE', 'KEINE', null, @gesuchperiode_23_24_id, null, null);
INSERT IGNORE INTO einstellung (id, timestamp_erstellt, timestamp_mutiert, user_erstellt, user_mutiert, version, einstellung_key, value, gemeinde_id, gesuchsperiode_id, mandant_id, erklaerung) VALUES (UNHEX('CB8B453868D14CC7807B060AEB811E55'), '2023-12-08 11:11:27', '2023-12-08 11:12:45', 'ebegu:Kanton Solothurn', 'ebegu:Kanton Solothurn', 1, 'MAX_VERGUENSTIGUNG_VORSCHULE_KIND_PRO_TG', '95', null, @gesuchperiode_23_24_id, null, null);
INSERT IGNORE INTO einstellung (id, timestamp_erstellt, timestamp_mutiert, user_erstellt, user_mutiert, version, einstellung_key, value, gemeinde_id, gesuchsperiode_id, mandant_id, erklaerung) VALUES (UNHEX('CB9FC9C1E97B452B8575648B9BD52F8B'), '2023-12-08 11:13:39', '2023-12-08 11:13:39', 'ebegu:Kanton Solothurn', 'ebegu:Kanton Solothurn', 0, 'MAX_VERGUENSTIGUNG_VORSCHULE_KIND_PRO_STD', '9.5', @testgemeinde_solothurn_id, @gesuchperiode_23_24_id, @mandant_id_solothurn, null);
INSERT IGNORE INTO einstellung (id, timestamp_erstellt, timestamp_mutiert, user_erstellt, user_mutiert, version, einstellung_key, value, gemeinde_id, gesuchsperiode_id, mandant_id, erklaerung) VALUES (UNHEX('CCE422C5090C44CC9E9BBB28DE9FAD11'), '2023-12-08 11:11:27', '2023-12-08 11:12:45', 'ebegu:Kanton Solothurn', 'ebegu:Kanton Solothurn', 1, 'MIN_ERWERBSPENSUM_EINGESCHULT', '40', null, @gesuchperiode_23_24_id, null, null);
INSERT IGNORE INTO einstellung (id, timestamp_erstellt, timestamp_mutiert, user_erstellt, user_mutiert, version, einstellung_key, value, gemeinde_id, gesuchsperiode_id, mandant_id, erklaerung) VALUES (UNHEX('CD43350E0BC94D03B12DFE2DB3F3B559'), '2023-12-08 11:11:27', '2023-12-08 11:12:45', 'ebegu:Kanton Solothurn', 'ebegu:Kanton Solothurn', 1, 'FACHSTELLE_MIN_PENSUM_SOZIALE_INTEGRATION', '20', null, @gesuchperiode_23_24_id, null, null);
INSERT IGNORE INTO einstellung (id, timestamp_erstellt, timestamp_mutiert, user_erstellt, user_mutiert, version, einstellung_key, value, gemeinde_id, gesuchsperiode_id, mandant_id, erklaerung) VALUES (UNHEX('CD9B2FF1A1DF40998EDE5DDFE8E693D1'), '2023-12-08 11:13:39', '2023-12-08 11:13:39', 'ebegu:Kanton Solothurn', 'ebegu:Kanton Solothurn', 0, 'ZUSCHLAG_BEHINDERUNG_PRO_TG', '60', @testgemeinde_solothurn_id, @gesuchperiode_23_24_id, @mandant_id_solothurn, null);
INSERT IGNORE INTO einstellung (id, timestamp_erstellt, timestamp_mutiert, user_erstellt, user_mutiert, version, einstellung_key, value, gemeinde_id, gesuchsperiode_id, mandant_id, erklaerung) VALUES (UNHEX('CE6201E0B8F04EA1BEEE771E24D61D0B'), '2023-12-08 11:18:03', '2023-12-08 11:18:03', 'ebegu:Kanton Solothurn', 'ebegu:Kanton Solothurn', 0, 'GEMEINDE_ZUSAETZLICHER_ANSPRUCH_FREIWILLIGENARBEIT_ENABLED', 'false', @testgemeinde_grenchen_id, @gesuchperiode_23_24_id, @mandant_id_solothurn, null);
INSERT IGNORE INTO einstellung (id, timestamp_erstellt, timestamp_mutiert, user_erstellt, user_mutiert, version, einstellung_key, value, gemeinde_id, gesuchsperiode_id, mandant_id, erklaerung) VALUES (UNHEX('CF66AD8B4E8645B8B5F1D0B9EC3FEA65'), '2023-12-08 11:18:03', '2023-12-08 11:18:03', 'ebegu:Kanton Solothurn', 'ebegu:Kanton Solothurn', 0, 'GEMEINDE_MAHLZEITENVERGUENSTIGUNG_ENABLED', 'false', @testgemeinde_grenchen_id, @gesuchperiode_23_24_id, @mandant_id_solothurn, null);
INSERT IGNORE INTO einstellung (id, timestamp_erstellt, timestamp_mutiert, user_erstellt, user_mutiert, version, einstellung_key, value, gemeinde_id, gesuchsperiode_id, mandant_id, erklaerung) VALUES (UNHEX('D0727CA9D8C64D35BEED186A6255F460'), '2023-12-08 11:18:03', '2023-12-08 11:18:54', 'ebegu:Kanton Solothurn', 'ebegu:Kanton Solothurn', 1, 'MAX_MASSGEBENDES_EINKOMMEN', '200000', @testgemeinde_grenchen_id, @gesuchperiode_23_24_id, @mandant_id_solothurn, null);
INSERT IGNORE INTO einstellung (id, timestamp_erstellt, timestamp_mutiert, user_erstellt, user_mutiert, version, einstellung_key, value, gemeinde_id, gesuchsperiode_id, mandant_id, erklaerung) VALUES (UNHEX('D117CA5BB22D4A4C8707C456EC5B6F83'), '2023-12-08 11:18:03', '2023-12-08 11:18:03', 'ebegu:Kanton Solothurn', 'ebegu:Kanton Solothurn', 0, 'GEMEINDE_KONTINGENTIERUNG_ENABLED', 'false', @testgemeinde_grenchen_id, @gesuchperiode_23_24_id, @mandant_id_solothurn, null);
INSERT IGNORE INTO einstellung (id, timestamp_erstellt, timestamp_mutiert, user_erstellt, user_mutiert, version, einstellung_key, value, gemeinde_id, gesuchsperiode_id, mandant_id, erklaerung) VALUES (UNHEX('D1499D4A77694229BCE96F951109F091'), '2023-12-08 11:11:27', '2023-12-08 11:12:45', 'ebegu:Kanton Solothurn', 'ebegu:Kanton Solothurn', 1, 'FINANZIELLE_SITUATION_TYP', 'SOLOTHURN', null, @gesuchperiode_23_24_id, null, null);
INSERT IGNORE INTO einstellung (id, timestamp_erstellt, timestamp_mutiert, user_erstellt, user_mutiert, version, einstellung_key, value, gemeinde_id, gesuchsperiode_id, mandant_id, erklaerung) VALUES (UNHEX('D18F002AE7064159BF369620C76FB3C7'), '2023-12-08 11:18:03', '2023-12-08 11:18:03', 'ebegu:Kanton Solothurn', 'ebegu:Kanton Solothurn', 0, 'GEMEINDE_MAHLZEITENVERGUENSTIGUNG_FUER_SOZIALHILFEBEZUEGER_ENABLED', 'false', @testgemeinde_grenchen_id, @gesuchperiode_23_24_id, @mandant_id_solothurn, null);
INSERT IGNORE INTO einstellung (id, timestamp_erstellt, timestamp_mutiert, user_erstellt, user_mutiert, version, einstellung_key, value, gemeinde_id, gesuchsperiode_id, mandant_id, erklaerung) VALUES (UNHEX('D40388D1BC8F498087C095A3EC9F1AD8'), '2023-12-08 11:18:03', '2023-12-08 11:18:03', 'ebegu:Kanton Solothurn', 'ebegu:Kanton Solothurn', 0, 'GEMEINDE_MAHLZEITENVERGUENSTIGUNG_EINKOMMENSSTUFE_2_MAX_EINKOMMEN', '70000', @testgemeinde_grenchen_id, @gesuchperiode_23_24_id, @mandant_id_solothurn, null);
INSERT IGNORE INTO einstellung (id, timestamp_erstellt, timestamp_mutiert, user_erstellt, user_mutiert, version, einstellung_key, value, gemeinde_id, gesuchsperiode_id, mandant_id, erklaerung) VALUES (UNHEX('D44919CAAB7349BC938F65743A2E47D2'), '2023-12-08 11:11:27', '2023-12-08 11:12:45', 'ebegu:Kanton Solothurn', 'ebegu:Kanton Solothurn', 1, 'FERIENBETREUUNG_CHF_PAUSCHALBETRAG', '30', null, @gesuchperiode_23_24_id, null, null);
INSERT IGNORE INTO einstellung (id, timestamp_erstellt, timestamp_mutiert, user_erstellt, user_mutiert, version, einstellung_key, value, gemeinde_id, gesuchsperiode_id, mandant_id, erklaerung) VALUES (UNHEX('D4A1BB8715B043058EC77DDC4977832F'), '2023-12-08 11:18:03', '2023-12-08 11:18:03', 'ebegu:Kanton Solothurn', 'ebegu:Kanton Solothurn', 0, 'GEMEINDE_BG_BIS_UND_MIT_SCHULSTUFE', 'KINDERGARTEN2', @testgemeinde_grenchen_id, @gesuchperiode_23_24_id, @mandant_id_solothurn, null);
INSERT IGNORE INTO einstellung (id, timestamp_erstellt, timestamp_mutiert, user_erstellt, user_mutiert, version, einstellung_key, value, gemeinde_id, gesuchsperiode_id, mandant_id, erklaerung) VALUES (UNHEX('D5C3DB313B184EF4A8124B2721EF1D00'), '2023-12-08 11:11:27', '2023-12-08 11:12:45', 'ebegu:Kanton Solothurn', 'ebegu:Kanton Solothurn', 1, 'VERFUEGUNG_EINGESCHRIEBEN_VERSENDEN_AKTIVIERT', 'true', null, @gesuchperiode_23_24_id, null, null);
INSERT IGNORE INTO einstellung (id, timestamp_erstellt, timestamp_mutiert, user_erstellt, user_mutiert, version, einstellung_key, value, gemeinde_id, gesuchsperiode_id, mandant_id, erklaerung) VALUES (UNHEX('D5E2B2B5443E4554B5FF86FCA725F6BF'), '2023-12-08 11:18:03', '2023-12-08 11:18:03', 'ebegu:Kanton Solothurn', 'ebegu:Kanton Solothurn', 0, 'MIN_VERGUENSTIGUNG_PRO_TG', '30', @testgemeinde_grenchen_id, @gesuchperiode_23_24_id, @mandant_id_solothurn, null);
INSERT IGNORE INTO einstellung (id, timestamp_erstellt, timestamp_mutiert, user_erstellt, user_mutiert, version, einstellung_key, value, gemeinde_id, gesuchsperiode_id, mandant_id, erklaerung) VALUES (UNHEX('D655F0E9D9494D96B8C1FB2E9152A165'), '2023-12-08 11:11:27', '2023-12-08 11:11:27', 'ebegu:Kanton Solothurn', 'ebegu:Kanton Solothurn', 0, 'GEMEINDE_SCHNITTSTELLE_KITAX_ENABLED', 'false', null, @gesuchperiode_23_24_id, @mandant_id_solothurn, null);
INSERT IGNORE INTO einstellung (id, timestamp_erstellt, timestamp_mutiert, user_erstellt, user_mutiert, version, einstellung_key, value, gemeinde_id, gesuchsperiode_id, mandant_id, erklaerung) VALUES (UNHEX('D6A110E18DD9401884A02C07082C96FF'), '2023-12-08 11:13:39', '2023-12-08 11:13:39', 'ebegu:Kanton Solothurn', 'ebegu:Kanton Solothurn', 0, 'GEMEINDE_MIN_ERWERBSPENSUM_NICHT_EINGESCHULT', '20', @testgemeinde_solothurn_id, @gesuchperiode_23_24_id, @mandant_id_solothurn, null);
INSERT IGNORE INTO einstellung (id, timestamp_erstellt, timestamp_mutiert, user_erstellt, user_mutiert, version, einstellung_key, value, gemeinde_id, gesuchsperiode_id, mandant_id, erklaerung) VALUES (UNHEX('D6FE3B204C384E75967A97AC36AD8970'), '2023-12-08 11:11:27', '2023-12-08 11:12:45', 'ebegu:Kanton Solothurn', 'ebegu:Kanton Solothurn', 1, 'OEFFNUNGSTAGE_KITA', '240', null, @gesuchperiode_23_24_id, null, null);
INSERT IGNORE INTO einstellung (id, timestamp_erstellt, timestamp_mutiert, user_erstellt, user_mutiert, version, einstellung_key, value, gemeinde_id, gesuchsperiode_id, mandant_id, erklaerung) VALUES (UNHEX('DA26FA81943E40A0B814DA736F24E099'), '2023-12-08 11:18:03', '2023-12-08 11:18:03', 'ebegu:Kanton Solothurn', 'ebegu:Kanton Solothurn', 0, 'GEMEINDE_TAGESSCHULE_ZUSAETZLICHE_ANGABEN_ZUR_ANMELDUNG', 'false', @testgemeinde_grenchen_id, @gesuchperiode_23_24_id, @mandant_id_solothurn, null);
INSERT IGNORE INTO einstellung (id, timestamp_erstellt, timestamp_mutiert, user_erstellt, user_mutiert, version, einstellung_key, value, gemeinde_id, gesuchsperiode_id, mandant_id, erklaerung) VALUES (UNHEX('DB20A2540E8D4C649EFD9EB519C49132'), '2023-12-08 11:18:03', '2023-12-08 11:18:03', 'ebegu:Kanton Solothurn', 'ebegu:Kanton Solothurn', 0, 'GEMEINDE_ZUSAETZLICHER_GUTSCHEIN_ENABLED', 'false', @testgemeinde_grenchen_id, @gesuchperiode_23_24_id, @mandant_id_solothurn, null);
INSERT IGNORE INTO einstellung (id, timestamp_erstellt, timestamp_mutiert, user_erstellt, user_mutiert, version, einstellung_key, value, gemeinde_id, gesuchsperiode_id, mandant_id, erklaerung) VALUES (UNHEX('DBB96A91CED349F3BF527B0B7180772E'), '2023-12-08 11:11:27', '2023-12-08 11:12:45', 'ebegu:Kanton Solothurn', 'ebegu:Kanton Solothurn', 1, 'MIN_TARIF', '0.78', null, @gesuchperiode_23_24_id, null, null);
INSERT IGNORE INTO einstellung (id, timestamp_erstellt, timestamp_mutiert, user_erstellt, user_mutiert, version, einstellung_key, value, gemeinde_id, gesuchsperiode_id, mandant_id, erklaerung) VALUES (UNHEX('DF597513AFF543E594628F6FC00185C3'), '2023-12-08 11:11:27', '2023-12-08 11:11:27', 'ebegu:Kanton Solothurn', 'ebegu:Kanton Solothurn', 0, 'ZAHLUNGSANGABEN_ANTRAGSTELLER_REQUIRED', 'false', null, @gesuchperiode_23_24_id, null, null);
INSERT IGNORE INTO einstellung (id, timestamp_erstellt, timestamp_mutiert, user_erstellt, user_mutiert, version, einstellung_key, value, gemeinde_id, gesuchsperiode_id, mandant_id, erklaerung) VALUES (UNHEX('DF5BA98003B7406B902651D7D475E60F'), '2023-12-08 11:11:27', '2023-12-08 11:12:45', 'ebegu:Kanton Solothurn', 'ebegu:Kanton Solothurn', 1, 'FKJV_FAMILIENSITUATION_NEU', 'false', null, @gesuchperiode_23_24_id, null, null);
INSERT IGNORE INTO einstellung (id, timestamp_erstellt, timestamp_mutiert, user_erstellt, user_mutiert, version, einstellung_key, value, gemeinde_id, gesuchsperiode_id, mandant_id, erklaerung) VALUES (UNHEX('DFB7029E50924829A7BE5244D982E47A'), '2023-12-08 11:11:27', '2023-12-08 11:12:45', 'ebegu:Kanton Solothurn', 'ebegu:Kanton Solothurn', 1, 'PARAM_PAUSCHALABZUG_PRO_PERSON_FAMILIENGROESSE_4', '0', null, @gesuchperiode_23_24_id, null, null);
INSERT IGNORE INTO einstellung (id, timestamp_erstellt, timestamp_mutiert, user_erstellt, user_mutiert, version, einstellung_key, value, gemeinde_id, gesuchsperiode_id, mandant_id, erklaerung) VALUES (UNHEX('E1B56A7D3B7346579F739D7D84C23599'), '2023-12-08 11:11:27', '2023-12-08 11:12:45', 'ebegu:Kanton Solothurn', 'ebegu:Kanton Solothurn', 1, 'MIN_VERGUENSTIGUNG_PRO_TG', '30', null, @gesuchperiode_23_24_id, null, null);
INSERT IGNORE INTO einstellung (id, timestamp_erstellt, timestamp_mutiert, user_erstellt, user_mutiert, version, einstellung_key, value, gemeinde_id, gesuchsperiode_id, mandant_id, erklaerung) VALUES (UNHEX('E1DE7D569806413DA7BEC0F86A7AD31A'), '2023-12-08 11:11:27', '2023-12-08 11:12:45', 'ebegu:Kanton Solothurn', 'ebegu:Kanton Solothurn', 1, 'MAX_TARIF_MIT_PAEDAGOGISCHER_BETREUUNG', '12.24', null, @gesuchperiode_23_24_id, null, null);
INSERT IGNORE INTO einstellung (id, timestamp_erstellt, timestamp_mutiert, user_erstellt, user_mutiert, version, einstellung_key, value, gemeinde_id, gesuchsperiode_id, mandant_id, erklaerung) VALUES (UNHEX('E3F111467CEB43DF8CB98B2A606B4725'), '2023-12-08 11:11:27', '2023-12-08 11:12:45', 'ebegu:Kanton Solothurn', 'ebegu:Kanton Solothurn', 1, 'PARAM_PENSUM_TAGESELTERN_MIN', '0', null, @gesuchperiode_23_24_id, null, null);
INSERT IGNORE INTO einstellung (id, timestamp_erstellt, timestamp_mutiert, user_erstellt, user_mutiert, version, einstellung_key, value, gemeinde_id, gesuchsperiode_id, mandant_id, erklaerung) VALUES (UNHEX('E4F9794C8D4A4B3EB56EDA0D444B68BF'), '2023-12-08 11:11:27', '2023-12-08 11:12:45', 'ebegu:Kanton Solothurn', 'ebegu:Kanton Solothurn', 1, 'GEMEINDE_PAUSCHALBETRAG_HOHE_EINKOMMENSKLASSEN_MAX_MASSGEBENDEN_EINKOMMEN_FUER_BERECHNUNG', '0', null, @gesuchperiode_23_24_id, null, null);
INSERT IGNORE INTO einstellung (id, timestamp_erstellt, timestamp_mutiert, user_erstellt, user_mutiert, version, einstellung_key, value, gemeinde_id, gesuchsperiode_id, mandant_id, erklaerung) VALUES (UNHEX('E56619FF805348F8915BB800F3E44C1C'), '2023-12-08 11:11:27', '2023-12-08 11:12:45', 'ebegu:Kanton Solothurn', 'ebegu:Kanton Solothurn', 1, 'DAUER_BABYTARIF', '18', null, @gesuchperiode_23_24_id, null, null);
INSERT IGNORE INTO einstellung (id, timestamp_erstellt, timestamp_mutiert, user_erstellt, user_mutiert, version, einstellung_key, value, gemeinde_id, gesuchsperiode_id, mandant_id, erklaerung) VALUES (UNHEX('E6A09680D0594FB4A631B09A05851F5B'), '2023-12-08 11:18:03', '2023-12-08 11:18:54', 'ebegu:Kanton Solothurn', 'ebegu:Kanton Solothurn', 1, 'MAX_VERGUENSTIGUNG_KINDERGARTEN_PRO_STD', '9.5', @testgemeinde_grenchen_id, @gesuchperiode_23_24_id, @mandant_id_solothurn, null);
INSERT IGNORE INTO einstellung (id, timestamp_erstellt, timestamp_mutiert, user_erstellt, user_mutiert, version, einstellung_key, value, gemeinde_id, gesuchsperiode_id, mandant_id, erklaerung) VALUES (UNHEX('E9434FB9D0114169800A0BF4620CBC02'), '2023-12-08 11:11:27', '2023-12-08 11:12:45', 'ebegu:Kanton Solothurn', 'ebegu:Kanton Solothurn', 1, 'FERIENBETREUUNG_CHF_PAUSCHALBETRAG_SONDERSCHUELER', '60', null, @gesuchperiode_23_24_id, null, null);
INSERT IGNORE INTO einstellung (id, timestamp_erstellt, timestamp_mutiert, user_erstellt, user_mutiert, version, einstellung_key, value, gemeinde_id, gesuchsperiode_id, mandant_id, erklaerung) VALUES (UNHEX('EA17D3EB779B4A67B362028BB698E556'), '2023-12-08 11:11:27', '2023-12-08 11:12:45', 'ebegu:Kanton Solothurn', 'ebegu:Kanton Solothurn', 1, 'ZUSCHLAG_BEHINDERUNG_PRO_STD', '6', null, @gesuchperiode_23_24_id, null, null);
INSERT IGNORE INTO einstellung (id, timestamp_erstellt, timestamp_mutiert, user_erstellt, user_mutiert, version, einstellung_key, value, gemeinde_id, gesuchsperiode_id, mandant_id, erklaerung) VALUES (UNHEX('EBB6ED8371EB462797E864D4A4F4CAEC'), '2023-12-08 11:11:27', '2023-12-08 11:12:45', 'ebegu:Kanton Solothurn', 'ebegu:Kanton Solothurn', 1, 'GEMEINDE_PAUSCHALBETRAG_HOHE_EINKOMMENSKLASSEN_BETRAG_KITA', '0', null, @gesuchperiode_23_24_id, null, null);
INSERT IGNORE INTO einstellung (id, timestamp_erstellt, timestamp_mutiert, user_erstellt, user_mutiert, version, einstellung_key, value, gemeinde_id, gesuchsperiode_id, mandant_id, erklaerung) VALUES (UNHEX('EBFD13C9CDA24BE5B4B4ACCBD711476C'), '2023-12-08 11:11:27', '2023-12-08 11:12:45', 'ebegu:Kanton Solothurn', 'ebegu:Kanton Solothurn', 1, 'GEMEINDE_KONTINGENTIERUNG_ENABLED', 'false', null, @gesuchperiode_23_24_id, null, null);
INSERT IGNORE INTO einstellung (id, timestamp_erstellt, timestamp_mutiert, user_erstellt, user_mutiert, version, einstellung_key, value, gemeinde_id, gesuchsperiode_id, mandant_id, erklaerung) VALUES (UNHEX('F1E7784180D1475CBA4EEECDB422CFF7'), '2023-12-08 11:18:03', '2023-12-08 11:18:03', 'ebegu:Kanton Solothurn', 'ebegu:Kanton Solothurn', 0, 'GEMEINDE_MAHLZEITENVERGUENSTIGUNG_EINKOMMENSSTUFE_1_MAX_EINKOMMEN', '51000', @testgemeinde_grenchen_id, @gesuchperiode_23_24_id, @mandant_id_solothurn, null);
INSERT IGNORE INTO einstellung (id, timestamp_erstellt, timestamp_mutiert, user_erstellt, user_mutiert, version, einstellung_key, value, gemeinde_id, gesuchsperiode_id, mandant_id, erklaerung) VALUES (UNHEX('F3E52FD873824612B402CF9F41CB04B9'), '2023-12-08 11:11:27', '2023-12-08 11:12:45', 'ebegu:Kanton Solothurn', 'ebegu:Kanton Solothurn', 1, 'LATS_STICHTAG', '2022-09-15', null, @gesuchperiode_23_24_id, null, null);
INSERT IGNORE INTO einstellung (id, timestamp_erstellt, timestamp_mutiert, user_erstellt, user_mutiert, version, einstellung_key, value, gemeinde_id, gesuchsperiode_id, mandant_id, erklaerung) VALUES (UNHEX('F4733A01765F4219BBDB9EDC7C60BF68'), '2023-12-08 11:11:27', '2023-12-08 11:12:45', 'ebegu:Kanton Solothurn', 'ebegu:Kanton Solothurn', 1, 'GEMEINDESPEZIFISCHE_BG_KONFIGURATIONEN', 'true', null, @gesuchperiode_23_24_id, null, null);
INSERT IGNORE INTO einstellung (id, timestamp_erstellt, timestamp_mutiert, user_erstellt, user_mutiert, version, einstellung_key, value, gemeinde_id, gesuchsperiode_id, mandant_id, erklaerung) VALUES (UNHEX('F537568F78D241BCBA0698A525F069A1'), '2023-12-08 11:18:03', '2023-12-08 11:18:03', 'ebegu:Kanton Solothurn', 'ebegu:Kanton Solothurn', 0, 'ERWERBSPENSUM_ZUSCHLAG', '20', @testgemeinde_grenchen_id, @gesuchperiode_23_24_id, @mandant_id_solothurn, null);
INSERT IGNORE INTO einstellung (id, timestamp_erstellt, timestamp_mutiert, user_erstellt, user_mutiert, version, einstellung_key, value, gemeinde_id, gesuchsperiode_id, mandant_id, erklaerung) VALUES (UNHEX('F95CC4027B5C4C1CA6F5D007A35AD278'), '2023-12-08 11:13:39', '2023-12-08 11:13:39', 'ebegu:Kanton Solothurn', 'ebegu:Kanton Solothurn', 0, 'GEMEINDE_TAGESSCHULE_TAGIS_ENABLED', 'false', @testgemeinde_solothurn_id, @gesuchperiode_23_24_id, @mandant_id_solothurn, null);
INSERT IGNORE INTO einstellung (id, timestamp_erstellt, timestamp_mutiert, user_erstellt, user_mutiert, version, einstellung_key, value, gemeinde_id, gesuchsperiode_id, mandant_id, erklaerung) VALUES (UNHEX('FD5054D6789047879FD518919705CDB8'), '2023-12-08 11:11:27', '2023-12-08 11:12:45', 'ebegu:Kanton Solothurn', 'ebegu:Kanton Solothurn', 1, 'PARAM_PAUSCHALABZUG_PRO_PERSON_FAMILIENGROESSE_3', '0', null, @gesuchperiode_23_24_id, null, null);
INSERT IGNORE INTO einstellung (id, timestamp_erstellt, timestamp_mutiert, user_erstellt, user_mutiert, version, einstellung_key, value, gemeinde_id, gesuchsperiode_id, mandant_id, erklaerung) VALUES (UNHEX('FE2DDC6376A942AB85D32FAB5DBF6FCD'), '2023-12-08 11:13:39', '2023-12-08 11:13:39', 'ebegu:Kanton Solothurn', 'ebegu:Kanton Solothurn', 0, 'MAX_VERGUENSTIGUNG_VORSCHULE_BABY_PRO_TG', '140', @testgemeinde_solothurn_id, @gesuchperiode_23_24_id, @mandant_id_solothurn, null);
INSERT IGNORE INTO einstellung (id, timestamp_erstellt, timestamp_mutiert, user_erstellt, user_mutiert, version, einstellung_key, value, gemeinde_id, gesuchsperiode_id, mandant_id, erklaerung) VALUES (UNHEX('FF0AECBB2EF6470EB7AE601B213D77C5'), '2023-12-08 11:11:27', '2023-12-08 11:11:27', 'ebegu:Kanton Solothurn', 'ebegu:Kanton Solothurn', 0, 'GEMEINDE_MAHLZEITENVERGUENSTIGUNG_EINKOMMENSSTUFE_2_VERGUENSTIGUNG_MAHLZEIT', '3.00', null, @gesuchperiode_23_24_id, @mandant_id_solothurn, null);
# Test-Institutionen erstellen
INSERT IGNORE INTO traegerschaft (id, timestamp_erstellt, timestamp_mutiert, user_erstellt, user_mutiert, version, name, active, mandant_id)
	VALUES (@traegerschaft_solothurn_id, '2016-01-01 00:00:00', '2016-01-01 00:00:00', 'flyway', 'flyway', 0, 'Kitas & Tagis Stadt Solothurn', true, @mandant_id_solothurn);

# Kita und Tagesfamilien
INSERT IGNORE INTO institution (id, timestamp_erstellt, timestamp_mutiert, user_erstellt, user_mutiert, version, vorgaenger_id, name, mandant_id, traegerschaft_id, status, event_published)
	VALUES (@bruennen_id, '2016-01-01 00:00:00', '2016-01-01 00:00:00', 'flyway', 'flyway', 0, null, 'Brünnen SO',
	        @mandant_id_solothurn, @traegerschaft_solothurn_id, 'AKTIV', false);
INSERT IGNORE INTO institution (id, timestamp_erstellt, timestamp_mutiert, user_erstellt, user_mutiert, version, vorgaenger_id, name, mandant_id, traegerschaft_id, status, event_published)
	VALUES (@tfo_id, '2016-01-01 00:00:00', '2016-01-01 00:00:00', 'flyway', 'flyway', 0, null, 'Tageseltern Solothurn',
	        @mandant_id_solothurn, null, 'AKTIV', false);
INSERT IGNORE INTO institution (id, timestamp_erstellt, timestamp_mutiert, user_erstellt, user_mutiert, version, vorgaenger_id, name, mandant_id, traegerschaft_id, status, event_published)
	VALUES (@weissenstein_id, '2016-01-01 00:00:00', '2016-01-01 00:00:00', 'flyway', 'flyway', 0, null, 'Weissenstein SO',
	        @mandant_id_solothurn, @traegerschaft_solothurn_id, 'AKTIV', false);

INSERT IGNORE INTO adresse (id, timestamp_erstellt, timestamp_mutiert, user_erstellt, user_mutiert, version, vorgaenger_id, gueltig_ab, gueltig_bis, gemeinde, hausnummer, land, organisation, ort, plz, strasse, zusatzzeile)
	VALUES (UNHEX(REPLACE('bb7d074c-537e-11ec-98e8-f4390979fa3e', '-', '')), '2016-01-01 00:00:00', '2016-01-01 00:00:00', 'flyway', 'flyway', 0, null, '1000-01-01', '9999-12-31', null, '4', 'CH', 'Tageseltern Solothurn', 'Solothurn', '4500', 'Gasstrasse', null);
INSERT IGNORE INTO adresse (id, timestamp_erstellt, timestamp_mutiert, user_erstellt, user_mutiert, version, vorgaenger_id, gueltig_ab, gueltig_bis, gemeinde, hausnummer, land, organisation, ort, plz, strasse, zusatzzeile)
	VALUES (UNHEX(REPLACE('c2ea1156-537e-11ec-98e8-f4390979fa3e', '-', '')), '2016-01-01 00:00:00', '2016-01-01 00:00:00', 'flyway', 'flyway', 0, null, '1000-01-01', '9999-12-31', null, '5', 'CH', 'Weissenstein Solothurn', 'Solothurn', '4500', 'Weberstrasse', null);
INSERT IGNORE INTO adresse (id, timestamp_erstellt, timestamp_mutiert, user_erstellt, user_mutiert, version, vorgaenger_id, gueltig_ab, gueltig_bis, gemeinde, hausnummer, land, organisation, ort, plz, strasse, zusatzzeile)
	VALUES (UNHEX(REPLACE('ca3e50e6-537e-11ec-98e8-f4390979fa3e', '-', '')), '2016-01-01 00:00:00', '2016-01-01 00:00:00', 'flyway', 'flyway', 0, null, '1000-01-01', '9999-12-31', null, '27', 'CH', 'Brünnen Solothurn', 'Solothurn', '4500', 'Colombstrasse', null);

INSERT IGNORE INTO auszahlungsdaten(id, timestamp_erstellt, timestamp_mutiert, user_erstellt, user_mutiert, version, iban, kontoinhaber, adresse_kontoinhaber_id)
	VALUES (UNHEX(REPLACE('fca0bc52-537e-11ec-98e8-f4390979fa3e', '-', '')), '2020-01-01 00:00:00', '2020-01-01 00:00:00', 'flyway', 'flyway', 0, 'CH82 0900 0000 1001 5000 6', 'Kontoinhaber Bruennen SO', null);
INSERT IGNORE INTO auszahlungsdaten(id, timestamp_erstellt, timestamp_mutiert, user_erstellt, user_mutiert, version, iban, kontoinhaber, adresse_kontoinhaber_id)
	VALUES (UNHEX(REPLACE('04176a28-537f-11ec-98e8-f4390979fa3e', '-', '')), '2020-01-01 00:00:00', '2020-01-01 00:00:00', 'flyway', 'flyway', 0, 'CH82 0900 0000 1001 5000 6', 'Kontoinhaber Weissenstein SO', null);
INSERT IGNORE INTO auszahlungsdaten(id, timestamp_erstellt, timestamp_mutiert, user_erstellt, user_mutiert, version, iban, kontoinhaber, adresse_kontoinhaber_id)
	VALUES (UNHEX(REPLACE('0b1dc282-537f-11ec-98e8-f4390979fa3e', '-', '')), '2020-01-01 00:00:00', '2020-01-01 00:00:00', 'flyway', 'flyway', 0, 'CH82 0900 0000 1001 5000 6', 'Kontoinhaber Tageseltern Solothurn', null);

INSERT IGNORE INTO institution_stammdaten_betreuungsgutscheine(id, timestamp_erstellt, timestamp_mutiert, user_erstellt,
															   user_mutiert, version, auszahlungsdaten_id,
															   alterskategorie_baby, alterskategorie_vorschule,
															   alterskategorie_kindergarten, alterskategorie_schule, anzahl_plaetze,
															   anzahl_plaetze_firmen, offen_von, offen_bis,
															   oeffnungstage_pro_jahr, auslastung_institutionen,
															   anzahl_kinder_warteliste, summe_pensum_warteliste,
															   dauer_warteliste, frueh_eroeffnung, spaet_eroeffnung,
															   wochenende_eroeffnung, uebernachtung_moeglich)
VALUES (UNHEX(REPLACE('2d3f850d-537f-11ec-98e8-f4390979fa3e', '-', '')), '2016-01-01 00:00:00', '2016-01-01 00:00:00',
		'flyway', 'flyway', 0, UNHEX(REPLACE('0b1dc282-537f-11ec-98e8-f4390979fa3e', '-', '')), FALSE, FALSE, FALSE,
		FALSE, 30, NULL, '08:00', '18:00', 0, 0.00, 0.00, 0.00, 0.00, FALSE, FALSE, FALSE, FALSE);

INSERT IGNORE INTO institution_stammdaten_betreuungsgutscheine(id, timestamp_erstellt, timestamp_mutiert, user_erstellt,
															   user_mutiert, version, auszahlungsdaten_id,
															   alterskategorie_baby, alterskategorie_vorschule,
															   alterskategorie_kindergarten, alterskategorie_schule, anzahl_plaetze,
															   anzahl_plaetze_firmen, offen_von, offen_bis,
															   oeffnungstage_pro_jahr, auslastung_institutionen,
															   anzahl_kinder_warteliste, summe_pensum_warteliste,
															   dauer_warteliste, frueh_eroeffnung, spaet_eroeffnung,
															   wochenende_eroeffnung, uebernachtung_moeglich)
VALUES (UNHEX(REPLACE('365cbb27-537f-11ec-98e8-f4390979fa3e', '-', '')), '2016-01-01 00:00:00', '2016-01-01 00:00:00',
		'flyway', 'flyway', 0, UNHEX(REPLACE('04176a28-537f-11ec-98e8-f4390979fa3e', '-', '')), FALSE, FALSE, FALSE,
		FALSE, 35, NULL, '08:00', '18:00', 0, 0.00, 0.00, 0.00, 0.00, FALSE, FALSE, FALSE, FALSE);

INSERT IGNORE INTO institution_stammdaten_betreuungsgutscheine(id, timestamp_erstellt, timestamp_mutiert, user_erstellt,
															   user_mutiert, version, auszahlungsdaten_id,
															   alterskategorie_baby, alterskategorie_vorschule,
															   alterskategorie_kindergarten, alterskategorie_schule, anzahl_plaetze,
															   anzahl_plaetze_firmen, offen_von, offen_bis,
															   oeffnungstage_pro_jahr, auslastung_institutionen,
															   anzahl_kinder_warteliste, summe_pensum_warteliste,
															   dauer_warteliste, frueh_eroeffnung, spaet_eroeffnung,
															   wochenende_eroeffnung, uebernachtung_moeglich)
VALUES (UNHEX(REPLACE('3f194c4f-537f-11ec-98e8-f4390979fa3e', '-', '')), '2016-01-01 00:00:00', '2016-01-01 00:00:00',
		'flyway', 'flyway', 0, UNHEX(REPLACE('fca0bc52-537e-11ec-98e8-f4390979fa3e', '-', '')), FALSE, FALSE, FALSE,
		FALSE, 40, NULL, '08:00', '18:00', 0, 0.00, 0.00, 0.00, 0.00, FALSE, FALSE, FALSE, FALSE);

INSERT IGNORE INTO institution_stammdaten (id, timestamp_erstellt, timestamp_mutiert, user_erstellt, user_mutiert,
										   version, vorgaenger_id, gueltig_ab, gueltig_bis, betreuungsangebot_typ,
										   adresse_id, institution_id, institution_stammdaten_tagesschule_id,
										   institution_stammdaten_ferieninsel_id,
										   institution_stammdaten_betreuungsgutscheine_id, mail, telefon, webseite)
VALUES (UNHEX(REPLACE('50518a55-537f-11ec-98e8-f4390979fa3e', '-', '')), '2016-01-01 00:00:00', '2016-01-01 00:00:00',
		'flyway', 'flyway', 0, NULL, '2019-08-01', '9999-12-31', 'TAGESFAMILIEN',
		UNHEX(REPLACE('bb7d074c-537e-11ec-98e8-f4390979fa3e', '-', '')),
		@tfo_id, NULL, NULL,
		UNHEX(REPLACE('2d3f850d-537f-11ec-98e8-f4390979fa3e', '-', '')), 'tagesfamilien-so@mailbucket.dvbern.ch', NULL,
		NULL);

INSERT IGNORE INTO institution_stammdaten (id, timestamp_erstellt, timestamp_mutiert, user_erstellt, user_mutiert,
										   version, vorgaenger_id, gueltig_ab, gueltig_bis, betreuungsangebot_typ,
										   adresse_id, institution_id, institution_stammdaten_tagesschule_id,
										   institution_stammdaten_ferieninsel_id,
										   institution_stammdaten_betreuungsgutscheine_id, mail, telefon, webseite)
VALUES (UNHEX(REPLACE('58b84479-537f-11ec-98e8-f4390979fa3e', '-', '')), '2016-01-01 00:00:00', '2016-01-01 00:00:00',
		'flyway', 'flyway', 0, NULL, '2019-08-01', '9999-12-31', 'KITA',
		UNHEX(REPLACE('c2ea1156-537e-11ec-98e8-f4390979fa3e', '-', '')),
		@weissenstein_id, NULL, NULL,
		UNHEX(REPLACE('365cbb27-537f-11ec-98e8-f4390979fa3e', '-', '')), 'weissenstein-so@mailbucket.dvbern.ch', NULL,
		NULL);

INSERT IGNORE INTO institution_stammdaten (id, timestamp_erstellt, timestamp_mutiert, user_erstellt, user_mutiert,
										   version, vorgaenger_id, gueltig_ab, gueltig_bis, betreuungsangebot_typ,
										   adresse_id, institution_id, institution_stammdaten_tagesschule_id,
										   institution_stammdaten_ferieninsel_id,
										   institution_stammdaten_betreuungsgutscheine_id, mail, telefon, webseite)
VALUES (UNHEX(REPLACE('6aa08c20-537f-11ec-98e8-f4390979fa3e', '-', '')), '2016-01-01 00:00:00', '2016-01-01 00:00:00',
		'flyway', 'flyway', 0, NULL, '2019-08-01', '9999-12-31', 'KITA',
		UNHEX(REPLACE('ca3e50e6-537e-11ec-98e8-f4390979fa3e', '-', '')),
		@bruennen_id, NULL, NULL,
		UNHEX(REPLACE('3f194c4f-537f-11ec-98e8-f4390979fa3e', '-', '')), 'bruennen-so@mailbucket.dvbern.ch', NULL, NULL);

update gemeinde set angebotts = false, angebotfi = false, angebotbgtfo = false where bfs_nummer = 99996;

-- Sozialdienst
INSERT IGNORE INTO sozialdienst (id, timestamp_erstellt, timestamp_mutiert, user_erstellt, user_mutiert, version,
								 vorgaenger_id, name, status, mandant_id)
VALUES (UNHEX(REPLACE('1b1b4208-5394-11ec-98e8-f4390979fa3e', '-', '')), '2021-02-15 09:48:18', '2021-02-15 10:11:35',
		'flyway', 'flyway', 0, NULL, 'Solothurner Sozialdienst', 'AKTIV',
		@mandant_id_solothurn);

INSERT IGNORE INTO adresse (id, timestamp_erstellt, timestamp_mutiert, user_erstellt, user_mutiert, version,
							vorgaenger_id, gueltig_ab, gueltig_bis, gemeinde, hausnummer, land, organisation, ort, plz,
							strasse, zusatzzeile)
VALUES (UNHEX(REPLACE('a0b91196-30ab-11ec-a86f-b89a2ae4a038', '-', '')), '2021-02-15 09:48:18', '2021-02-15 10:11:35',
		'flyway', 'flyway', 1, NULL, '1000-01-01', '9999-12-31', NULL, '2', 'CH', 'Solothurn Sozialdienst', 'Solothurn', '4500',
		'Sozialdienst Strasse', NULL);

INSERT IGNORE INTO sozialdienst_stammdaten (id, timestamp_erstellt, timestamp_mutiert, user_erstellt, user_mutiert,
											version, vorgaenger_id, mail, telefon, webseite, adresse_id,
											sozialdienst_id)
VALUES (UNHEX(REPLACE(UUID(), '-', '')), '2021-02-15 09:48:18', '2021-02-15 09:48:18',
		'flyway', 'flyway', 0, NULL, 'sozialdienst-so@mailbucket.dvbern.ch', '078 898 98 98', 'http://sodialdienst-so.dvbern.ch',
		UNHEX(REPLACE('a0b91196-30ab-11ec-a86f-b89a2ae4a038', '-', '')),
		UNHEX(REPLACE('1b1b4208-5394-11ec-98e8-f4390979fa3e', '-', '')));

-- Einstellungen
UPDATE einstellung SET VALUE='true' WHERE einstellung_key='GEMEINDESPEZIFISCHE_BG_KONFIGURATIONEN' and einstellung.mandant_id = @mandant_id_solothurn;

UPDATE mandant SET mandant.activated=true where id = @mandant_id_solothurn;
