/*
 * Copyright (C) 2022 DV Bern AG, Switzerland
 *
 * This program is free software: you can redistribute it and/or modify
 * it under the terms of the GNU Affero General Public License as
 * published by the Free Software Foundation, either version 3 of the
 * License, or (at your option) any later version.
 *
 * This program is distributed in the hope that it will be useful,
 * but WITHOUT ANY WARRANTY; without even the implied warranty of
 * MERCHANTABILITY or FITNESS FOR A PARTICULAR PURPOSE.  See the
 * GNU Affero General Public License for more details.
 *
 * You should have received a copy of the GNU Affero General Public License
 * along with this program.  If not, see <https://www.gnu.org/licenses/>.
 */

# Variables definition
SET @mandant_id_luzern = UNHEX(REPLACE('485d7483-30a2-11ec-a86f-b89a2ae4a038', '-', ''));
SET @gesuchsperiode_22_23_id = UNHEX('1670D04A30A911ECA86FB89A2AE4A038');
SET @gesuchsperiode_23_24_id = UNHEX('3A873D7EE6C14C0481A273FF1D16B769');
SET @luzern_test_gemeinde_id = UNHEX(REPLACE('6fd6183c-30a2-11ec-a86f-b89a2ae4a038', '-', ''));
SET @system_user = UNHEX(REPLACE('55555555-5555-5555-5555-555555555555', '-', ''));

# Adresse
INSERT IGNORE INTO adresse (id, timestamp_erstellt, timestamp_mutiert, user_erstellt, user_mutiert, version, vorgaenger_id, gueltig_ab, gueltig_bis, gemeinde, hausnummer, land, organisation, ort, plz, strasse, zusatzzeile, bfs_nummer) VALUES (UNHEX('3073FF81BD9640168B92F7483B79BC0E'), '2023-12-08 10:58:36', '2023-12-08 10:59:59', 'ebegu:Stadt Luzern', 'ebegu:Stadt Luzern', 1, null, '2023-12-08', '9999-12-31', null, '2', 'CH', 'Kita Luzern', 'Luzern', '6000', 'Kita Strasse', null, null);
INSERT IGNORE INTO adresse (id, timestamp_erstellt, timestamp_mutiert, user_erstellt, user_mutiert, version, vorgaenger_id, gueltig_ab, gueltig_bis, gemeinde, hausnummer, land, organisation, ort, plz, strasse, zusatzzeile, bfs_nummer) VALUES (UNHEX('5DBE5D0E8C4D43AB9FC1C44F4B259784'), '2023-12-08 10:56:11', '2023-12-08 10:56:11', 'ebegu:Stadt Luzern', 'ebegu:Stadt Luzern', 0, null, '2023-12-08', '9999-12-31', null, null, 'CH', 'Stadt Luzern Kinder Jugend Familie', 'Luzern 7', '6000', 'Kasernenplatz 3, Postfach', null, null);
INSERT IGNORE INTO adresse (id, timestamp_erstellt, timestamp_mutiert, user_erstellt, user_mutiert, version, vorgaenger_id, gueltig_ab, gueltig_bis, gemeinde, hausnummer, land, organisation, ort, plz, strasse, zusatzzeile, bfs_nummer) VALUES (UNHEX('C153D59824D14650970109F3CD5E1AD4'), '2023-12-08 10:56:11', '2023-12-08 10:56:11', 'ebegu:Stadt Luzern', 'ebegu:Stadt Luzern', 0, null, '1000-01-01', '9999-12-31', null, null, 'CH', 'Stadt Luzern Frühkindliche Bildung und Betreuung', 'Luzern 7', '6000', 'Kasernenplatz 3', null, null);

# application property
UPDATE application_property SET value = 'false' WHERE name = 'INSTITUTIONEN_DURCH_GEMEINDEN_EINLADEN' AND mandant_id = @mandant_id_luzern;
UPDATE application_property SET value = 'true' WHERE name = 'DUMMY_LOGIN_ENABLED' AND mandant_id =  @mandant_id_luzern;
UPDATE application_property SET value = 'false' WHERE name = 'FRENCH_ENABLED' and mandant_id = @mandant_id_luzern;
UPDATE application_property SET value = 'yellow' WHERE name = 'BACKGROUND_COLOR' AND mandant_id =  @mandant_id_luzern;
UPDATE application_property SET value = 'false' WHERE name = 'GERES_ENABLED_FOR_MANDANT' and mandant_id = @mandant_id_luzern;
UPDATE application_property SET value = '2022-03-29' WHERE name = 'SCHNITTSTELLE_STEUERSYSTEME_AKTIV_AB' and mandant_id = @mandant_id_luzern;
UPDATE application_property SET value = 'false' WHERE name = 'ZUSATZINFORMATIONEN_INSTITUTION' AND mandant_id = @mandant_id_luzern;
UPDATE application_property SET value = '' WHERE name = 'ACTIVATED_DEMO_FEATURES' AND mandant_id = @mandant_id_luzern;
UPDATE application_property SET value = 'true' WHERE name = 'STADT_BERN_ASIV_CONFIGURED' AND mandant_id = @mandant_id_luzern;
UPDATE application_property SET value = 'logo-kibon-white-luzern.svg' WHERE name = 'LOGO_WHITE_FILE_NAME' AND mandant_id = @mandant_id_luzern;
UPDATE application_property SET value = 'false' WHERE name = 'EVALUATOR_DEBUG_ENABLED' AND mandant_id = @mandant_id_luzern;
UPDATE application_property SET value = 'yellow' WHERE name = 'BACKGROUND_COLOR' AND mandant_id = @mandant_id_luzern;
UPDATE application_property SET  value = '60' WHERE name = 'ANZAHL_TAGE_BIS_LOESCHUNG_NACH_WARNUNG_FREIGABE' AND mandant_id = @mandant_id_luzern;
UPDATE application_property SET value = '90' WHERE name = 'ANZAHL_TAGE_BIS_LOESCHUNG_NACH_WARNUNG_QUITTUNG' AND mandant_id = @mandant_id_luzern;
UPDATE application_property SET value = 'logo-kibon-luzern.svg' WHERE name = 'LOGO_FILE_NAME' AND mandant_id = @mandant_id_luzern;
UPDATE application_property SET value = '01.01.2021' WHERE name = 'STADT_BERN_ASIV_START_DATUM' AND mandant_id = @mandant_id_luzern;
UPDATE application_property SET value = '14' WHERE name = 'ANZAHL_TAGE_BIS_WARNUNG_FREIGABE' AND mandant_id = @mandant_id_luzern;
UPDATE application_property SET value = '10' WHERE name = 'ANZAHL_TAGE_BIS_WARNUNG_QUITTUNG' AND mandant_id = @mandant_id_luzern;
UPDATE application_property SET value = '#0072bd' WHERE name = 'PRIMARY_COLOR' AND mandant_id = @mandant_id_luzern;
UPDATE application_property SET value = '#00466f' WHERE name = 'PRIMARY_COLOR_DARK' AND mandant_id = @mandant_id_luzern;
UPDATE application_property SET value = 'application/pdf, application/vnd.openxmlformats-officedocument.wordprocessingml.document, image/jpeg, image/png, application/msword, application/vnd.openxmlformats-officedocument.spreadsheetml.sheet, application/vnd.ms-excel, application/vnd.oasis.opendocument.text, image/tiff, text/plain, application/vnd.oasis.opendocument.spreadsheet, text/csv,  application/rtf' WHERE name = 'UPLOAD_FILETYPES_WHITELIST' AND mandant_id = @mandant_id_luzern;
UPDATE application_property SET value = '#C6C6C6' WHERE name = 'PRIMARY_COLOR_LIGHT' AND mandant_id = @mandant_id_luzern;
UPDATE application_property SET value = 'false' WHERE name = 'KANTON_NOTVERORDNUNG_PHASE_2_AKTIV' AND mandant_id = @mandant_id_luzern;
UPDATE application_property SET value = '2020-07-31' WHERE name = 'NOTVERORDNUNG_DEFAULT_EINREICHEFRIST_OEFFENTLICH' AND mandant_id = @mandant_id_luzern;
UPDATE application_property SET value = '2020-07-17' WHERE name = 'NOTVERORDNUNG_DEFAULT_EINREICHEFRIST_PRIVAT' AND mandant_id = @mandant_id_luzern;
UPDATE application_property SET value = 'false' WHERE name = 'FERIENBETREUUNG_AKTIV' AND mandant_id = @mandant_id_luzern;
UPDATE application_property SET value = 'false' WHERE name = 'LASTENAUSGLEICH_TAGESSCHULEN_AKTIV' AND mandant_id = @mandant_id_luzern;
UPDATE application_property SET value = 'false' WHERE name = 'ERLAUBEN_INSTITUTIONEN_ZU_WAEHLEN' AND mandant_id = @mandant_id_luzern;
UPDATE application_property SET value = 'false' WHERE name = 'ANGEBOT_TS_ENABLED' AND mandant_id = @mandant_id_luzern;
UPDATE application_property SET value = 'false' WHERE name = 'ANGEBOT_FI_ENABLED' AND mandant_id = @mandant_id_luzern;
UPDATE application_property SET value = 'true' WHERE name = 'ANGEBOT_TFO_ENABLED' AND mandant_id = @mandant_id_luzern;
UPDATE application_property SET value = 'true' WHERE name = 'INFOMA_ZAHLUNGEN' AND mandant_id = @mandant_id_luzern;
UPDATE application_property SET value = 'true' WHERE name = 'SCHNITTSTELLE_EVENTS_AKTIVIERT' AND mandant_id = @mandant_id_luzern;
UPDATE application_property SET value = 'true' WHERE name = 'CHECKBOX_AUSZAHLEN_IN_ZUKUNFT' AND mandant_id = @mandant_id_luzern;
UPDATE application_property SET value = '0.2' WHERE name = 'LASTENAUSGLEICH_TAGESSCHULEN_ANTEIL_ZWEITPRUEFUNG_DE' AND mandant_id = @mandant_id_luzern;
UPDATE application_property SET value = '1' WHERE name = 'LASTENAUSGLEICH_TAGESSCHULEN_ANTEIL_ZWEITPRUEFUNG_FR' AND mandant_id = @mandant_id_luzern;
UPDATE application_property SET value = '100000' WHERE name = 'LASTENAUSGLEICH_TAGESSCHULEN_AUTO_ZWEITPRUEFUNG_DE' AND mandant_id = @mandant_id_luzern;
UPDATE application_property SET value = '50000' WHERE name = 'LASTENAUSGLEICH_TAGESSCHULEN_AUTO_ZWEITPRUEFUNG_FR' AND mandant_id = @mandant_id_luzern;
UPDATE application_property SET value = 'false' WHERE name = 'GEMEINDE_KENNZAHLEN_AKTIV' AND mandant_id = @mandant_id_luzern;
UPDATE application_property SET value = 'false' WHERE name = 'LASTENAUSGLEICH_AKTIV' AND mandant_id = @mandant_id_luzern;

# Gesuchsperiode
UPDATE gesuchsperiode SET status = 'AKTIV' WHERE id = @gesuchsperiode_22_23_id;
INSERT IGNORE INTO gesuchsperiode (id, timestamp_erstellt, timestamp_mutiert, user_erstellt, user_mutiert, version, vorgaenger_id, gueltig_ab, gueltig_bis, datum_aktiviert, status, verfuegung_erlaeuterungen_de, verfuegung_erlaeuterungen_fr, vorlage_merkblatt_ts_de, vorlage_merkblatt_ts_fr, vorlage_verfuegung_lats_de, vorlage_verfuegung_lats_fr, mandant_id, vorlage_verfuegung_ferienbetreuung_de, vorlage_verfuegung_ferienbetreuung_fr) VALUES (@gesuchsperiode_23_24_id, '2023-12-08 10:51:23', '2023-12-08 10:57:23', 'ebegu:Stadt Luzern', 'ebegu:Stadt Luzern', 3, null, '2023-08-01', '2024-07-31', '2023-12-08', 'AKTIV', null, null, null, null, null, null, @mandant_id_luzern, null, null);

# Benutzer System erstellen
INSERT IGNORE INTO benutzer (id, timestamp_erstellt, timestamp_mutiert, user_erstellt, user_mutiert, version, vorgaenger_id, email, nachname, username, vorname, mandant_id, externaluuid, status) VALUES (@system_user, '2016-01-01 00:00:00', '2016-01-01 00:00:00', 'flyway', 'flyway', 0, null, 'hallo@dvbern.ch', 'System', 'system_lu', '', @mandant_id_luzern, null, 'AKTIV');
INSERT IGNORE INTO berechtigung (id, timestamp_erstellt, timestamp_mutiert, user_erstellt, user_mutiert, version, vorgaenger_id, gueltig_ab, gueltig_bis, role, benutzer_id, institution_id, traegerschaft_id) VALUES (UNHEX(REPLACE('2a7b78ed-4af0-11e9-9b2c-afd41a03c0aa', '-', '')), '2016-01-01 00:00:00', '2016-01-01 00:00:00', 'flyway', 'flyway', 0, null, '2017-01-01', '9999-12-31', 'SUPER_ADMIN', @system_user, null, null);

# Antragstellende Benutzer fuer e2e erstellen
# geem
INSERT IGNORE INTO benutzer (id, timestamp_erstellt, timestamp_mutiert, user_erstellt, user_mutiert, version, vorgaenger_id, email, externaluuid, nachname, status, username, vorname, mandant_id, bemerkungen, zpv_nummer) VALUES (UNHEX('5DBDEFEB5E474A998E92DDEF02F45480'), '2024-01-09 15:08:10', '2024-01-09 15:08:10', 'anonymous', 'anonymous', 0, null, 'emma.gerber.lu@mailbucket.dvbern.ch', null, 'Gerber', 'AKTIV', 'geem', 'Emma', @mandant_id_luzern, null, null);
INSERT IGNORE INTO berechtigung (id, timestamp_erstellt, timestamp_mutiert, user_erstellt, user_mutiert, version, vorgaenger_id, gueltig_ab, gueltig_bis, role, benutzer_id, institution_id, traegerschaft_id, sozialdienst_id) VALUES (UNHEX('9A3062C060AA4B26AFDD370C80167A7D'), '2024-01-09 15:08:10', '2024-01-09 15:08:10', 'anonymous', 'anonymous', 0, null, '2024-01-09', '9999-12-31', 'GESUCHSTELLER', UNHEX('5DBDEFEB5E474A998E92DDEF02F45480'), null, null, null);
INSERT IGNORE INTO berechtigung_history (id, timestamp_erstellt, timestamp_mutiert, user_erstellt, user_mutiert, version, vorgaenger_id, gueltig_ab, gueltig_bis, geloescht, gemeinden, role, status, username, institution_id, traegerschaft_id, sozialdienst_id) VALUES (UNHEX('D7F462DE8A2F4C47A0D00A67B171ABE8'), '2024-01-09 15:08:10', '2024-01-09 15:08:10', 'anonymous', 'anonymous', 0, null, '2024-01-09', '9999-12-31', false, '', 'GESUCHSTELLER', 'AKTIV', 'geem', null, null, null);
# bemi
INSERT IGNORE INTO benutzer (id, timestamp_erstellt, timestamp_mutiert, user_erstellt, user_mutiert, version, vorgaenger_id, email, externaluuid, nachname, status, username, vorname, mandant_id, bemerkungen, zpv_nummer) VALUES (UNHEX('DF619D36435A4D4AAB3DBDCDE72A099C'), '2024-01-09 15:09:03', '2024-01-09 15:09:03', 'anonymous', 'anonymous', 0, null, 'michael.berger.lu@mailbucket.dvbern.ch', null, 'Berger', 'AKTIV', 'bemi', 'Michael', @mandant_id_luzern, null, null);
INSERT IGNORE INTO berechtigung (id, timestamp_erstellt, timestamp_mutiert, user_erstellt, user_mutiert, version, vorgaenger_id, gueltig_ab, gueltig_bis, role, benutzer_id, institution_id, traegerschaft_id, sozialdienst_id) VALUES (UNHEX('CBB3B9C45925455A8F7C14CA454FFD48'), '2024-01-09 15:09:03', '2024-01-09 15:09:03', 'anonymous', 'anonymous', 0, null, '2024-01-09', '9999-12-31', 'GESUCHSTELLER', UNHEX('DF619D36435A4D4AAB3DBDCDE72A099C'), null, null, null);
INSERT IGNORE INTO berechtigung_history (id, timestamp_erstellt, timestamp_mutiert, user_erstellt, user_mutiert, version, vorgaenger_id, gueltig_ab, gueltig_bis, geloescht, gemeinden, role, status, username, institution_id, traegerschaft_id, sozialdienst_id) VALUES (UNHEX('B80918D8DEDF42C98DF87FD457D636B3'), '2024-01-09 15:09:03', '2024-01-09 15:09:03', 'anonymous', 'anonymous', 0, null, '2024-01-09', '9999-12-31', false, '', 'GESUCHSTELLER', 'AKTIV', 'bemi', null, null, null);
# muhe
INSERT IGNORE INTO benutzer (id, timestamp_erstellt, timestamp_mutiert, user_erstellt, user_mutiert, version, vorgaenger_id, email, externaluuid, nachname, status, username, vorname, mandant_id, bemerkungen, zpv_nummer) VALUES (UNHEX('66DD546DAFA111EEA5AF00155D1D453D'), '2024-01-09 15:09:03', '2024-01-09 15:09:03', 'anonymous', 'anonymous', 0, null, 'heinrich.mueller.lu@mailbucket.dvbern.ch', null, 'Mueller', 'AKTIV', 'muhe', 'Heinrich', @mandant_id_luzern, null, null);
INSERT IGNORE INTO berechtigung (id, timestamp_erstellt, timestamp_mutiert, user_erstellt, user_mutiert, version, vorgaenger_id, gueltig_ab, gueltig_bis, role, benutzer_id, institution_id, traegerschaft_id, sozialdienst_id) VALUES (UNHEX('34B98044AFCF11EEAC8F0242AC1A0002'), '2024-01-09 15:09:03', '2024-01-09 15:09:03', 'anonymous', 'anonymous', 0, null, '2024-01-09', '9999-12-31', 'GESUCHSTELLER', UNHEX('66DD546DAFA111EEA5AF00155D1D453D'), null, null, null);
INSERT IGNORE INTO berechtigung_history (id, timestamp_erstellt, timestamp_mutiert, user_erstellt, user_mutiert, version, vorgaenger_id, gueltig_ab, gueltig_bis, geloescht, gemeinden, role, status, username, institution_id, traegerschaft_id, sozialdienst_id) VALUES (UNHEX('B38DFF96AFA111EEA5AF00155D1D453D'), '2024-01-09 15:09:03', '2024-01-09 15:09:03', 'anonymous', 'anonymous', 0, null, '2024-01-09', '9999-12-31', false, '', 'GESUCHSTELLER', 'AKTIV', 'muhe', null, null, null);
# ziha
INSERT IGNORE INTO benutzer (id, timestamp_erstellt, timestamp_mutiert, user_erstellt, user_mutiert, version, vorgaenger_id, email, externaluuid, nachname, status, username, vorname, mandant_id, bemerkungen, zpv_nummer) VALUES (UNHEX('EEB688EEAFA111EEA5AF00155D1D453D'), '2024-01-09 15:09:03', '2024-01-09 15:09:03', 'anonymous', 'anonymous', 0, null, 'hans.zimmermann.lu@mailbucket.dvbern.ch', null, 'Zimmermann', 'AKTIV', 'ziha', 'Hans', @mandant_id_luzern, null, null);
INSERT IGNORE INTO berechtigung (id, timestamp_erstellt, timestamp_mutiert, user_erstellt, user_mutiert, version, vorgaenger_id, gueltig_ab, gueltig_bis, role, benutzer_id, institution_id, traegerschaft_id, sozialdienst_id) VALUES (UNHEX('F55C0C44AFA111EEA5AF00155D1D453D'), '2024-01-09 15:09:03', '2024-01-09 15:09:03', 'anonymous', 'anonymous', 0, null, '2024-01-09', '9999-12-31', 'GESUCHSTELLER', UNHEX('EEB688EEAFA111EEA5AF00155D1D453D'), null, null, null);
INSERT IGNORE INTO berechtigung_history (id, timestamp_erstellt, timestamp_mutiert, user_erstellt, user_mutiert, version, vorgaenger_id, gueltig_ab, gueltig_bis, geloescht, gemeinden, role, status, username, institution_id, traegerschaft_id, sozialdienst_id) VALUES (UNHEX('F55C0C44AFA111EEA5AF00155D1D453B'), '2024-01-09 15:09:03', '2024-01-09 15:09:03', 'anonymous', 'anonymous', 0, null, '2024-01-09', '9999-12-31', false, '', 'GESUCHSTELLER', 'AKTIV', 'ziha', null, null, null);
# chje
INSERT IGNORE INTO benutzer (id, timestamp_erstellt, timestamp_mutiert, user_erstellt, user_mutiert, version, vorgaenger_id, email, externaluuid, nachname, status, username, vorname, mandant_id, bemerkungen, zpv_nummer) VALUES (UNHEX('56949E5EAFA211EEA5AF00155D1D453D'), '2024-01-09 15:09:03', '2024-01-09 15:09:03', 'anonymous', 'anonymous', 0, null, 'jean.chambre.lu@mailbucket.dvbern.ch', null, 'Chambre', 'AKTIV', 'chje', 'Jean', @mandant_id_luzern, null, null);
INSERT IGNORE INTO berechtigung (id, timestamp_erstellt, timestamp_mutiert, user_erstellt, user_mutiert, version, vorgaenger_id, gueltig_ab, gueltig_bis, role, benutzer_id, institution_id, traegerschaft_id, sozialdienst_id) VALUES (UNHEX('5BE07774AFA211EEA5AF00155D1D453D'), '2024-01-09 15:09:03', '2024-01-09 15:09:03', 'anonymous', 'anonymous', 0, null, '2024-01-09', '9999-12-31', 'GESUCHSTELLER', UNHEX('56949E5EAFA211EEA5AF00155D1D453D'), null, null, null);
INSERT IGNORE INTO berechtigung_history (id, timestamp_erstellt, timestamp_mutiert, user_erstellt, user_mutiert, version, vorgaenger_id, gueltig_ab, gueltig_bis, geloescht, gemeinden, role, status, username, institution_id, traegerschaft_id, sozialdienst_id) VALUES (UNHEX('5EE78AF5AFA211EEA5AF00155D1D453D'), '2024-01-09 15:09:03', '2024-01-09 15:09:03', 'anonymous', 'anonymous', 0, null, '2024-01-09', '9999-12-31', false, '', 'GESUCHSTELLER', 'AKTIV', 'chje', null, null, null);


# Gemeinden Testgemeinde Luzern erstellen, inkl. Adressen und Gemeindestammdaten. Sequenz anpassen
INSERT IGNORE INTO gemeinde (
	id, timestamp_erstellt, timestamp_mutiert, user_erstellt, user_mutiert, version, name, gemeinde_nummer, mandant_id, status, bfs_nummer,
	betreuungsgutscheine_startdatum, tagesschulanmeldungen_startdatum, ferieninselanmeldungen_startdatum, angebotbg,
                      angebotts, angebotfi, angebotbgtfo, gueltig_bis)
SELECT @luzern_test_gemeinde_id, '2018-01-01 00:00:00', '2018-01-01 00:00:00', 'flyway', 'flyway', 0,
	   'Testgemeinde Luzern', max(gemeinde_nummer)+1,  @mandant_id_luzern, 'AKTIV', 99997,
	'2016-01-01', '2020-08-01', '2020-08-01', true, false, false, true, '9999-12-31' from gemeinde;

INSERT IGNORE INTO adresse (id, timestamp_erstellt, timestamp_mutiert, user_erstellt, user_mutiert, version, vorgaenger_id, gueltig_ab, gueltig_bis, gemeinde,
					 hausnummer, land, organisation, ort, plz, strasse, zusatzzeile) VALUES (UNHEX(REPLACE('2476287e-3264-11ec-a17e-b89a2ae4a038', '-', '')),
																							 '2018-10-23 00:00:00', '2018-10-23 00:00:00', 'flyway',
																							 'flyway', 0, null, '2018-01-01', '9999-01-01', 'Luzern', '1',
																							 'CH', 'Gemeinde', 'Luzern', '3072', 'Schiessplatzweg', null);
INSERT IGNORE INTO gemeinde_stammdaten_korrespondenz (id, timestamp_erstellt, timestamp_mutiert, user_erstellt, user_mutiert, version, logo_content, logo_name, logo_spacing_left, logo_spacing_top, logo_type, logo_width, receiver_address_spacing_left, receiver_address_spacing_top, sender_address_spacing_left, sender_address_spacing_top)
VALUES(UNHEX(REPLACE('4a7d313f-4af0-11e9-9a3a-afd41a03c0be', '-', '')), '2018-10-23 00:00:00', '2018-10-23 00:00:00', 'flyway', 'flyway', 0, null, null, 123, 15, null, null, 123, 47, 20, 47);

INSERT IGNORE INTO gemeinde_stammdaten (id, timestamp_erstellt, timestamp_mutiert, user_erstellt, user_mutiert, version,
										default_benutzer_id, default_benutzerts_id, gemeinde_id, adresse_id, mail, telefon, webseite,
										beschwerde_adresse_id, korrespondenzsprache,
										bic, iban, kontoinhaber, standard_rechtsmittelbelehrung,
										benachrichtigung_bg_email_auto, benachrichtigung_ts_email_auto,
										standard_dok_signature, ts_verantwortlicher_nach_verfuegung_benachrichtigen, gemeinde_stammdaten_korrespondenz_id)
VALUES (UNHEX(REPLACE('fd91477c-3263-11ec-a17e-b89a2ae4a038', '-', '')), '2018-10-23 00:00:00', '2018-10-23 00:00:00', 'flyway', 'flyway', 0,
        @system_user, @system_user,
        UNHEX(REPLACE('6fd6183c-30a2-11ec-a86f-b89a2ae4a038', '-', '')), UNHEX(REPLACE('2476287e-3264-11ec-a17e-b89a2ae4a038', '-', '')),
        'luzern@mailbucket.dvbern.ch', '+41 31 930 14 14', 'https://www.luzern.ch', null, 'DE', 'BIC', 'CH93 0077 2011 6238 5295 7',
        'Luzern Kontoinhaber', true, true, true, true, false, UNHEX(REPLACE('4a7d313f-4af0-11e9-9a3a-afd41a03c0be', '-', '')));

# Gesuchsperiode 22/23 Einstellungen
UPDATE einstellung set value = 'true' WHERE einstellung_key = 'KESB_PLATZIERUNG_DEAKTIVIEREN' AND gesuchsperiode_id = @gesuchsperiode_22_23_id AND mandant_id = null;
UPDATE einstellung set value = 'KEINE' WHERE einstellung_key = 'KINDERABZUG_TYP' AND gesuchsperiode_id = @gesuchsperiode_22_23_id AND mandant_id = null;
UPDATE einstellung set value = 'true' WHERE einstellung_key = 'BESONDERE_BEDUERFNISSE_LUZERN' AND gesuchsperiode_id = @gesuchsperiode_22_23_id AND mandant_id = null;
UPDATE einstellung set value = '100' WHERE einstellung_key = 'FKJV_MAX_PENSUM_AUSSERORDENTLICHER_ANSPRUCH' AND gesuchsperiode_id = @gesuchsperiode_22_23_id AND mandant_id = null;
UPDATE einstellung set value = 'ASIV' WHERE einstellung_key = 'AUSSERORDENTLICHER_ANSPRUCH_RULE' AND gesuchsperiode_id = @gesuchsperiode_22_23_id AND mandant_id = null;
UPDATE einstellung set value = 'true' WHERE einstellung_key = 'GESCHWISTERNBONUS_AKTIVIERT' AND gesuchsperiode_id = @gesuchsperiode_22_23_id AND mandant_id = null;
UPDATE einstellung set value = '18' WHERE einstellung_key = 'DAUER_BABYTARIF' AND gesuchsperiode_id = @gesuchsperiode_22_23_id AND mandant_id = null;
UPDATE einstellung set value = 'false' WHERE einstellung_key = 'FKJV_TEXTE' AND gesuchsperiode_id = @gesuchsperiode_22_23_id AND mandant_id = null;
UPDATE einstellung set value = 'true' WHERE einstellung_key = 'DIPLOMATENSTATUS_DEAKTIVIERT' AND gesuchsperiode_id = @gesuchsperiode_22_23_id AND mandant_id = null;
UPDATE einstellung set value = 'true' WHERE einstellung_key = 'ZEMIS_DISABLED' AND gesuchsperiode_id = @gesuchsperiode_22_23_id AND mandant_id = null;
UPDATE einstellung set value = 'true' WHERE einstellung_key = 'SPRACHE_AMTSPRACHE_DISABLED' AND gesuchsperiode_id = @gesuchsperiode_22_23_id AND mandant_id = null;
UPDATE einstellung set value = 'true' WHERE einstellung_key = 'FREIGABE_QUITTUNG_EINLESEN_REQUIRED' AND gesuchsperiode_id = @gesuchsperiode_22_23_id AND mandant_id = null;
UPDATE einstellung set value = '12.24' WHERE einstellung_key = 'MAX_TARIF_MIT_PAEDAGOGISCHER_BETREUUNG' AND gesuchsperiode_id = @gesuchsperiode_22_23_id AND mandant_id = null;
UPDATE einstellung set value = '6.11' WHERE einstellung_key = 'MAX_TARIF_OHNE_PAEDAGOGISCHER_BETREUUNG' AND gesuchsperiode_id = @gesuchsperiode_22_23_id AND mandant_id = null;
UPDATE einstellung set value = '0.78' WHERE einstellung_key = 'MIN_TARIF' AND gesuchsperiode_id = @gesuchsperiode_22_23_id AND mandant_id = null;
UPDATE einstellung set value = '0' WHERE einstellung_key = 'PARAM_PENSUM_TAGESELTERN_MIN' AND gesuchsperiode_id = @gesuchsperiode_22_23_id AND mandant_id = null;
UPDATE einstellung set value = '0' WHERE einstellung_key = 'PARAM_PENSUM_TAGESSCHULE_MIN' AND gesuchsperiode_id = @gesuchsperiode_22_23_id AND mandant_id = null;
UPDATE einstellung set value = '0' WHERE einstellung_key = 'PARAM_PENSUM_KITA_MIN' AND gesuchsperiode_id = @gesuchsperiode_22_23_id AND mandant_id = null;
UPDATE einstellung set value = 'FREIWILLIGER_KINDERGARTEN' WHERE einstellung_key = 'GEMEINDE_BG_BIS_UND_MIT_SCHULSTUFE' AND gesuchsperiode_id = @gesuchsperiode_22_23_id AND mandant_id = null;
UPDATE einstellung set value = 'false' WHERE einstellung_key = 'GEMEINDE_KONTINGENTIERUNG_ENABLED' AND gesuchsperiode_id = @gesuchsperiode_22_23_id AND mandant_id = null;
UPDATE einstellung set value = '160' WHERE einstellung_key = 'MAX_VERGUENSTIGUNG_VORSCHULE_BABY_PRO_TG' AND gesuchsperiode_id = @gesuchsperiode_22_23_id AND mandant_id = null;
UPDATE einstellung set value = '130' WHERE einstellung_key = 'MAX_VERGUENSTIGUNG_VORSCHULE_KIND_PRO_TG' AND gesuchsperiode_id = @gesuchsperiode_22_23_id AND mandant_id = null;
UPDATE einstellung set value = '130' WHERE einstellung_key = 'MAX_VERGUENSTIGUNG_KINDERGARTEN_PRO_TG' AND gesuchsperiode_id = @gesuchsperiode_22_23_id AND mandant_id = null;
UPDATE einstellung set value = '16.3' WHERE einstellung_key = 'MAX_VERGUENSTIGUNG_VORSCHULE_BABY_PRO_STD' AND gesuchsperiode_id = @gesuchsperiode_22_23_id AND mandant_id = null;
UPDATE einstellung set value = '12.4' WHERE einstellung_key = 'MAX_VERGUENSTIGUNG_VORSCHULE_KIND_PRO_STD' AND gesuchsperiode_id = @gesuchsperiode_22_23_id AND mandant_id = null;
UPDATE einstellung set value = '12.4' WHERE einstellung_key = 'MAX_VERGUENSTIGUNG_KINDERGARTEN_PRO_STD' AND gesuchsperiode_id = @gesuchsperiode_22_23_id AND mandant_id = null;
UPDATE einstellung set value = '125000' WHERE einstellung_key = 'MAX_MASSGEBENDES_EINKOMMEN' AND gesuchsperiode_id = @gesuchsperiode_22_23_id AND mandant_id = null;
UPDATE einstellung set value = '48000' WHERE einstellung_key = 'MIN_MASSGEBENDES_EINKOMMEN' AND gesuchsperiode_id = @gesuchsperiode_22_23_id AND mandant_id = null;
UPDATE einstellung set value = '246' WHERE einstellung_key = 'OEFFNUNGSTAGE_KITA' AND gesuchsperiode_id = @gesuchsperiode_22_23_id AND mandant_id = null;
UPDATE einstellung set value = '246' WHERE einstellung_key = 'OEFFNUNGSTAGE_TFO' AND gesuchsperiode_id = @gesuchsperiode_22_23_id AND mandant_id = null;
UPDATE einstellung set value = '11' WHERE einstellung_key = 'OEFFNUNGSSTUNDEN_TFO' AND gesuchsperiode_id = @gesuchsperiode_22_23_id AND mandant_id = null;
UPDATE einstellung set value = '50' WHERE einstellung_key = 'ZUSCHLAG_BEHINDERUNG_PRO_TG' AND gesuchsperiode_id = @gesuchsperiode_22_23_id AND mandant_id = null;
UPDATE einstellung set value = '4.25' WHERE einstellung_key = 'ZUSCHLAG_BEHINDERUNG_PRO_STD' AND gesuchsperiode_id = @gesuchsperiode_22_23_id AND mandant_id = null;
UPDATE einstellung set value = '15' WHERE einstellung_key = 'MIN_VERGUENSTIGUNG_PRO_TG' AND gesuchsperiode_id = @gesuchsperiode_22_23_id AND mandant_id = null;
UPDATE einstellung set value = '0.70' WHERE einstellung_key = 'MIN_VERGUENSTIGUNG_PRO_STD' AND gesuchsperiode_id = @gesuchsperiode_22_23_id AND mandant_id = null;
UPDATE einstellung set value = '20' WHERE einstellung_key = 'MIN_ERWERBSPENSUM_NICHT_EINGESCHULT' AND gesuchsperiode_id = @gesuchsperiode_22_23_id AND mandant_id = null;
UPDATE einstellung set value = '20' WHERE einstellung_key = 'MIN_ERWERBSPENSUM_EINGESCHULT' AND gesuchsperiode_id = @gesuchsperiode_22_23_id AND mandant_id = null;
UPDATE einstellung set value = '20' WHERE einstellung_key = 'FACHSTELLE_MIN_PENSUM_SOZIALE_INTEGRATION' AND gesuchsperiode_id = @gesuchsperiode_22_23_id AND mandant_id = null;
UPDATE einstellung set value = '100' WHERE einstellung_key = 'FACHSTELLE_MAX_PENSUM_SOZIALE_INTEGRATION' AND gesuchsperiode_id = @gesuchsperiode_22_23_id AND mandant_id = null;
UPDATE einstellung set value = '40' WHERE einstellung_key = 'FACHSTELLE_MIN_PENSUM_SPRACHLICHE_INTEGRATION' AND gesuchsperiode_id = @gesuchsperiode_22_23_id AND mandant_id = null;
UPDATE einstellung set value = '100' WHERE einstellung_key = 'FACHSTELLE_MAX_PENSUM_SPRACHLICHE_INTEGRATION' AND gesuchsperiode_id = @gesuchsperiode_22_23_id AND mandant_id = null;
UPDATE einstellung set value = '10' WHERE einstellung_key = 'ERWERBSPENSUM_ZUSCHLAG' AND gesuchsperiode_id = @gesuchsperiode_22_23_id AND mandant_id = null;
UPDATE einstellung set value = '0' WHERE einstellung_key = 'PARAM_PAUSCHALABZUG_PRO_PERSON_FAMILIENGROESSE_3' AND gesuchsperiode_id = @gesuchsperiode_22_23_id AND mandant_id = null;
UPDATE einstellung set value = '0' WHERE einstellung_key = 'PARAM_PAUSCHALABZUG_PRO_PERSON_FAMILIENGROESSE_4' AND gesuchsperiode_id = @gesuchsperiode_22_23_id AND mandant_id = null;
UPDATE einstellung set value = '0' WHERE einstellung_key = 'PARAM_PAUSCHALABZUG_PRO_PERSON_FAMILIENGROESSE_5' AND gesuchsperiode_id = @gesuchsperiode_22_23_id AND mandant_id = null;
UPDATE einstellung set value = '30' WHERE einstellung_key = 'PARAM_MAX_TAGE_ABWESENHEIT' AND gesuchsperiode_id = @gesuchsperiode_22_23_id AND mandant_id = null;
UPDATE einstellung set value = '25' WHERE einstellung_key = 'PARAM_GRENZWERT_EINKOMMENSVERSCHLECHTERUNG' AND gesuchsperiode_id = @gesuchsperiode_22_23_id AND mandant_id = null;
UPDATE einstellung set value = '0' WHERE einstellung_key = 'PARAM_PAUSCHALABZUG_PRO_PERSON_FAMILIENGROESSE_6' AND gesuchsperiode_id = @gesuchsperiode_22_23_id AND mandant_id = null;
UPDATE einstellung set value = '01.08.2019' WHERE einstellung_key = 'GEMEINDE_TAGESSCHULE_ANMELDUNGEN_DATUM_AB' AND gesuchsperiode_id = @gesuchsperiode_22_23_id AND mandant_id = null;
UPDATE einstellung set value = '01.08.2019' WHERE einstellung_key = 'GEMEINDE_TAGESSCHULE_ERSTER_SCHULTAG' AND gesuchsperiode_id = @gesuchsperiode_22_23_id AND mandant_id = null;
UPDATE einstellung set value = '01.08.2019' WHERE einstellung_key = 'GEMEINDE_FERIENINSEL_ANMELDUNGEN_DATUM_AB' AND gesuchsperiode_id = @gesuchsperiode_22_23_id AND mandant_id = null;
UPDATE einstellung set value = '10.39' WHERE einstellung_key = 'LATS_LOHNNORMKOSTEN' AND gesuchsperiode_id = @gesuchsperiode_22_23_id AND mandant_id = null;
UPDATE einstellung set value = '5.2' WHERE einstellung_key = 'LATS_LOHNNORMKOSTEN_LESS_THAN_50' AND gesuchsperiode_id = @gesuchsperiode_22_23_id AND mandant_id = null;
UPDATE einstellung set value = '2019-09-15' WHERE einstellung_key = 'LATS_STICHTAG' AND gesuchsperiode_id = @gesuchsperiode_22_23_id AND mandant_id = null;
UPDATE einstellung set value = 'LUZERN' WHERE einstellung_key = 'EINGEWOEHNUNG_TYP' AND gesuchsperiode_id = @gesuchsperiode_22_23_id AND mandant_id = null;
UPDATE einstellung set value = '100' WHERE einstellung_key = 'FKJV_MAX_DIFFERENZ_BESCHAEFTIGUNGSPENSUM' AND gesuchsperiode_id = @gesuchsperiode_22_23_id AND mandant_id = null;
UPDATE einstellung set value = 'OBLIGATORISCHER_KINDERGARTEN' WHERE einstellung_key = 'FKJV_SOZIALE_INTEGRATION_BIS_SCHULSTUFE' AND gesuchsperiode_id = @gesuchsperiode_22_23_id AND mandant_id = null;
UPDATE einstellung set value = 'false' WHERE einstellung_key = 'FKJV_PAUSCHALE_BEI_ANSPRUCH' AND gesuchsperiode_id = @gesuchsperiode_22_23_id AND mandant_id = null;
UPDATE einstellung set value = 'false' WHERE einstellung_key = 'FKJV_PAUSCHALE_RUECKWIRKEND' AND gesuchsperiode_id = @gesuchsperiode_22_23_id AND mandant_id = null;
UPDATE einstellung set value = 'null' WHERE einstellung_key = 'FKJV_EINKOMMENSVERSCHLECHTERUNG_BIS_CHF' AND gesuchsperiode_id = @gesuchsperiode_22_23_id AND mandant_id = null;
UPDATE einstellung set value = 'false' WHERE einstellung_key = 'ANSPRUCH_MONATSWEISE' AND gesuchsperiode_id = @gesuchsperiode_22_23_id AND mandant_id = null;
UPDATE einstellung set value = 'false' WHERE einstellung_key = 'SCHNITTSTELLE_STEUERN_AKTIV' AND gesuchsperiode_id = @gesuchsperiode_22_23_id AND mandant_id = null;
UPDATE einstellung set value = '30' WHERE einstellung_key = 'FERIENBETREUUNG_CHF_PAUSCHALBETRAG' AND gesuchsperiode_id = @gesuchsperiode_22_23_id AND mandant_id = null;
UPDATE einstellung set value = '60' WHERE einstellung_key = 'FERIENBETREUUNG_CHF_PAUSCHALBETRAG_SONDERSCHUELER' AND gesuchsperiode_id = @gesuchsperiode_22_23_id AND mandant_id = null;
UPDATE einstellung set value = 'false' WHERE einstellung_key = 'FKJV_FAMILIENSITUATION_NEU' AND gesuchsperiode_id = @gesuchsperiode_22_23_id AND mandant_id = null;
UPDATE einstellung set value = '2' WHERE einstellung_key = 'MINIMALDAUER_KONKUBINAT' AND gesuchsperiode_id = @gesuchsperiode_22_23_id AND mandant_id = null;
UPDATE einstellung set value = 'LUZERN' WHERE einstellung_key = 'FINANZIELLE_SITUATION_TYP' AND gesuchsperiode_id = @gesuchsperiode_22_23_id AND mandant_id = null;
UPDATE einstellung set value = 'false' WHERE einstellung_key = 'KITAPLUS_ZUSCHLAG_AKTIVIERT' AND gesuchsperiode_id = @gesuchsperiode_22_23_id AND mandant_id = null;
UPDATE einstellung set value = 'false' WHERE einstellung_key = 'GEMEINDESPEZIFISCHE_BG_KONFIGURATIONEN' AND gesuchsperiode_id = @gesuchsperiode_22_23_id AND mandant_id = null;
UPDATE einstellung set value = 'ABHAENGING' WHERE einstellung_key = 'ABHAENGIGKEIT_ANSPRUCH_BESCHAEFTIGUNGPENSUM' AND gesuchsperiode_id = @gesuchsperiode_22_23_id AND mandant_id = null;
UPDATE einstellung set value = 'false' WHERE einstellung_key = 'GEMEINDE_ZUSAETZLICHER_GUTSCHEIN_ENABLED' AND gesuchsperiode_id = @gesuchsperiode_22_23_id AND mandant_id = @mandant_id_luzern;
UPDATE einstellung set value = '0.00' WHERE einstellung_key = 'GEMEINDE_ZUSAETZLICHER_GUTSCHEIN_BETRAG_KITA' AND gesuchsperiode_id = @gesuchsperiode_22_23_id AND mandant_id = @mandant_id_luzern;
UPDATE einstellung set value = '0.00' WHERE einstellung_key = 'GEMEINDE_ZUSAETZLICHER_GUTSCHEIN_BETRAG_TFO' AND gesuchsperiode_id = @gesuchsperiode_22_23_id AND mandant_id = @mandant_id_luzern;
UPDATE einstellung set value = 'VORSCHULALTER' WHERE einstellung_key = 'GEMEINDE_ZUSAETZLICHER_GUTSCHEIN_BIS_UND_MIT_SCHULSTUFE_KITA' AND gesuchsperiode_id = @gesuchsperiode_22_23_id AND mandant_id = @mandant_id_luzern;
UPDATE einstellung set value = 'VORSCHULALTER' WHERE einstellung_key = 'GEMEINDE_ZUSAETZLICHER_GUTSCHEIN_BIS_UND_MIT_SCHULSTUFE_TFO' AND gesuchsperiode_id = @gesuchsperiode_22_23_id AND mandant_id = @mandant_id_luzern;
UPDATE einstellung set value = 'false' WHERE einstellung_key = 'GEMEINDE_ZUSAETZLICHER_BABYBEITRAG_ENABLED' AND gesuchsperiode_id = @gesuchsperiode_22_23_id AND mandant_id = @mandant_id_luzern;
UPDATE einstellung set value = '0.00' WHERE einstellung_key = 'GEMEINDE_ZUSAETZLICHER_BABYBEITRAG_BETRAG_KITA' AND gesuchsperiode_id = @gesuchsperiode_22_23_id AND mandant_id = @mandant_id_luzern;
UPDATE einstellung set value = '0.00' WHERE einstellung_key = 'GEMEINDE_ZUSAETZLICHER_BABYBEITRAG_BETRAG_TFO' AND gesuchsperiode_id = @gesuchsperiode_22_23_id AND mandant_id = @mandant_id_luzern;
UPDATE einstellung set value = 'false' WHERE einstellung_key = 'GEMEINDE_ZUSAETZLICHER_ANSPRUCH_FREIWILLIGENARBEIT_ENABLED' AND gesuchsperiode_id = @gesuchsperiode_22_23_id AND mandant_id = @mandant_id_luzern;
UPDATE einstellung set value = '0' WHERE einstellung_key = 'GEMEINDE_ZUSAETZLICHER_ANSPRUCH_FREIWILLIGENARBEIT_MAXPROZENT' AND gesuchsperiode_id = @gesuchsperiode_22_23_id AND mandant_id = @mandant_id_luzern;
UPDATE einstellung set value = 'false' WHERE einstellung_key = 'GEMEINDE_MAHLZEITENVERGUENSTIGUNG_ENABLED' AND gesuchsperiode_id = @gesuchsperiode_22_23_id AND mandant_id = @mandant_id_luzern;
UPDATE einstellung set value = '6.00' WHERE einstellung_key = 'GEMEINDE_MAHLZEITENVERGUENSTIGUNG_EINKOMMENSSTUFE_1_VERGUENSTIGUNG_MAHLZEIT' AND gesuchsperiode_id = @gesuchsperiode_22_23_id AND mandant_id = @mandant_id_luzern;
UPDATE einstellung set value = '51000' WHERE einstellung_key = 'GEMEINDE_MAHLZEITENVERGUENSTIGUNG_EINKOMMENSSTUFE_1_MAX_EINKOMMEN' AND gesuchsperiode_id = @gesuchsperiode_22_23_id AND mandant_id = @mandant_id_luzern;
UPDATE einstellung set value = '3.00' WHERE einstellung_key = 'GEMEINDE_MAHLZEITENVERGUENSTIGUNG_EINKOMMENSSTUFE_2_VERGUENSTIGUNG_MAHLZEIT' AND gesuchsperiode_id = @gesuchsperiode_22_23_id AND mandant_id = @mandant_id_luzern;
UPDATE einstellung set value = '70000' WHERE einstellung_key = 'GEMEINDE_MAHLZEITENVERGUENSTIGUNG_EINKOMMENSSTUFE_2_MAX_EINKOMMEN' AND gesuchsperiode_id = @gesuchsperiode_22_23_id AND mandant_id = @mandant_id_luzern;
UPDATE einstellung set value = '0' WHERE einstellung_key = 'GEMEINDE_MAHLZEITENVERGUENSTIGUNG_EINKOMMENSSTUFE_3_VERGUENSTIGUNG_MAHLZEIT' AND gesuchsperiode_id = @gesuchsperiode_22_23_id AND mandant_id = @mandant_id_luzern;
UPDATE einstellung set value = 'false' WHERE einstellung_key = 'GEMEINDE_MAHLZEITENVERGUENSTIGUNG_FUER_SOZIALHILFEBEZUEGER_ENABLED' AND gesuchsperiode_id = @gesuchsperiode_22_23_id AND mandant_id = @mandant_id_luzern;
UPDATE einstellung set value = 'false' WHERE einstellung_key = 'GEMEINDE_SCHNITTSTELLE_KITAX_ENABLED' AND gesuchsperiode_id = @gesuchsperiode_22_23_id AND mandant_id = @mandant_id_luzern;
UPDATE einstellung set value = 'false' WHERE einstellung_key = 'GEMEINDE_TAGESSCHULE_TAGIS_ENABLED' AND gesuchsperiode_id = @gesuchsperiode_22_23_id AND mandant_id = @mandant_id_luzern;
UPDATE einstellung set value = '20' WHERE einstellung_key = 'GEMEINDE_MIN_ERWERBSPENSUM_NICHT_EINGESCHULT' AND gesuchsperiode_id = @gesuchsperiode_22_23_id AND mandant_id = @mandant_id_luzern;
UPDATE einstellung set value = '40' WHERE einstellung_key = 'GEMEINDE_MIN_ERWERBSPENSUM_EINGESCHULT' AND gesuchsperiode_id = @gesuchsperiode_22_23_id AND mandant_id = @mandant_id_luzern;
UPDATE einstellung set value = '0.00' WHERE einstellung_key = 'GEMEINDE_MAHLZEITENVERGUENSTIGUNG_MINIMALER_ELTERNBEITRAG_MAHLZEIT' AND gesuchsperiode_id = @gesuchsperiode_22_23_id AND mandant_id = @mandant_id_luzern;
UPDATE einstellung set value = 'OBLIGATORISCHER_KINDERGARTEN' WHERE einstellung_key = 'SPRACHLICHE_INTEGRATION_BIS_SCHULSTUFE' AND gesuchsperiode_id = @gesuchsperiode_22_23_id AND mandant_id = null;
UPDATE einstellung set value = 'false' WHERE einstellung_key = 'UNBEZAHLTER_URLAUB_AKTIV' AND gesuchsperiode_id = @gesuchsperiode_22_23_id AND mandant_id = null;
UPDATE einstellung set value = 'LUZERN' WHERE einstellung_key = 'FACHSTELLEN_TYP' AND gesuchsperiode_id = @gesuchsperiode_22_23_id AND mandant_id = null;
UPDATE einstellung set value = 'true' WHERE einstellung_key = 'AUSWEIS_NACHWEIS_REQUIRED' AND gesuchsperiode_id = @gesuchsperiode_22_23_id AND mandant_id = null;
UPDATE einstellung set value = 'NUR_PROZENT' WHERE einstellung_key = 'PENSUM_ANZEIGE_TYP' AND gesuchsperiode_id = @gesuchsperiode_22_23_id AND mandant_id = null;
UPDATE einstellung set value = 'false' WHERE einstellung_key = 'ABWESENHEIT_AKTIV' AND gesuchsperiode_id = @gesuchsperiode_22_23_id AND mandant_id = null;
UPDATE einstellung set value = 'false' WHERE einstellung_key = 'VERFUEGUNG_EINGESCHRIEBEN_VERSENDEN_AKTIVIERT' AND gesuchsperiode_id = @gesuchsperiode_22_23_id AND mandant_id = null;
UPDATE einstellung set value = 'true' WHERE einstellung_key = 'BEGRUENDUNG_MUTATION_AKTIVIERT' AND gesuchsperiode_id = @gesuchsperiode_22_23_id AND mandant_id = null;
UPDATE einstellung set value = 'false' WHERE einstellung_key = 'GEMEINDE_TAGESSCHULE_ZUSAETZLICHE_ANGABEN_ZUR_ANMELDUNG' AND gesuchsperiode_id = @gesuchsperiode_22_23_id AND mandant_id = @mandant_id_luzern;
UPDATE einstellung set value = 'false' WHERE einstellung_key = 'GEMEINDE_PAUSCHALBETRAG_HOHE_EINKOMMENSKLASSEN_AKTIVIERT' AND gesuchsperiode_id = @gesuchsperiode_22_23_id AND mandant_id = null;
UPDATE einstellung set value = '0' WHERE einstellung_key = 'GEMEINDE_PAUSCHALBETRAG_HOHE_EINKOMMENSKLASSEN_BETRAG_KITA' AND gesuchsperiode_id = @gesuchsperiode_22_23_id AND mandant_id = null;
UPDATE einstellung set value = '0' WHERE einstellung_key = 'GEMEINDE_PAUSCHALBETRAG_HOHE_EINKOMMENSKLASSEN_BETRAG_TFO' AND gesuchsperiode_id = @gesuchsperiode_22_23_id AND mandant_id = null;
UPDATE einstellung set value = '0' WHERE einstellung_key = 'GEMEINDE_PAUSCHALBETRAG_HOHE_EINKOMMENSKLASSEN_BETRAG_TFO_AB_PRIMARSCHULE' AND gesuchsperiode_id = @gesuchsperiode_22_23_id AND mandant_id = null;
UPDATE einstellung set value = '0' WHERE einstellung_key = 'GEMEINDE_PAUSCHALBETRAG_HOHE_EINKOMMENSKLASSEN_MAX_MASSGEBENDEN_EINKOMMEN_FUER_BERECHNUNG' AND gesuchsperiode_id = @gesuchsperiode_22_23_id AND mandant_id = null;
UPDATE einstellung set value = 'false' WHERE einstellung_key = 'VERFUEGUNG_EXPORT_ENABLED' AND gesuchsperiode_id = @gesuchsperiode_22_23_id AND mandant_id = null;
UPDATE einstellung set value = '0' WHERE einstellung_key = 'VERANLAGUNG_MIN_UNTERSCHIED_MASSGEBENDESEINK' AND gesuchsperiode_id = @gesuchsperiode_22_23_id AND mandant_id = null;
UPDATE einstellung set value = 'false' WHERE einstellung_key = 'ZAHLUNGSANGABEN_ANTRAGSTELLER_REQUIRED' AND gesuchsperiode_id = @gesuchsperiode_22_23_id AND mandant_id = null;
UPDATE einstellung set value = 'false' WHERE einstellung_key = 'GEMEINDE_KEIN_GUTSCHEIN_FUER_SOZIALHILFE_EMPFAENGER' AND gesuchsperiode_id = @gesuchsperiode_22_23_id AND mandant_id = null;
UPDATE einstellung set value = '8.50' WHERE einstellung_key = 'MAX_VERGUENSTIGUNG_PRIMAR_PRO_STD' AND gesuchsperiode_id = @gesuchsperiode_22_23_id AND mandant_id = null;
UPDATE einstellung set value = '0' WHERE einstellung_key = 'ANSPRUCH_AB_X_MONATEN' AND gesuchsperiode_id = @gesuchsperiode_22_23_id AND mandant_id = null;
UPDATE einstellung set value = '10' WHERE einstellung_key = 'KITA_STUNDEN_PRO_TAG' AND gesuchsperiode_id = @gesuchsperiode_22_23_id AND mandant_id = null;
INSERT IGNORE INTO einstellung (id, timestamp_erstellt, timestamp_mutiert, user_erstellt, user_mutiert, version, einstellung_key, value, gemeinde_id, gesuchsperiode_id, mandant_id, erklaerung) VALUES (UNHEX('03EA08F18F254B0E96CF1FC8DC802C10'), '2023-12-08 11:02:22', '2023-12-08 11:02:22', 'ebegu:Stadt Luzern', 'ebegu:Stadt Luzern', 0, 'GEMEINDE_MAHLZEITENVERGUENSTIGUNG_EINKOMMENSSTUFE_1_MAX_EINKOMMEN', '51000', @luzern_test_gemeinde_id, @gesuchsperiode_22_23_id, @mandant_id_luzern, null);
INSERT IGNORE INTO einstellung (id, timestamp_erstellt, timestamp_mutiert, user_erstellt, user_mutiert, version, einstellung_key, value, gemeinde_id, gesuchsperiode_id, mandant_id, erklaerung) VALUES (UNHEX('075B27FD97E04E9D9024C62EC298C595'), '2023-12-08 11:02:22', '2023-12-08 11:02:22', 'ebegu:Stadt Luzern', 'ebegu:Stadt Luzern', 0, 'GEMEINDE_ZUSAETZLICHER_GUTSCHEIN_BETRAG_TFO', '0.00', @luzern_test_gemeinde_id, @gesuchsperiode_22_23_id, @mandant_id_luzern, null);
INSERT IGNORE INTO einstellung (id, timestamp_erstellt, timestamp_mutiert, user_erstellt, user_mutiert, version, einstellung_key, value, gemeinde_id, gesuchsperiode_id, mandant_id, erklaerung) VALUES (UNHEX('1A33F7D59D5C4506A9404327F994C877'), '2023-12-08 11:02:22', '2023-12-08 11:02:22', 'ebegu:Stadt Luzern', 'ebegu:Stadt Luzern', 0, 'GEMEINDE_SCHNITTSTELLE_KITAX_ENABLED', 'false', @luzern_test_gemeinde_id, @gesuchsperiode_22_23_id, @mandant_id_luzern, null);
INSERT IGNORE INTO einstellung (id, timestamp_erstellt, timestamp_mutiert, user_erstellt, user_mutiert, version, einstellung_key, value, gemeinde_id, gesuchsperiode_id, mandant_id, erklaerung) VALUES (UNHEX('1C6F63F389C44391959519AA6988A049'), '2023-12-08 11:02:22', '2023-12-08 11:02:37', 'ebegu:Stadt Luzern', 'ebegu:Stadt Luzern', 1, 'GEMEINDE_BG_BIS_UND_MIT_SCHULSTUFE', 'KINDERGARTEN1', @luzern_test_gemeinde_id, @gesuchsperiode_22_23_id, @mandant_id_luzern, null);
INSERT IGNORE INTO einstellung (id, timestamp_erstellt, timestamp_mutiert, user_erstellt, user_mutiert, version, einstellung_key, value, gemeinde_id, gesuchsperiode_id, mandant_id, erklaerung) VALUES (UNHEX('206A0EA4C8C64412B5F6216C3A45F5BF'), '2023-12-08 11:02:22', '2023-12-08 11:02:22', 'ebegu:Stadt Luzern', 'ebegu:Stadt Luzern', 0, 'GEMEINDE_MAHLZEITENVERGUENSTIGUNG_EINKOMMENSSTUFE_2_MAX_EINKOMMEN', '70000', @luzern_test_gemeinde_id, @gesuchsperiode_22_23_id, @mandant_id_luzern, null);
INSERT IGNORE INTO einstellung (id, timestamp_erstellt, timestamp_mutiert, user_erstellt, user_mutiert, version, einstellung_key, value, gemeinde_id, gesuchsperiode_id, mandant_id, erklaerung) VALUES (UNHEX('222D681F0F11406EA28A27FC21E99694'), '2023-12-08 11:02:22', '2023-12-08 11:02:22', 'ebegu:Stadt Luzern', 'ebegu:Stadt Luzern', 0, 'GEMEINDE_TAGESSCHULE_ERSTER_SCHULTAG', '01.08.2019', @luzern_test_gemeinde_id, @gesuchsperiode_22_23_id, @mandant_id_luzern, null);
INSERT IGNORE INTO einstellung (id, timestamp_erstellt, timestamp_mutiert, user_erstellt, user_mutiert, version, einstellung_key, value, gemeinde_id, gesuchsperiode_id, mandant_id, erklaerung) VALUES (UNHEX('391FABAA718A49A7A9CA3E3874EE1D01'), '2023-12-08 11:02:22', '2023-12-08 11:02:22', 'ebegu:Stadt Luzern', 'ebegu:Stadt Luzern', 0, 'GEMEINDE_MAHLZEITENVERGUENSTIGUNG_EINKOMMENSSTUFE_2_VERGUENSTIGUNG_MAHLZEIT', '3.00', @luzern_test_gemeinde_id, @gesuchsperiode_22_23_id, @mandant_id_luzern, null);
INSERT IGNORE INTO einstellung (id, timestamp_erstellt, timestamp_mutiert, user_erstellt, user_mutiert, version, einstellung_key, value, gemeinde_id, gesuchsperiode_id, mandant_id, erklaerung) VALUES (UNHEX('48838273BDED414FB9E64B1B9D475744'), '2023-12-08 11:02:22', '2023-12-08 11:02:22', 'ebegu:Stadt Luzern', 'ebegu:Stadt Luzern', 0, 'GEMEINDE_MAHLZEITENVERGUENSTIGUNG_FUER_SOZIALHILFEBEZUEGER_ENABLED', 'false', @luzern_test_gemeinde_id, @gesuchsperiode_22_23_id, @mandant_id_luzern, null);
INSERT IGNORE INTO einstellung (id, timestamp_erstellt, timestamp_mutiert, user_erstellt, user_mutiert, version, einstellung_key, value, gemeinde_id, gesuchsperiode_id, mandant_id, erklaerung) VALUES (UNHEX('567BC9B3BD384AE89986E3AF84E243ED'), '2023-12-08 11:02:22', '2023-12-08 11:02:22', 'ebegu:Stadt Luzern', 'ebegu:Stadt Luzern', 0, 'GEMEINDE_FERIENINSEL_ANMELDUNGEN_DATUM_AB', '01.08.2019', @luzern_test_gemeinde_id, @gesuchsperiode_22_23_id, @mandant_id_luzern, null);
INSERT IGNORE INTO einstellung (id, timestamp_erstellt, timestamp_mutiert, user_erstellt, user_mutiert, version, einstellung_key, value, gemeinde_id, gesuchsperiode_id, mandant_id, erklaerung) VALUES (UNHEX('5A40238E2511486E9F91D2C109452477'), '2023-12-08 11:02:22', '2023-12-08 11:02:22', 'ebegu:Stadt Luzern', 'ebegu:Stadt Luzern', 0, 'GEMEINDE_ZUSAETZLICHER_GUTSCHEIN_BIS_UND_MIT_SCHULSTUFE_TFO', 'VORSCHULALTER', @luzern_test_gemeinde_id, @gesuchsperiode_22_23_id, @mandant_id_luzern, null);
INSERT IGNORE INTO einstellung (id, timestamp_erstellt, timestamp_mutiert, user_erstellt, user_mutiert, version, einstellung_key, value, gemeinde_id, gesuchsperiode_id, mandant_id, erklaerung) VALUES (UNHEX('68D1610BA42045A3BCBE6EF708909C99'), '2023-12-08 11:02:22', '2023-12-08 11:02:22', 'ebegu:Stadt Luzern', 'ebegu:Stadt Luzern', 0, 'GEMEINDE_ZUSAETZLICHER_BABYBEITRAG_BETRAG_TFO', '0.00', @luzern_test_gemeinde_id, @gesuchsperiode_22_23_id, @mandant_id_luzern, null);
INSERT IGNORE INTO einstellung (id, timestamp_erstellt, timestamp_mutiert, user_erstellt, user_mutiert, version, einstellung_key, value, gemeinde_id, gesuchsperiode_id, mandant_id, erklaerung) VALUES (UNHEX('6FEF6F15C31740EB83DF40398B8CAFE1'), '2023-12-08 11:02:22', '2023-12-08 11:02:22', 'ebegu:Stadt Luzern', 'ebegu:Stadt Luzern', 0, 'GEMEINDE_KONTINGENTIERUNG_ENABLED', 'false', @luzern_test_gemeinde_id, @gesuchsperiode_22_23_id, @mandant_id_luzern, null);
INSERT IGNORE INTO einstellung (id, timestamp_erstellt, timestamp_mutiert, user_erstellt, user_mutiert, version, einstellung_key, value, gemeinde_id, gesuchsperiode_id, mandant_id, erklaerung) VALUES (UNHEX('83E3B04961904BE9B45ED57F093885B4'), '2023-12-08 11:02:22', '2023-12-08 11:02:22', 'ebegu:Stadt Luzern', 'ebegu:Stadt Luzern', 0, 'GEMEINDE_MAHLZEITENVERGUENSTIGUNG_MINIMALER_ELTERNBEITRAG_MAHLZEIT', '0.00', @luzern_test_gemeinde_id, @gesuchsperiode_22_23_id, @mandant_id_luzern, null);
INSERT IGNORE INTO einstellung (id, timestamp_erstellt, timestamp_mutiert, user_erstellt, user_mutiert, version, einstellung_key, value, gemeinde_id, gesuchsperiode_id, mandant_id, erklaerung) VALUES (UNHEX('8F35A78F9FAE44C580C9EDC1A4C706DB'), '2023-12-08 11:02:22', '2023-12-08 11:02:22', 'ebegu:Stadt Luzern', 'ebegu:Stadt Luzern', 0, 'GEMEINDE_ZUSAETZLICHER_GUTSCHEIN_ENABLED', 'false', @luzern_test_gemeinde_id, @gesuchsperiode_22_23_id, @mandant_id_luzern, null);
INSERT IGNORE INTO einstellung (id, timestamp_erstellt, timestamp_mutiert, user_erstellt, user_mutiert, version, einstellung_key, value, gemeinde_id, gesuchsperiode_id, mandant_id, erklaerung) VALUES (UNHEX('9764C8CBFA4A4EE38248C6B6D038AF08'), '2023-12-08 11:02:22', '2023-12-08 11:02:22', 'ebegu:Stadt Luzern', 'ebegu:Stadt Luzern', 0, 'GEMEINDE_MAHLZEITENVERGUENSTIGUNG_ENABLED', 'false', @luzern_test_gemeinde_id, @gesuchsperiode_22_23_id, @mandant_id_luzern, null);
INSERT IGNORE INTO einstellung (id, timestamp_erstellt, timestamp_mutiert, user_erstellt, user_mutiert, version, einstellung_key, value, gemeinde_id, gesuchsperiode_id, mandant_id, erklaerung) VALUES (UNHEX('97EFBB38A4AE4AD6B8AB7D631F76B28D'), '2023-12-08 11:02:22', '2023-12-08 11:02:22', 'ebegu:Stadt Luzern', 'ebegu:Stadt Luzern', 0, 'GEMEINDE_TAGESSCHULE_ZUSAETZLICHE_ANGABEN_ZUR_ANMELDUNG', 'false', @luzern_test_gemeinde_id, @gesuchsperiode_22_23_id, @mandant_id_luzern, 'Auf der Tagesschulanmeldung werden zusätzliche Angaben zu "Essen", "Allergien und Unverträglichkeiten" sowie "Notfallnummer" erfragt.');
INSERT IGNORE INTO einstellung (id, timestamp_erstellt, timestamp_mutiert, user_erstellt, user_mutiert, version, einstellung_key, value, gemeinde_id, gesuchsperiode_id, mandant_id, erklaerung) VALUES (UNHEX('A4C712B669AC4D87A43AB97D6B7A539A'), '2023-12-08 11:02:22', '2023-12-08 11:02:22', 'ebegu:Stadt Luzern', 'ebegu:Stadt Luzern', 0, 'ERWERBSPENSUM_ZUSCHLAG', '10', @luzern_test_gemeinde_id, @gesuchsperiode_22_23_id, @mandant_id_luzern, null);
INSERT IGNORE INTO einstellung (id, timestamp_erstellt, timestamp_mutiert, user_erstellt, user_mutiert, version, einstellung_key, value, gemeinde_id, gesuchsperiode_id, mandant_id, erklaerung) VALUES (UNHEX('A5F2BA5F61A541E8938481B5EC9B2975'), '2023-12-08 11:02:22', '2023-12-08 11:02:22', 'ebegu:Stadt Luzern', 'ebegu:Stadt Luzern', 0, 'GEMEINDE_MAHLZEITENVERGUENSTIGUNG_EINKOMMENSSTUFE_3_VERGUENSTIGUNG_MAHLZEIT', '0', @luzern_test_gemeinde_id, @gesuchsperiode_22_23_id, @mandant_id_luzern, null);
INSERT IGNORE INTO einstellung (id, timestamp_erstellt, timestamp_mutiert, user_erstellt, user_mutiert, version, einstellung_key, value, gemeinde_id, gesuchsperiode_id, mandant_id, erklaerung) VALUES (UNHEX('B4784110B3C743E3A3221AD5848CA0C3'), '2023-12-08 11:02:22', '2023-12-08 11:02:22', 'ebegu:Stadt Luzern', 'ebegu:Stadt Luzern', 0, 'ABHAENGIGKEIT_ANSPRUCH_BESCHAEFTIGUNGPENSUM', 'ABHAENGING', @luzern_test_gemeinde_id, @gesuchsperiode_22_23_id, @mandant_id_luzern, 'Die Einstellung kann 3 Werte haben ABHAENGING, UNABHAENGING oder MINIMUM. Abhängig = Der Anspruch hängt vom Beschäftigungspensum ab (wie in Bern) Unabhängig = Der Anspruch hängt nicht vom Beschäftigungspensum ab (wie in Solothurn) Minimal = Es muss ein minimum an Beschäftigungspensum erreicht werden um einen Anspruch zu erhalten (wie in Grenchen)');
INSERT IGNORE INTO einstellung (id, timestamp_erstellt, timestamp_mutiert, user_erstellt, user_mutiert, version, einstellung_key, value, gemeinde_id, gesuchsperiode_id, mandant_id, erklaerung) VALUES (UNHEX('B9B1634185E5409F8CAEC60C8873898E'), '2023-12-08 11:02:22', '2023-12-08 11:02:22', 'ebegu:Stadt Luzern', 'ebegu:Stadt Luzern', 0, 'GEMEINDE_KEIN_GUTSCHEIN_FUER_SOZIALHILFE_EMPFAENGER', 'false', @luzern_test_gemeinde_id, @gesuchsperiode_22_23_id, @mandant_id_luzern, null);
INSERT IGNORE INTO einstellung (id, timestamp_erstellt, timestamp_mutiert, user_erstellt, user_mutiert, version, einstellung_key, value, gemeinde_id, gesuchsperiode_id, mandant_id, erklaerung) VALUES (UNHEX('BA50CB45C5F94494832649A7863949C6'), '2023-12-08 11:02:22', '2023-12-08 11:02:22', 'ebegu:Stadt Luzern', 'ebegu:Stadt Luzern', 0, 'GEMEINDE_ZUSAETZLICHER_ANSPRUCH_FREIWILLIGENARBEIT_MAXPROZENT', '0', @luzern_test_gemeinde_id, @gesuchsperiode_22_23_id, @mandant_id_luzern, null);
INSERT IGNORE INTO einstellung (id, timestamp_erstellt, timestamp_mutiert, user_erstellt, user_mutiert, version, einstellung_key, value, gemeinde_id, gesuchsperiode_id, mandant_id, erklaerung) VALUES (UNHEX('C44ABD5995B011EEB6130242AC130042'), '2020-01-01 00:00:00', '2020-01-01 00:00:00', 'flyway', 'flyway', 0, 'GEMEINDE_TAGESSCHULE_TAGIS_ENABLED', 'true', @luzern_test_gemeinde_id, @gesuchsperiode_22_23_id, @mandant_id_luzern, null);
INSERT IGNORE INTO einstellung (id, timestamp_erstellt, timestamp_mutiert, user_erstellt, user_mutiert, version, einstellung_key, value, gemeinde_id, gesuchsperiode_id, mandant_id, erklaerung) VALUES (UNHEX('C44B5BF595B011EEB6130242AC130042'), '2020-01-01 00:00:00', '2023-12-08 11:02:37', 'flyway', 'ebegu:Stadt Luzern', 1, 'GEMEINDE_MIN_ERWERBSPENSUM_NICHT_EINGESCHULT', '20', @luzern_test_gemeinde_id, @gesuchsperiode_22_23_id, @mandant_id_luzern, null);
INSERT IGNORE INTO einstellung (id, timestamp_erstellt, timestamp_mutiert, user_erstellt, user_mutiert, version, einstellung_key, value, gemeinde_id, gesuchsperiode_id, mandant_id, erklaerung) VALUES (UNHEX('C44CC4D095B011EEB6130242AC130042'), '2020-01-01 00:00:00', '2023-12-08 11:02:37', 'flyway', 'ebegu:Stadt Luzern', 1, 'GEMEINDE_MIN_ERWERBSPENSUM_EINGESCHULT', '20', @luzern_test_gemeinde_id, @gesuchsperiode_22_23_id, @mandant_id_luzern, null);
INSERT IGNORE INTO einstellung (id, timestamp_erstellt, timestamp_mutiert, user_erstellt, user_mutiert, version, einstellung_key, value, gemeinde_id, gesuchsperiode_id, mandant_id, erklaerung) VALUES (UNHEX('C54520168CAC47FEA88F1291F6D9FE2B'), '2023-12-08 11:02:22', '2023-12-08 11:02:22', 'ebegu:Stadt Luzern', 'ebegu:Stadt Luzern', 0, 'GEMEINDE_ZUSAETZLICHER_GUTSCHEIN_BETRAG_KITA', '0.00', @luzern_test_gemeinde_id, @gesuchsperiode_22_23_id, @mandant_id_luzern, null);
INSERT IGNORE INTO einstellung (id, timestamp_erstellt, timestamp_mutiert, user_erstellt, user_mutiert, version, einstellung_key, value, gemeinde_id, gesuchsperiode_id, mandant_id, erklaerung) VALUES (UNHEX('E6AC1368B51049B78EB227254BC84955'), '2023-12-08 11:02:22', '2023-12-08 11:02:22', 'ebegu:Stadt Luzern', 'ebegu:Stadt Luzern', 0, 'GEMEINDE_ZUSAETZLICHER_ANSPRUCH_FREIWILLIGENARBEIT_ENABLED', 'false', @luzern_test_gemeinde_id, @gesuchsperiode_22_23_id, @mandant_id_luzern, null);
INSERT IGNORE INTO einstellung (id, timestamp_erstellt, timestamp_mutiert, user_erstellt, user_mutiert, version, einstellung_key, value, gemeinde_id, gesuchsperiode_id, mandant_id, erklaerung) VALUES (UNHEX('E8DB9DE908014BD397C9BD0C2E7EA7B9'), '2023-12-08 11:02:22', '2023-12-08 11:02:22', 'ebegu:Stadt Luzern', 'ebegu:Stadt Luzern', 0, 'GEMEINDE_MAHLZEITENVERGUENSTIGUNG_EINKOMMENSSTUFE_1_VERGUENSTIGUNG_MAHLZEIT', '6.00', @luzern_test_gemeinde_id, @gesuchsperiode_22_23_id, @mandant_id_luzern, null);
INSERT IGNORE INTO einstellung (id, timestamp_erstellt, timestamp_mutiert, user_erstellt, user_mutiert, version, einstellung_key, value, gemeinde_id, gesuchsperiode_id, mandant_id, erklaerung) VALUES (UNHEX('EF93590AF66944DC874530C014DE52A2'), '2023-12-08 11:02:22', '2023-12-08 11:02:22', 'ebegu:Stadt Luzern', 'ebegu:Stadt Luzern', 0, 'GEMEINDE_ZUSAETZLICHER_GUTSCHEIN_BIS_UND_MIT_SCHULSTUFE_KITA', 'VORSCHULALTER', @luzern_test_gemeinde_id, @gesuchsperiode_22_23_id, @mandant_id_luzern, null);
INSERT IGNORE INTO einstellung (id, timestamp_erstellt, timestamp_mutiert, user_erstellt, user_mutiert, version, einstellung_key, value, gemeinde_id, gesuchsperiode_id, mandant_id, erklaerung) VALUES (UNHEX('F15D2CD5ABFD4311B96BDA91F8DFC532'), '2023-12-08 11:02:22', '2023-12-08 11:02:22', 'ebegu:Stadt Luzern', 'ebegu:Stadt Luzern', 0, 'GEMEINDE_ZUSAETZLICHER_BABYBEITRAG_ENABLED', 'false', @luzern_test_gemeinde_id, @gesuchsperiode_22_23_id, @mandant_id_luzern, null);
INSERT IGNORE INTO einstellung (id, timestamp_erstellt, timestamp_mutiert, user_erstellt, user_mutiert, version, einstellung_key, value, gemeinde_id, gesuchsperiode_id, mandant_id, erklaerung) VALUES (UNHEX('F31A0BA2E2334CD898DD006684A3C454'), '2023-12-08 11:02:22', '2023-12-08 11:02:22', 'ebegu:Stadt Luzern', 'ebegu:Stadt Luzern', 0, 'GEMEINDE_TAGESSCHULE_ANMELDUNGEN_DATUM_AB', '01.08.2019', @luzern_test_gemeinde_id, @gesuchsperiode_22_23_id, @mandant_id_luzern, null);
INSERT IGNORE INTO einstellung (id, timestamp_erstellt, timestamp_mutiert, user_erstellt, user_mutiert, version, einstellung_key, value, gemeinde_id, gesuchsperiode_id, mandant_id, erklaerung) VALUES (UNHEX('FFA9DC88747F46C683A47681084B0FFA'), '2023-12-08 11:02:22', '2023-12-08 11:02:22', 'ebegu:Stadt Luzern', 'ebegu:Stadt Luzern', 0, 'GEMEINDE_ZUSAETZLICHER_BABYBEITRAG_BETRAG_KITA', '0.00', @luzern_test_gemeinde_id, @gesuchsperiode_22_23_id, @mandant_id_luzern, null);


# Gesuchsperiode 23/24 Einstellungen:
INSERT IGNORE INTO einstellung (id, timestamp_erstellt, timestamp_mutiert, user_erstellt, user_mutiert, version, einstellung_key, value, gemeinde_id, gesuchsperiode_id, mandant_id, erklaerung) VALUES (UNHEX('00BF260548344EBFAAA1A3C5DE470F5B'), '2023-12-08 10:51:24', '2023-12-08 10:52:54', 'ebegu:Stadt Luzern', 'ebegu:Stadt Luzern', 1, 'FKJV_FAMILIENSITUATION_NEU', 'false', null, @gesuchsperiode_23_24_id, null, null);
INSERT IGNORE INTO einstellung (id, timestamp_erstellt, timestamp_mutiert, user_erstellt, user_mutiert, version, einstellung_key, value, gemeinde_id, gesuchsperiode_id, mandant_id, erklaerung) VALUES (UNHEX('0353DFAB575F4A4981B6D2DE9940A119'), '2023-12-08 10:51:23', '2023-12-08 10:52:54', 'ebegu:Stadt Luzern', 'ebegu:Stadt Luzern', 1, 'OEFFNUNGSTAGE_TFO', '246', null, @gesuchsperiode_23_24_id, null, null);
INSERT IGNORE INTO einstellung (id, timestamp_erstellt, timestamp_mutiert, user_erstellt, user_mutiert, version, einstellung_key, value, gemeinde_id, gesuchsperiode_id, mandant_id, erklaerung) VALUES (UNHEX('0458FCAAF41B4859A21B1088EA7243DC'), '2023-12-08 10:51:24', '2023-12-08 10:52:54', 'ebegu:Stadt Luzern', 'ebegu:Stadt Luzern', 1, 'UNBEZAHLTER_URLAUB_AKTIV', 'false', null, @gesuchsperiode_23_24_id, null, null);
INSERT IGNORE INTO einstellung (id, timestamp_erstellt, timestamp_mutiert, user_erstellt, user_mutiert, version, einstellung_key, value, gemeinde_id, gesuchsperiode_id, mandant_id, erklaerung) VALUES (UNHEX('070746E37E3146BAB08A4653731474FB'), '2023-12-08 10:51:23', '2023-12-08 10:52:54', 'ebegu:Stadt Luzern', 'ebegu:Stadt Luzern', 1, 'FKJV_SOZIALE_INTEGRATION_BIS_SCHULSTUFE', 'OBLIGATORISCHER_KINDERGARTEN', null, @gesuchsperiode_23_24_id, null, null);
INSERT IGNORE INTO einstellung (id, timestamp_erstellt, timestamp_mutiert, user_erstellt, user_mutiert, version, einstellung_key, value, gemeinde_id, gesuchsperiode_id, mandant_id, erklaerung) VALUES (UNHEX('08BEBB553D4D4697A86473F50A9D2A65'), '2023-12-08 10:51:24', '2023-12-08 10:51:24', 'ebegu:Stadt Luzern', 'ebegu:Stadt Luzern', 0, 'GEMEINDE_ZUSAETZLICHER_GUTSCHEIN_BIS_UND_MIT_SCHULSTUFE_TFO', 'VORSCHULALTER', null, @gesuchsperiode_23_24_id, @mandant_id_luzern, null);
INSERT IGNORE INTO einstellung (id, timestamp_erstellt, timestamp_mutiert, user_erstellt, user_mutiert, version, einstellung_key, value, gemeinde_id, gesuchsperiode_id, mandant_id, erklaerung) VALUES (UNHEX('0C4E2F1F8A134256A4690F2E06BAC750'), '2023-12-08 10:51:24', '2023-12-08 10:52:54', 'ebegu:Stadt Luzern', 'ebegu:Stadt Luzern', 1, 'ABWESENHEIT_AKTIV', 'false', null, @gesuchsperiode_23_24_id, null, null);
INSERT IGNORE INTO einstellung (id, timestamp_erstellt, timestamp_mutiert, user_erstellt, user_mutiert, version, einstellung_key, value, gemeinde_id, gesuchsperiode_id, mandant_id, erklaerung) VALUES (UNHEX('1093761AE3424705A177482CA4E0315F'), '2023-12-08 10:51:23', '2023-12-08 10:52:54', 'ebegu:Stadt Luzern', 'ebegu:Stadt Luzern', 1, 'MAX_VERGUENSTIGUNG_VORSCHULE_BABY_PRO_STD', '16.3', null, @gesuchsperiode_23_24_id, null, null);
INSERT IGNORE INTO einstellung (id, timestamp_erstellt, timestamp_mutiert, user_erstellt, user_mutiert, version, einstellung_key, value, gemeinde_id, gesuchsperiode_id, mandant_id, erklaerung) VALUES (UNHEX('10FEBF2DCFE34C85B3E993758FF6F7C2'), '2023-12-08 10:51:23', '2023-12-08 10:52:54', 'ebegu:Stadt Luzern', 'ebegu:Stadt Luzern', 1, 'MAX_VERGUENSTIGUNG_KINDERGARTEN_PRO_TG', '130', null, @gesuchsperiode_23_24_id, null, null);
INSERT IGNORE INTO einstellung (id, timestamp_erstellt, timestamp_mutiert, user_erstellt, user_mutiert, version, einstellung_key, value, gemeinde_id, gesuchsperiode_id, mandant_id, erklaerung) VALUES (UNHEX('12BEB5F09047488BA89FE640533A2CCA'), '2023-12-08 10:51:24', '2023-12-08 10:52:54', 'ebegu:Stadt Luzern', 'ebegu:Stadt Luzern', 1, 'FINANZIELLE_SITUATION_TYP', 'LUZERN', null, @gesuchsperiode_23_24_id, null, null);
INSERT IGNORE INTO einstellung (id, timestamp_erstellt, timestamp_mutiert, user_erstellt, user_mutiert, version, einstellung_key, value, gemeinde_id, gesuchsperiode_id, mandant_id, erklaerung) VALUES (UNHEX('12D2BF01B2A7434987B1AA79DEF280F8'), '2023-12-08 10:51:23', '2023-12-08 10:52:54', 'ebegu:Stadt Luzern', 'ebegu:Stadt Luzern', 1, 'OEFFNUNGSSTUNDEN_TFO', '11', null, @gesuchsperiode_23_24_id, null, null);
INSERT IGNORE INTO einstellung (id, timestamp_erstellt, timestamp_mutiert, user_erstellt, user_mutiert, version, einstellung_key, value, gemeinde_id, gesuchsperiode_id, mandant_id, erklaerung) VALUES (UNHEX('14FB6E5D4C7245F09250774C8F27BEC6'), '2023-12-08 10:51:24', '2023-12-08 10:51:24', 'ebegu:Stadt Luzern', 'ebegu:Stadt Luzern', 0, 'GEMEINDE_TAGESSCHULE_TAGIS_ENABLED', 'false', null, @gesuchsperiode_23_24_id, @mandant_id_luzern, null);
INSERT IGNORE INTO einstellung (id, timestamp_erstellt, timestamp_mutiert, user_erstellt, user_mutiert, version, einstellung_key, value, gemeinde_id, gesuchsperiode_id, mandant_id, erklaerung) VALUES (UNHEX('1810680C1FCD4E05BCDFDEFD1D2E331F'), '2023-12-08 10:51:24', '2023-12-08 10:51:24', 'ebegu:Stadt Luzern', 'ebegu:Stadt Luzern', 0, 'GEMEINDE_PAUSCHALBETRAG_HOHE_EINKOMMENSKLASSEN_BETRAG_KITA', '0', null, @gesuchsperiode_23_24_id, null, null);
INSERT IGNORE INTO einstellung (id, timestamp_erstellt, timestamp_mutiert, user_erstellt, user_mutiert, version, einstellung_key, value, gemeinde_id, gesuchsperiode_id, mandant_id, erklaerung) VALUES (UNHEX('1CA834F06AC74F799E6EB008702224B2'), '2023-12-08 10:51:24', '2023-12-08 10:51:24', 'ebegu:Stadt Luzern', 'ebegu:Stadt Luzern', 0, 'GEMEINDE_MAHLZEITENVERGUENSTIGUNG_MINIMALER_ELTERNBEITRAG_MAHLZEIT', '0.00', null, @gesuchsperiode_23_24_id, @mandant_id_luzern, null);
INSERT IGNORE INTO einstellung (id, timestamp_erstellt, timestamp_mutiert, user_erstellt, user_mutiert, version, einstellung_key, value, gemeinde_id, gesuchsperiode_id, mandant_id, erklaerung) VALUES (UNHEX('1D80BCD3934A4E7BBA880AF9FF64BC4C'), '2023-12-08 10:51:24', '2023-12-08 10:51:24', 'ebegu:Stadt Luzern', 'ebegu:Stadt Luzern', 0, 'GEMEINDE_ZUSAETZLICHER_BABYBEITRAG_ENABLED', 'false', null, @gesuchsperiode_23_24_id, @mandant_id_luzern, null);
INSERT IGNORE INTO einstellung (id, timestamp_erstellt, timestamp_mutiert, user_erstellt, user_mutiert, version, einstellung_key, value, gemeinde_id, gesuchsperiode_id, mandant_id, erklaerung) VALUES (UNHEX('1F115E15EE5B48858294CC59932B6250'), '2023-12-08 10:51:24', '2023-12-08 10:51:24', 'ebegu:Stadt Luzern', 'ebegu:Stadt Luzern', 0, 'GEMEINDE_TAGESSCHULE_ZUSAETZLICHE_ANGABEN_ZUR_ANMELDUNG', 'false', null, @gesuchsperiode_23_24_id, @mandant_id_luzern, null);
INSERT IGNORE INTO einstellung (id, timestamp_erstellt, timestamp_mutiert, user_erstellt, user_mutiert, version, einstellung_key, value, gemeinde_id, gesuchsperiode_id, mandant_id, erklaerung) VALUES (UNHEX('1F148DBE9A54467E8349250E1ED3756A'), '2023-12-08 10:51:24', '2023-12-08 10:51:24', 'ebegu:Stadt Luzern', 'ebegu:Stadt Luzern', 0, 'GEMEINDE_PAUSCHALBETRAG_HOHE_EINKOMMENSKLASSEN_MAX_MASSGEBENDEN_EINKOMMEN_FUER_BERECHNUNG', '0', null, @gesuchsperiode_23_24_id, null, null);
INSERT IGNORE INTO einstellung (id, timestamp_erstellt, timestamp_mutiert, user_erstellt, user_mutiert, version, einstellung_key, value, gemeinde_id, gesuchsperiode_id, mandant_id, erklaerung) VALUES (UNHEX('1F23EC7F990B4A4BBAB643A60BABB965'), '2023-12-08 10:51:24', '2023-12-08 10:52:54', 'ebegu:Stadt Luzern', 'ebegu:Stadt Luzern', 1, 'PENSUM_ANZEIGE_TYP', 'NUR_PROZENT', null, @gesuchsperiode_23_24_id, null, null);
INSERT IGNORE INTO einstellung (id, timestamp_erstellt, timestamp_mutiert, user_erstellt, user_mutiert, version, einstellung_key, value, gemeinde_id, gesuchsperiode_id, mandant_id, erklaerung) VALUES (UNHEX('21811A097CB248A78FAB312C409B01F4'), '2023-12-08 10:51:23', '2023-12-08 10:52:54', 'ebegu:Stadt Luzern', 'ebegu:Stadt Luzern', 1, 'FKJV_PAUSCHALE_BEI_ANSPRUCH', 'false', null, @gesuchsperiode_23_24_id, null, null);
INSERT IGNORE INTO einstellung (id, timestamp_erstellt, timestamp_mutiert, user_erstellt, user_mutiert, version, einstellung_key, value, gemeinde_id, gesuchsperiode_id, mandant_id, erklaerung) VALUES (UNHEX('25206052C8A24A9EBAD965441B3E9E99'), '2023-12-08 10:51:23', '2023-12-08 10:52:54', 'ebegu:Stadt Luzern', 'ebegu:Stadt Luzern', 1, 'PARAM_PENSUM_TAGESSCHULE_MIN', '0', null, @gesuchsperiode_23_24_id, null, null);
INSERT IGNORE INTO einstellung (id, timestamp_erstellt, timestamp_mutiert, user_erstellt, user_mutiert, version, einstellung_key, value, gemeinde_id, gesuchsperiode_id, mandant_id, erklaerung) VALUES (UNHEX('26E16D368A7443AEBA5601A8248EF639'), '2023-12-08 10:51:24', '2023-12-08 10:52:54', 'ebegu:Stadt Luzern', 'ebegu:Stadt Luzern', 1, 'ANSPRUCH_AB_X_MONATEN', '0', null, @gesuchsperiode_23_24_id, null, null);
INSERT IGNORE INTO einstellung (id, timestamp_erstellt, timestamp_mutiert, user_erstellt, user_mutiert, version, einstellung_key, value, gemeinde_id, gesuchsperiode_id, mandant_id, erklaerung) VALUES (UNHEX('26FBFDD9185242AF94B2C28DCF3ED5CA'), '2023-12-08 10:51:23', '2023-12-08 10:52:54', 'ebegu:Stadt Luzern', 'ebegu:Stadt Luzern', 1, 'PARAM_GRENZWERT_EINKOMMENSVERSCHLECHTERUNG', '25', null, @gesuchsperiode_23_24_id, null, null);
INSERT IGNORE INTO einstellung (id, timestamp_erstellt, timestamp_mutiert, user_erstellt, user_mutiert, version, einstellung_key, value, gemeinde_id, gesuchsperiode_id, mandant_id, erklaerung) VALUES (UNHEX('29E8F6C26931477787D46C765EF4E355'), '2023-12-08 10:51:23', '2023-12-08 10:52:54', 'ebegu:Stadt Luzern', 'ebegu:Stadt Luzern', 1, 'ZUSCHLAG_BEHINDERUNG_PRO_STD', '4.25', null, @gesuchsperiode_23_24_id, null, null);
INSERT IGNORE INTO einstellung (id, timestamp_erstellt, timestamp_mutiert, user_erstellt, user_mutiert, version, einstellung_key, value, gemeinde_id, gesuchsperiode_id, mandant_id, erklaerung) VALUES (UNHEX('2E15B1A61F364224BB522E85BF9F0E27'), '2023-12-08 10:51:24', '2023-12-08 10:52:54', 'ebegu:Stadt Luzern', 'ebegu:Stadt Luzern', 1, 'ANSPRUCH_MONATSWEISE', 'false', null, @gesuchsperiode_23_24_id, null, null);
INSERT IGNORE INTO einstellung (id, timestamp_erstellt, timestamp_mutiert, user_erstellt, user_mutiert, version, einstellung_key, value, gemeinde_id, gesuchsperiode_id, mandant_id, erklaerung) VALUES (UNHEX('3D467D5F2DBE4821972B62F9F9B1CA0F'), '2023-12-08 10:51:24', '2023-12-08 10:51:24', 'ebegu:Stadt Luzern', 'ebegu:Stadt Luzern', 0, 'GEMEINDE_MAHLZEITENVERGUENSTIGUNG_EINKOMMENSSTUFE_2_VERGUENSTIGUNG_MAHLZEIT', '3.00', null, @gesuchsperiode_23_24_id, @mandant_id_luzern, null);
INSERT IGNORE INTO einstellung (id, timestamp_erstellt, timestamp_mutiert, user_erstellt, user_mutiert, version, einstellung_key, value, gemeinde_id, gesuchsperiode_id, mandant_id, erklaerung) VALUES (UNHEX('413366F38EFD467E817F0090621641FC'), '2023-12-08 10:51:24', '2023-12-08 10:52:54', 'ebegu:Stadt Luzern', 'ebegu:Stadt Luzern', 1, 'VERFUEGUNG_EXPORT_ENABLED', 'false', null, @gesuchsperiode_23_24_id, null, null);
INSERT IGNORE INTO einstellung (id, timestamp_erstellt, timestamp_mutiert, user_erstellt, user_mutiert, version, einstellung_key, value, gemeinde_id, gesuchsperiode_id, mandant_id, erklaerung) VALUES (UNHEX('4187F89399774CFC8AF85893EC2D1E9A'), '2023-12-08 10:51:23', '2023-12-08 10:52:54', 'ebegu:Stadt Luzern', 'ebegu:Stadt Luzern', 1, 'MAX_MASSGEBENDES_EINKOMMEN', '125000', null, @gesuchsperiode_23_24_id, null, null);
INSERT IGNORE INTO einstellung (id, timestamp_erstellt, timestamp_mutiert, user_erstellt, user_mutiert, version, einstellung_key, value, gemeinde_id, gesuchsperiode_id, mandant_id, erklaerung) VALUES (UNHEX('44194138ED8B44DBBC21045E3A84DF0A'), '2023-12-08 10:51:23', '2023-12-08 10:52:54', 'ebegu:Stadt Luzern', 'ebegu:Stadt Luzern', 1, 'PARAM_PAUSCHALABZUG_PRO_PERSON_FAMILIENGROESSE_6', '0', null, @gesuchsperiode_23_24_id, null, null);
INSERT IGNORE INTO einstellung (id, timestamp_erstellt, timestamp_mutiert, user_erstellt, user_mutiert, version, einstellung_key, value, gemeinde_id, gesuchsperiode_id, mandant_id, erklaerung) VALUES (UNHEX('49FAB82687534686B677D1CEB6AC984A'), '2023-12-08 10:51:24', '2023-12-08 10:51:24', 'ebegu:Stadt Luzern', 'ebegu:Stadt Luzern', 0, 'GEMEINDE_ZUSAETZLICHER_GUTSCHEIN_BIS_UND_MIT_SCHULSTUFE_KITA', 'VORSCHULALTER', null, @gesuchsperiode_23_24_id, @mandant_id_luzern, null);
INSERT IGNORE INTO einstellung (id, timestamp_erstellt, timestamp_mutiert, user_erstellt, user_mutiert, version, einstellung_key, value, gemeinde_id, gesuchsperiode_id, mandant_id, erklaerung) VALUES (UNHEX('4AA6B58E0B354FC694DF940EAA106404'), '2023-12-08 10:51:23', '2023-12-08 10:52:54', 'ebegu:Stadt Luzern', 'ebegu:Stadt Luzern', 1, 'FACHSTELLE_MAX_PENSUM_SPRACHLICHE_INTEGRATION', '100', null, @gesuchsperiode_23_24_id, null, null);
INSERT IGNORE INTO einstellung (id, timestamp_erstellt, timestamp_mutiert, user_erstellt, user_mutiert, version, einstellung_key, value, gemeinde_id, gesuchsperiode_id, mandant_id, erklaerung) VALUES (UNHEX('4E676A4765454BE18E9610D35D12A520'), '2023-12-08 10:51:23', '2023-12-08 10:52:54', 'ebegu:Stadt Luzern', 'ebegu:Stadt Luzern', 1, 'MAX_VERGUENSTIGUNG_VORSCHULE_KIND_PRO_TG', '130', null, @gesuchsperiode_23_24_id, null, null);
INSERT IGNORE INTO einstellung (id, timestamp_erstellt, timestamp_mutiert, user_erstellt, user_mutiert, version, einstellung_key, value, gemeinde_id, gesuchsperiode_id, mandant_id, erklaerung) VALUES (UNHEX('4ECFF0A03780423DAA6A6F4853E844C3'), '2023-12-08 10:51:23', '2023-12-08 10:52:54', 'ebegu:Stadt Luzern', 'ebegu:Stadt Luzern', 1, 'FKJV_MAX_PENSUM_AUSSERORDENTLICHER_ANSPRUCH', '100', null, @gesuchsperiode_23_24_id, null, null);
INSERT IGNORE INTO einstellung (id, timestamp_erstellt, timestamp_mutiert, user_erstellt, user_mutiert, version, einstellung_key, value, gemeinde_id, gesuchsperiode_id, mandant_id, erklaerung) VALUES (UNHEX('4ED15F5A7526490E9A35133AFBE0F311'), '2023-12-08 10:51:23', '2023-12-08 10:52:54', 'ebegu:Stadt Luzern', 'ebegu:Stadt Luzern', 1, 'GEMEINDE_TAGESSCHULE_ANMELDUNGEN_DATUM_AB', '01.08.2023', null, @gesuchsperiode_23_24_id, null, null);
INSERT IGNORE INTO einstellung (id, timestamp_erstellt, timestamp_mutiert, user_erstellt, user_mutiert, version, einstellung_key, value, gemeinde_id, gesuchsperiode_id, mandant_id, erklaerung) VALUES (UNHEX('519314EDE8124EF08637A246A6C07EBC'), '2023-12-08 10:51:24', '2023-12-08 10:51:24', 'ebegu:Stadt Luzern', 'ebegu:Stadt Luzern', 0, 'GEMEINDE_ZUSAETZLICHER_GUTSCHEIN_BETRAG_KITA', '0.00', null, @gesuchsperiode_23_24_id, @mandant_id_luzern, null);
INSERT IGNORE INTO einstellung (id, timestamp_erstellt, timestamp_mutiert, user_erstellt, user_mutiert, version, einstellung_key, value, gemeinde_id, gesuchsperiode_id, mandant_id, erklaerung) VALUES (UNHEX('560F72DD34494631993C1B9A1FA597AA'), '2023-12-08 10:51:23', '2023-12-08 10:52:54', 'ebegu:Stadt Luzern', 'ebegu:Stadt Luzern', 1, 'MAX_VERGUENSTIGUNG_VORSCHULE_KIND_PRO_STD', '12.4', null, @gesuchsperiode_23_24_id, null, null);
INSERT IGNORE INTO einstellung (id, timestamp_erstellt, timestamp_mutiert, user_erstellt, user_mutiert, version, einstellung_key, value, gemeinde_id, gesuchsperiode_id, mandant_id, erklaerung) VALUES (UNHEX('5737C430B7F84F90A533E3E199C492ED'), '2023-12-08 10:51:24', '2023-12-08 10:51:24', 'ebegu:Stadt Luzern', 'ebegu:Stadt Luzern', 0, 'GEMEINDE_MIN_ERWERBSPENSUM_EINGESCHULT', '40', null, @gesuchsperiode_23_24_id, @mandant_id_luzern, null);
INSERT IGNORE INTO einstellung (id, timestamp_erstellt, timestamp_mutiert, user_erstellt, user_mutiert, version, einstellung_key, value, gemeinde_id, gesuchsperiode_id, mandant_id, erklaerung) VALUES (UNHEX('57C00EF04D2B4535800EF9CC1865D503'), '2023-12-08 10:51:23', '2023-12-08 10:52:54', 'ebegu:Stadt Luzern', 'ebegu:Stadt Luzern', 1, 'GEMEINDE_BG_BIS_UND_MIT_SCHULSTUFE', 'FREIWILLIGER_KINDERGARTEN', null, @gesuchsperiode_23_24_id, null, null);
INSERT IGNORE INTO einstellung (id, timestamp_erstellt, timestamp_mutiert, user_erstellt, user_mutiert, version, einstellung_key, value, gemeinde_id, gesuchsperiode_id, mandant_id, erklaerung) VALUES (UNHEX('5CF52DE8F1584AEA81FA203FC739D498'), '2023-12-08 10:51:23', '2023-12-08 10:52:54', 'ebegu:Stadt Luzern', 'ebegu:Stadt Luzern', 1, 'MIN_VERGUENSTIGUNG_PRO_TG', '15', null, @gesuchsperiode_23_24_id, null, null);
INSERT IGNORE INTO einstellung (id, timestamp_erstellt, timestamp_mutiert, user_erstellt, user_mutiert, version, einstellung_key, value, gemeinde_id, gesuchsperiode_id, mandant_id, erklaerung) VALUES (UNHEX('5F04EB09A8F847A5B2A617840902231E'), '2023-12-08 10:51:23', '2023-12-08 10:52:54', 'ebegu:Stadt Luzern', 'ebegu:Stadt Luzern', 1, 'MAX_VERGUENSTIGUNG_VORSCHULE_BABY_PRO_TG', '160', null, @gesuchsperiode_23_24_id, null, null);
INSERT IGNORE INTO einstellung (id, timestamp_erstellt, timestamp_mutiert, user_erstellt, user_mutiert, version, einstellung_key, value, gemeinde_id, gesuchsperiode_id, mandant_id, erklaerung) VALUES (UNHEX('624FB4D3536B4E329BBB64BAE6CED5B2'), '2023-12-08 10:51:24', '2023-12-08 10:52:54', 'ebegu:Stadt Luzern', 'ebegu:Stadt Luzern', 1, 'MAX_VERGUENSTIGUNG_PRIMAR_PRO_STD', '8.50', null, @gesuchsperiode_23_24_id, null, null);
INSERT IGNORE INTO einstellung (id, timestamp_erstellt, timestamp_mutiert, user_erstellt, user_mutiert, version, einstellung_key, value, gemeinde_id, gesuchsperiode_id, mandant_id, erklaerung) VALUES (UNHEX('657CEE131EC6414C862530982EEDFF40'), '2023-12-08 10:51:23', '2023-12-08 10:52:54', 'ebegu:Stadt Luzern', 'ebegu:Stadt Luzern', 1, 'ERWERBSPENSUM_ZUSCHLAG', '10', null, @gesuchsperiode_23_24_id, null, null);
INSERT IGNORE INTO einstellung (id, timestamp_erstellt, timestamp_mutiert, user_erstellt, user_mutiert, version, einstellung_key, value, gemeinde_id, gesuchsperiode_id, mandant_id, erklaerung) VALUES (UNHEX('6675BC2131C34A3BB6BDC3489320B796'), '2023-12-08 10:51:24', '2023-12-08 10:51:24', 'ebegu:Stadt Luzern', 'ebegu:Stadt Luzern', 0, 'GEMEINDE_PAUSCHALBETRAG_HOHE_EINKOMMENSKLASSEN_BETRAG_TFO', '0', null, @gesuchsperiode_23_24_id, null, null);
INSERT IGNORE INTO einstellung (id, timestamp_erstellt, timestamp_mutiert, user_erstellt, user_mutiert, version, einstellung_key, value, gemeinde_id, gesuchsperiode_id, mandant_id, erklaerung) VALUES (UNHEX('66E2D0B0956643A19A3CAF8FDA7A1697'), '2023-12-08 10:51:24', '2023-12-08 10:51:24', 'ebegu:Stadt Luzern', 'ebegu:Stadt Luzern', 0, 'GEMEINDE_MAHLZEITENVERGUENSTIGUNG_ENABLED', 'false', null, @gesuchsperiode_23_24_id, @mandant_id_luzern, null);
INSERT IGNORE INTO einstellung (id, timestamp_erstellt, timestamp_mutiert, user_erstellt, user_mutiert, version, einstellung_key, value, gemeinde_id, gesuchsperiode_id, mandant_id, erklaerung) VALUES (UNHEX('6A5598D35DF6402EAC42C05D2318C496'), '2023-12-08 10:51:24', '2023-12-08 10:51:24', 'ebegu:Stadt Luzern', 'ebegu:Stadt Luzern', 0, 'GEMEINDE_PAUSCHALBETRAG_HOHE_EINKOMMENSKLASSEN_AKTIVIERT', 'false', null, @gesuchsperiode_23_24_id, null, null);
INSERT IGNORE INTO einstellung (id, timestamp_erstellt, timestamp_mutiert, user_erstellt, user_mutiert, version, einstellung_key, value, gemeinde_id, gesuchsperiode_id, mandant_id, erklaerung) VALUES (UNHEX('6E24A3AEE42F4CDBB74B9964A282222D'), '2023-12-08 10:51:24', '2023-12-08 10:51:24', 'ebegu:Stadt Luzern', 'ebegu:Stadt Luzern', 0, 'GEMEINDE_ZUSAETZLICHER_GUTSCHEIN_ENABLED', 'false', null, @gesuchsperiode_23_24_id, @mandant_id_luzern, null);
INSERT IGNORE INTO einstellung (id, timestamp_erstellt, timestamp_mutiert, user_erstellt, user_mutiert, version, einstellung_key, value, gemeinde_id, gesuchsperiode_id, mandant_id, erklaerung) VALUES (UNHEX('6ED6940C75904ABA90B40A2C90F80928'), '2023-12-08 10:51:23', '2023-12-08 10:52:54', 'ebegu:Stadt Luzern', 'ebegu:Stadt Luzern', 1, 'PARAM_PENSUM_TAGESELTERN_MIN', '0', null, @gesuchsperiode_23_24_id, null, null);
INSERT IGNORE INTO einstellung (id, timestamp_erstellt, timestamp_mutiert, user_erstellt, user_mutiert, version, einstellung_key, value, gemeinde_id, gesuchsperiode_id, mandant_id, erklaerung) VALUES (UNHEX('71AF51E0C5404D779033FEAD69B76B50'), '2023-12-08 10:51:23', '2023-12-08 10:52:54', 'ebegu:Stadt Luzern', 'ebegu:Stadt Luzern', 1, 'GESCHWISTERNBONUS_AKTIVIERT', 'true', null, @gesuchsperiode_23_24_id, null, null);
INSERT IGNORE INTO einstellung (id, timestamp_erstellt, timestamp_mutiert, user_erstellt, user_mutiert, version, einstellung_key, value, gemeinde_id, gesuchsperiode_id, mandant_id, erklaerung) VALUES (UNHEX('72C6CF5E864C4D6A95DF8CA299E64BE3'), '2023-12-08 10:51:24', '2023-12-08 10:51:24', 'ebegu:Stadt Luzern', 'ebegu:Stadt Luzern', 0, 'GEMEINDE_ZUSAETZLICHER_ANSPRUCH_FREIWILLIGENARBEIT_ENABLED', 'false', null, @gesuchsperiode_23_24_id, @mandant_id_luzern, null);
INSERT IGNORE INTO einstellung (id, timestamp_erstellt, timestamp_mutiert, user_erstellt, user_mutiert, version, einstellung_key, value, gemeinde_id, gesuchsperiode_id, mandant_id, erklaerung) VALUES (UNHEX('73139FDB24D84C7F8F5D2B68F8BE225E'), '2023-12-08 10:51:23', '2023-12-08 10:52:54', 'ebegu:Stadt Luzern', 'ebegu:Stadt Luzern', 1, 'GEMEINDE_FERIENINSEL_ANMELDUNGEN_DATUM_AB', '01.08.2023', null, @gesuchsperiode_23_24_id, null, null);
INSERT IGNORE INTO einstellung (id, timestamp_erstellt, timestamp_mutiert, user_erstellt, user_mutiert, version, einstellung_key, value, gemeinde_id, gesuchsperiode_id, mandant_id, erklaerung) VALUES (UNHEX('738863DC4A8948FC9308C940F6E4E347'), '2023-12-08 10:51:24', '2023-12-08 10:52:54', 'ebegu:Stadt Luzern', 'ebegu:Stadt Luzern', 1, 'FERIENBETREUUNG_CHF_PAUSCHALBETRAG', '30', null, @gesuchsperiode_23_24_id, null, null);
INSERT IGNORE INTO einstellung (id, timestamp_erstellt, timestamp_mutiert, user_erstellt, user_mutiert, version, einstellung_key, value, gemeinde_id, gesuchsperiode_id, mandant_id, erklaerung) VALUES (UNHEX('7A2E9BCE105C464890CE9ECF10859F48'), '2023-12-08 10:51:24', '2023-12-08 10:52:54', 'ebegu:Stadt Luzern', 'ebegu:Stadt Luzern', 1, 'FACHSTELLEN_TYP', 'LUZERN', null, @gesuchsperiode_23_24_id, null, null);
INSERT IGNORE INTO einstellung (id, timestamp_erstellt, timestamp_mutiert, user_erstellt, user_mutiert, version, einstellung_key, value, gemeinde_id, gesuchsperiode_id, mandant_id, erklaerung) VALUES (UNHEX('7AA56790F9614952B944ECAFE9407F3D'), '2023-12-08 10:51:24', '2023-12-08 10:52:54', 'ebegu:Stadt Luzern', 'ebegu:Stadt Luzern', 1, 'KITAPLUS_ZUSCHLAG_AKTIVIERT', 'false', null, @gesuchsperiode_23_24_id, null, null);
INSERT IGNORE INTO einstellung (id, timestamp_erstellt, timestamp_mutiert, user_erstellt, user_mutiert, version, einstellung_key, value, gemeinde_id, gesuchsperiode_id, mandant_id, erklaerung) VALUES (UNHEX('7D8B950FC00B4466A20FAB27A8A85AEF'), '2023-12-08 10:51:23', '2023-12-08 10:52:54', 'ebegu:Stadt Luzern', 'ebegu:Stadt Luzern', 1, 'KESB_PLATZIERUNG_DEAKTIVIEREN', 'true', null, @gesuchsperiode_23_24_id, null, null);
INSERT IGNORE INTO einstellung (id, timestamp_erstellt, timestamp_mutiert, user_erstellt, user_mutiert, version, einstellung_key, value, gemeinde_id, gesuchsperiode_id, mandant_id, erklaerung) VALUES (UNHEX('863F9DD470F5485494677A96E81E34C0'), '2023-12-08 10:51:23', '2023-12-08 10:52:54', 'ebegu:Stadt Luzern', 'ebegu:Stadt Luzern', 1, 'MIN_ERWERBSPENSUM_NICHT_EINGESCHULT', '20', null, @gesuchsperiode_23_24_id, null, null);
INSERT IGNORE INTO einstellung (id, timestamp_erstellt, timestamp_mutiert, user_erstellt, user_mutiert, version, einstellung_key, value, gemeinde_id, gesuchsperiode_id, mandant_id, erklaerung) VALUES (UNHEX('865B1DECB9A944AA8526F6918ACDCC59'), '2023-12-08 10:51:23', '2023-12-08 10:52:54', 'ebegu:Stadt Luzern', 'ebegu:Stadt Luzern', 1, 'MAX_VERGUENSTIGUNG_KINDERGARTEN_PRO_STD', '12.4', null, @gesuchsperiode_23_24_id, null, null);
INSERT IGNORE INTO einstellung (id, timestamp_erstellt, timestamp_mutiert, user_erstellt, user_mutiert, version, einstellung_key, value, gemeinde_id, gesuchsperiode_id, mandant_id, erklaerung) VALUES (UNHEX('8B4BA3FAE65549619C3271D7834C8F01'), '2023-12-08 10:51:24', '2023-12-08 10:51:24', 'ebegu:Stadt Luzern', 'ebegu:Stadt Luzern', 0, 'GEMEINDE_MAHLZEITENVERGUENSTIGUNG_EINKOMMENSSTUFE_2_MAX_EINKOMMEN', '70000', null, @gesuchsperiode_23_24_id, @mandant_id_luzern, null);
INSERT IGNORE INTO einstellung (id, timestamp_erstellt, timestamp_mutiert, user_erstellt, user_mutiert, version, einstellung_key, value, gemeinde_id, gesuchsperiode_id, mandant_id, erklaerung) VALUES (UNHEX('925185661D1B48E3A0C58548DBCB6BA1'), '2023-12-08 10:51:24', '2023-12-08 10:51:24', 'ebegu:Stadt Luzern', 'ebegu:Stadt Luzern', 0, 'GEMEINDE_MAHLZEITENVERGUENSTIGUNG_EINKOMMENSSTUFE_3_VERGUENSTIGUNG_MAHLZEIT', '0', null, @gesuchsperiode_23_24_id, @mandant_id_luzern, null);
INSERT IGNORE INTO einstellung (id, timestamp_erstellt, timestamp_mutiert, user_erstellt, user_mutiert, version, einstellung_key, value, gemeinde_id, gesuchsperiode_id, mandant_id, erklaerung) VALUES (UNHEX('96FF032BA4704CEFB33A4822C6CF6E9E'), '2023-12-08 10:51:23', '2023-12-08 10:52:54', 'ebegu:Stadt Luzern', 'ebegu:Stadt Luzern', 1, 'FKJV_TEXTE', 'false', null, @gesuchsperiode_23_24_id, null, null);
INSERT IGNORE INTO einstellung (id, timestamp_erstellt, timestamp_mutiert, user_erstellt, user_mutiert, version, einstellung_key, value, gemeinde_id, gesuchsperiode_id, mandant_id, erklaerung) VALUES (UNHEX('979301DA954043B1ABEE5CD1A42BFA6D'), '2023-12-08 10:51:23', '2023-12-08 10:52:54', 'ebegu:Stadt Luzern', 'ebegu:Stadt Luzern', 1, 'ZUSCHLAG_BEHINDERUNG_PRO_TG', '50', null, @gesuchsperiode_23_24_id, null, null);
INSERT IGNORE INTO einstellung (id, timestamp_erstellt, timestamp_mutiert, user_erstellt, user_mutiert, version, einstellung_key, value, gemeinde_id, gesuchsperiode_id, mandant_id, erklaerung) VALUES (UNHEX('98469B9A59404BD2AEF8CDE9355FD287'), '2023-12-08 10:51:23', '2023-12-08 10:52:54', 'ebegu:Stadt Luzern', 'ebegu:Stadt Luzern', 1, 'PARAM_PAUSCHALABZUG_PRO_PERSON_FAMILIENGROESSE_4', '0', null, @gesuchsperiode_23_24_id, null, null);
INSERT IGNORE INTO einstellung (id, timestamp_erstellt, timestamp_mutiert, user_erstellt, user_mutiert, version, einstellung_key, value, gemeinde_id, gesuchsperiode_id, mandant_id, erklaerung) VALUES (UNHEX('98ECC392CD8241A59ED5BD296E396250'), '2023-12-08 10:51:24', '2023-12-08 10:51:24', 'ebegu:Stadt Luzern', 'ebegu:Stadt Luzern', 0, 'GEMEINDE_SCHNITTSTELLE_KITAX_ENABLED', 'false', null, @gesuchsperiode_23_24_id, @mandant_id_luzern, null);
INSERT IGNORE INTO einstellung (id, timestamp_erstellt, timestamp_mutiert, user_erstellt, user_mutiert, version, einstellung_key, value, gemeinde_id, gesuchsperiode_id, mandant_id, erklaerung) VALUES (UNHEX('9D0F89A2DFD24D07A3D9030D095E66A2'), '2023-12-08 10:51:23', '2023-12-08 10:52:54', 'ebegu:Stadt Luzern', 'ebegu:Stadt Luzern', 1, 'PARAM_PAUSCHALABZUG_PRO_PERSON_FAMILIENGROESSE_3', '0', null, @gesuchsperiode_23_24_id, null, null);
INSERT IGNORE INTO einstellung (id, timestamp_erstellt, timestamp_mutiert, user_erstellt, user_mutiert, version, einstellung_key, value, gemeinde_id, gesuchsperiode_id, mandant_id, erklaerung) VALUES (UNHEX('9E86DDE64D224B048F10BD9E1F9B7265'), '2023-12-08 10:51:23', '2023-12-08 10:52:54', 'ebegu:Stadt Luzern', 'ebegu:Stadt Luzern', 1, 'LATS_LOHNNORMKOSTEN', '10.39', null, @gesuchsperiode_23_24_id, null, null);
INSERT IGNORE INTO einstellung (id, timestamp_erstellt, timestamp_mutiert, user_erstellt, user_mutiert, version, einstellung_key, value, gemeinde_id, gesuchsperiode_id, mandant_id, erklaerung) VALUES (UNHEX('A1B8A138B4FF40C2BE7E3C3912233A9C'), '2023-12-08 10:51:24', '2023-12-08 10:52:54', 'ebegu:Stadt Luzern', 'ebegu:Stadt Luzern', 1, 'KITA_STUNDEN_PRO_TAG', '10', null, @gesuchsperiode_23_24_id, null, null);
INSERT IGNORE INTO einstellung (id, timestamp_erstellt, timestamp_mutiert, user_erstellt, user_mutiert, version, einstellung_key, value, gemeinde_id, gesuchsperiode_id, mandant_id, erklaerung) VALUES (UNHEX('A529193A169846E8ACDA90BB35516A5F'), '2023-12-08 10:51:24', '2023-12-08 10:52:54', 'ebegu:Stadt Luzern', 'ebegu:Stadt Luzern', 1, 'ABHAENGIGKEIT_ANSPRUCH_BESCHAEFTIGUNGPENSUM', 'ABHAENGING', null, @gesuchsperiode_23_24_id, null, null);
INSERT IGNORE INTO einstellung (id, timestamp_erstellt, timestamp_mutiert, user_erstellt, user_mutiert, version, einstellung_key, value, gemeinde_id, gesuchsperiode_id, mandant_id, erklaerung) VALUES (UNHEX('A62C3061968E4E09B1DA73B05D7D8DC2'), '2023-12-08 10:51:23', '2023-12-08 10:52:54', 'ebegu:Stadt Luzern', 'ebegu:Stadt Luzern', 1, 'PARAM_PENSUM_KITA_MIN', '0', null, @gesuchsperiode_23_24_id, null, null);
INSERT IGNORE INTO einstellung (id, timestamp_erstellt, timestamp_mutiert, user_erstellt, user_mutiert, version, einstellung_key, value, gemeinde_id, gesuchsperiode_id, mandant_id, erklaerung) VALUES (UNHEX('A6A14E97308541928071627AD137C98F'), '2023-12-08 10:51:23', '2023-12-08 10:52:54', 'ebegu:Stadt Luzern', 'ebegu:Stadt Luzern', 1, 'FREIGABE_QUITTUNG_EINLESEN_REQUIRED', 'true', null, @gesuchsperiode_23_24_id, null, null);
INSERT IGNORE INTO einstellung (id, timestamp_erstellt, timestamp_mutiert, user_erstellt, user_mutiert, version, einstellung_key, value, gemeinde_id, gesuchsperiode_id, mandant_id, erklaerung) VALUES (UNHEX('A950F96807E74946BC42CC64089052F1'), '2023-12-08 10:51:23', '2023-12-08 10:52:54', 'ebegu:Stadt Luzern', 'ebegu:Stadt Luzern', 1, 'EINGEWOEHNUNG_TYP', 'LUZERN', null, @gesuchsperiode_23_24_id, null, null);
INSERT IGNORE INTO einstellung (id, timestamp_erstellt, timestamp_mutiert, user_erstellt, user_mutiert, version, einstellung_key, value, gemeinde_id, gesuchsperiode_id, mandant_id, erklaerung) VALUES (UNHEX('AD9297F162DB44F4860440E847ABB830'), '2023-12-08 10:51:23', '2023-12-08 10:52:54', 'ebegu:Stadt Luzern', 'ebegu:Stadt Luzern', 1, 'LATS_LOHNNORMKOSTEN_LESS_THAN_50', '5.2', null, @gesuchsperiode_23_24_id, null, null);
INSERT IGNORE INTO einstellung (id, timestamp_erstellt, timestamp_mutiert, user_erstellt, user_mutiert, version, einstellung_key, value, gemeinde_id, gesuchsperiode_id, mandant_id, erklaerung) VALUES (UNHEX('B160755007C448BA923316793959D936'), '2023-12-08 10:51:24', '2023-12-08 10:52:54', 'ebegu:Stadt Luzern', 'ebegu:Stadt Luzern', 1, 'SCHNITTSTELLE_STEUERN_AKTIV', 'false', null, @gesuchsperiode_23_24_id, null, null);
INSERT IGNORE INTO einstellung (id, timestamp_erstellt, timestamp_mutiert, user_erstellt, user_mutiert, version, einstellung_key, value, gemeinde_id, gesuchsperiode_id, mandant_id, erklaerung) VALUES (UNHEX('B22D04FCF63A480C88CCBEA48F1F4A3E'), '2023-12-08 10:51:23', '2023-12-08 10:52:54', 'ebegu:Stadt Luzern', 'ebegu:Stadt Luzern', 1, 'FKJV_MAX_DIFFERENZ_BESCHAEFTIGUNGSPENSUM', '100', null, @gesuchsperiode_23_24_id, null, null);
INSERT IGNORE INTO einstellung (id, timestamp_erstellt, timestamp_mutiert, user_erstellt, user_mutiert, version, einstellung_key, value, gemeinde_id, gesuchsperiode_id, mandant_id, erklaerung) VALUES (UNHEX('B34E53F7854E4514B5CBC9D16730C70E'), '2023-12-08 10:51:23', '2023-12-08 10:52:54', 'ebegu:Stadt Luzern', 'ebegu:Stadt Luzern', 1, 'AUSSERORDENTLICHER_ANSPRUCH_RULE', 'ASIV', null, @gesuchsperiode_23_24_id, null, null);
INSERT IGNORE INTO einstellung (id, timestamp_erstellt, timestamp_mutiert, user_erstellt, user_mutiert, version, einstellung_key, value, gemeinde_id, gesuchsperiode_id, mandant_id, erklaerung) VALUES (UNHEX('B357CBAAF8FF4F65B6CEF6B9137C1FEA'), '2023-12-08 10:51:23', '2023-12-08 10:52:54', 'ebegu:Stadt Luzern', 'ebegu:Stadt Luzern', 1, 'GEMEINDE_KONTINGENTIERUNG_ENABLED', 'false', null, @gesuchsperiode_23_24_id, null, null);
INSERT IGNORE INTO einstellung (id, timestamp_erstellt, timestamp_mutiert, user_erstellt, user_mutiert, version, einstellung_key, value, gemeinde_id, gesuchsperiode_id, mandant_id, erklaerung) VALUES (UNHEX('B9D6CAF27A954610B4ADEE239898B5F4'), '2023-12-08 10:51:24', '2023-12-08 10:51:24', 'ebegu:Stadt Luzern', 'ebegu:Stadt Luzern', 0, 'GEMEINDE_MIN_ERWERBSPENSUM_NICHT_EINGESCHULT', '20', null, @gesuchsperiode_23_24_id, @mandant_id_luzern, null);
INSERT IGNORE INTO einstellung (id, timestamp_erstellt, timestamp_mutiert, user_erstellt, user_mutiert, version, einstellung_key, value, gemeinde_id, gesuchsperiode_id, mandant_id, erklaerung) VALUES (UNHEX('BA0DB444D61F4ECB8068A43742751B81'), '2023-12-08 10:51:24', '2023-12-08 10:51:24', 'ebegu:Stadt Luzern', 'ebegu:Stadt Luzern', 0, 'GEMEINDE_ZUSAETZLICHER_ANSPRUCH_FREIWILLIGENARBEIT_MAXPROZENT', '0', null, @gesuchsperiode_23_24_id, @mandant_id_luzern, null);
INSERT IGNORE INTO einstellung (id, timestamp_erstellt, timestamp_mutiert, user_erstellt, user_mutiert, version, einstellung_key, value, gemeinde_id, gesuchsperiode_id, mandant_id, erklaerung) VALUES (UNHEX('BA83D3EFECD44382847F3D07B1AD1FB4'), '2023-12-08 10:51:24', '2023-12-08 10:52:54', 'ebegu:Stadt Luzern', 'ebegu:Stadt Luzern', 1, 'GEMEINDE_KEIN_GUTSCHEIN_FUER_SOZIALHILFE_EMPFAENGER', 'false', null, @gesuchsperiode_23_24_id, null, null);
INSERT IGNORE INTO einstellung (id, timestamp_erstellt, timestamp_mutiert, user_erstellt, user_mutiert, version, einstellung_key, value, gemeinde_id, gesuchsperiode_id, mandant_id, erklaerung) VALUES (UNHEX('C0EA72808F3E4CA9AE3F24F0D5A61169'), '2023-12-08 10:51:24', '2023-12-08 10:51:24', 'ebegu:Stadt Luzern', 'ebegu:Stadt Luzern', 0, 'GEMEINDE_MAHLZEITENVERGUENSTIGUNG_EINKOMMENSSTUFE_1_VERGUENSTIGUNG_MAHLZEIT', '6.00', null, @gesuchsperiode_23_24_id, @mandant_id_luzern, null);
INSERT IGNORE INTO einstellung (id, timestamp_erstellt, timestamp_mutiert, user_erstellt, user_mutiert, version, einstellung_key, value, gemeinde_id, gesuchsperiode_id, mandant_id, erklaerung) VALUES (UNHEX('C246B7F3C9244EDB88374FA7353393A5'), '2023-12-08 10:51:23', '2023-12-08 10:52:54', 'ebegu:Stadt Luzern', 'ebegu:Stadt Luzern', 1, 'MIN_TARIF', '0.78', null, @gesuchsperiode_23_24_id, null, null);
INSERT IGNORE INTO einstellung (id, timestamp_erstellt, timestamp_mutiert, user_erstellt, user_mutiert, version, einstellung_key, value, gemeinde_id, gesuchsperiode_id, mandant_id, erklaerung) VALUES (UNHEX('C2CCB06A6FA74D408BFACF4E881811AB'), '2023-12-08 10:51:24', '2023-12-08 10:51:24', 'ebegu:Stadt Luzern', 'ebegu:Stadt Luzern', 0, 'GEMEINDE_ZUSAETZLICHER_BABYBEITRAG_BETRAG_KITA', '0.00', null, @gesuchsperiode_23_24_id, @mandant_id_luzern, null);
INSERT IGNORE INTO einstellung (id, timestamp_erstellt, timestamp_mutiert, user_erstellt, user_mutiert, version, einstellung_key, value, gemeinde_id, gesuchsperiode_id, mandant_id, erklaerung) VALUES (UNHEX('C36AB863FCF443FBB0B960ADB36F40D6'), '2023-12-08 10:51:24', '2023-12-08 10:51:24', 'ebegu:Stadt Luzern', 'ebegu:Stadt Luzern', 0, 'GEMEINDE_ZUSAETZLICHER_BABYBEITRAG_BETRAG_TFO', '0.00', null, @gesuchsperiode_23_24_id, @mandant_id_luzern, null);
INSERT IGNORE INTO einstellung (id, timestamp_erstellt, timestamp_mutiert, user_erstellt, user_mutiert, version, einstellung_key, value, gemeinde_id, gesuchsperiode_id, mandant_id, erklaerung) VALUES (UNHEX('C3B6E74A4EB24C1D917CDB732163D7C5'), '2023-12-08 10:51:24', '2023-12-08 10:51:24', 'ebegu:Stadt Luzern', 'ebegu:Stadt Luzern', 0, 'ZAHLUNGSANGABEN_ANTRAGSTELLER_REQUIRED', 'false', null, @gesuchsperiode_23_24_id, null, null);
INSERT IGNORE INTO einstellung (id, timestamp_erstellt, timestamp_mutiert, user_erstellt, user_mutiert, version, einstellung_key, value, gemeinde_id, gesuchsperiode_id, mandant_id, erklaerung) VALUES (UNHEX('CC61C031A888474EA9C5538FEAE3FE1C'), '2023-12-08 10:51:23', '2023-12-08 10:52:54', 'ebegu:Stadt Luzern', 'ebegu:Stadt Luzern', 1, 'DIPLOMATENSTATUS_DEAKTIVIERT', 'true', null, @gesuchsperiode_23_24_id, null, null);
INSERT IGNORE INTO einstellung (id, timestamp_erstellt, timestamp_mutiert, user_erstellt, user_mutiert, version, einstellung_key, value, gemeinde_id, gesuchsperiode_id, mandant_id, erklaerung) VALUES (UNHEX('CF39423677454E8CB05330A05FAF0419'), '2023-12-08 10:51:24', '2023-12-08 10:52:54', 'ebegu:Stadt Luzern', 'ebegu:Stadt Luzern', 1, 'VERANLAGUNG_MIN_UNTERSCHIED_MASSGEBENDESEINK', '0', null, @gesuchsperiode_23_24_id, null, null);
INSERT IGNORE INTO einstellung (id, timestamp_erstellt, timestamp_mutiert, user_erstellt, user_mutiert, version, einstellung_key, value, gemeinde_id, gesuchsperiode_id, mandant_id, erklaerung) VALUES (UNHEX('D1C2D2237B544062848080E30145321D'), '2023-12-08 10:51:23', '2023-12-08 10:52:54', 'ebegu:Stadt Luzern', 'ebegu:Stadt Luzern', 1, 'FACHSTELLE_MIN_PENSUM_SOZIALE_INTEGRATION', '20', null, @gesuchsperiode_23_24_id, null, null);
INSERT IGNORE INTO einstellung (id, timestamp_erstellt, timestamp_mutiert, user_erstellt, user_mutiert, version, einstellung_key, value, gemeinde_id, gesuchsperiode_id, mandant_id, erklaerung) VALUES (UNHEX('D1DD794987464BA2849C0DB64B1D9615'), '2023-12-08 10:51:24', '2023-12-08 10:52:54', 'ebegu:Stadt Luzern', 'ebegu:Stadt Luzern', 1, 'VERFUEGUNG_EINGESCHRIEBEN_VERSENDEN_AKTIVIERT', 'false', null, @gesuchsperiode_23_24_id, null, null);
INSERT IGNORE INTO einstellung (id, timestamp_erstellt, timestamp_mutiert, user_erstellt, user_mutiert, version, einstellung_key, value, gemeinde_id, gesuchsperiode_id, mandant_id, erklaerung) VALUES (UNHEX('D1E8C13180594630B51E5843FDB8C834'), '2023-12-08 10:51:24', '2023-12-08 10:51:24', 'ebegu:Stadt Luzern', 'ebegu:Stadt Luzern', 0, 'GEMEINDE_MAHLZEITENVERGUENSTIGUNG_EINKOMMENSSTUFE_1_MAX_EINKOMMEN', '51000', null, @gesuchsperiode_23_24_id, @mandant_id_luzern, null);
INSERT IGNORE INTO einstellung (id, timestamp_erstellt, timestamp_mutiert, user_erstellt, user_mutiert, version, einstellung_key, value, gemeinde_id, gesuchsperiode_id, mandant_id, erklaerung) VALUES (UNHEX('D2089B45B0FA4181873665CE671118FD'), '2023-12-08 10:51:24', '2023-12-08 10:52:54', 'ebegu:Stadt Luzern', 'ebegu:Stadt Luzern', 1, 'GEMEINDESPEZIFISCHE_BG_KONFIGURATIONEN', 'true', null, @gesuchsperiode_23_24_id, null, null);
INSERT IGNORE INTO einstellung (id, timestamp_erstellt, timestamp_mutiert, user_erstellt, user_mutiert, version, einstellung_key, value, gemeinde_id, gesuchsperiode_id, mandant_id, erklaerung) VALUES (UNHEX('D22192701A964206AD981A39E093FB7A'), '2023-12-08 10:51:23', '2023-12-08 10:52:54', 'ebegu:Stadt Luzern', 'ebegu:Stadt Luzern', 1, 'MAX_TARIF_OHNE_PAEDAGOGISCHER_BETREUUNG', '6.11', null, @gesuchsperiode_23_24_id, null, null);
INSERT IGNORE INTO einstellung (id, timestamp_erstellt, timestamp_mutiert, user_erstellt, user_mutiert, version, einstellung_key, value, gemeinde_id, gesuchsperiode_id, mandant_id, erklaerung) VALUES (UNHEX('D3232A04D4134C14B56804412A992740'), '2023-12-08 10:51:23', '2023-12-08 10:52:54', 'ebegu:Stadt Luzern', 'ebegu:Stadt Luzern', 1, 'LATS_STICHTAG', '2020-09-15', null, @gesuchsperiode_23_24_id, null, null);
INSERT IGNORE INTO einstellung (id, timestamp_erstellt, timestamp_mutiert, user_erstellt, user_mutiert, version, einstellung_key, value, gemeinde_id, gesuchsperiode_id, mandant_id, erklaerung) VALUES (UNHEX('D53895C4861F4841A923B211016859D2'), '2023-12-08 10:51:24', '2023-12-08 10:52:54', 'ebegu:Stadt Luzern', 'ebegu:Stadt Luzern', 1, 'BEGRUENDUNG_MUTATION_AKTIVIERT', 'true', null, @gesuchsperiode_23_24_id, null, null);
INSERT IGNORE INTO einstellung (id, timestamp_erstellt, timestamp_mutiert, user_erstellt, user_mutiert, version, einstellung_key, value, gemeinde_id, gesuchsperiode_id, mandant_id, erklaerung) VALUES (UNHEX('D6B4C61FE3E048ADA16910E9DDEC73A6'), '2023-12-08 10:51:23', '2023-12-08 10:52:54', 'ebegu:Stadt Luzern', 'ebegu:Stadt Luzern', 1, 'MIN_VERGUENSTIGUNG_PRO_STD', '0.70', null, @gesuchsperiode_23_24_id, null, null);
INSERT IGNORE INTO einstellung (id, timestamp_erstellt, timestamp_mutiert, user_erstellt, user_mutiert, version, einstellung_key, value, gemeinde_id, gesuchsperiode_id, mandant_id, erklaerung) VALUES (UNHEX('D7357FF9C207477BA8FA7091A509FD73'), '2023-12-08 10:51:23', '2023-12-08 10:52:54', 'ebegu:Stadt Luzern', 'ebegu:Stadt Luzern', 1, 'DAUER_BABYTARIF', '18', null, @gesuchsperiode_23_24_id, null, null);
INSERT IGNORE INTO einstellung (id, timestamp_erstellt, timestamp_mutiert, user_erstellt, user_mutiert, version, einstellung_key, value, gemeinde_id, gesuchsperiode_id, mandant_id, erklaerung) VALUES (UNHEX('D74BB834101445059BD96CA1516EBBDA'), '2023-12-08 10:51:24', '2023-12-08 10:52:54', 'ebegu:Stadt Luzern', 'ebegu:Stadt Luzern', 1, 'MINIMALDAUER_KONKUBINAT', '2', null, @gesuchsperiode_23_24_id, null, null);
INSERT IGNORE INTO einstellung (id, timestamp_erstellt, timestamp_mutiert, user_erstellt, user_mutiert, version, einstellung_key, value, gemeinde_id, gesuchsperiode_id, mandant_id, erklaerung) VALUES (UNHEX('D9BCCA79F1054572B3000A74CCA2A7BD'), '2023-12-08 10:51:23', '2023-12-08 10:52:54', 'ebegu:Stadt Luzern', 'ebegu:Stadt Luzern', 1, 'FKJV_PAUSCHALE_RUECKWIRKEND', 'false', null, @gesuchsperiode_23_24_id, null, null);
INSERT IGNORE INTO einstellung (id, timestamp_erstellt, timestamp_mutiert, user_erstellt, user_mutiert, version, einstellung_key, value, gemeinde_id, gesuchsperiode_id, mandant_id, erklaerung) VALUES (UNHEX('DB151612EDCF406FA759AF3F5B184250'), '2023-12-08 10:51:23', '2023-12-08 10:52:54', 'ebegu:Stadt Luzern', 'ebegu:Stadt Luzern', 1, 'FKJV_EINKOMMENSVERSCHLECHTERUNG_BIS_CHF', 'null', null, @gesuchsperiode_23_24_id, null, null);
INSERT IGNORE INTO einstellung (id, timestamp_erstellt, timestamp_mutiert, user_erstellt, user_mutiert, version, einstellung_key, value, gemeinde_id, gesuchsperiode_id, mandant_id, erklaerung) VALUES (UNHEX('DD36EF695CE14286AC2A78058459DBF8'), '2023-12-08 10:51:24', '2023-12-08 10:52:54', 'ebegu:Stadt Luzern', 'ebegu:Stadt Luzern', 1, 'SPRACHLICHE_INTEGRATION_BIS_SCHULSTUFE', 'OBLIGATORISCHER_KINDERGARTEN', null, @gesuchsperiode_23_24_id, null, null);
INSERT IGNORE INTO einstellung (id, timestamp_erstellt, timestamp_mutiert, user_erstellt, user_mutiert, version, einstellung_key, value, gemeinde_id, gesuchsperiode_id, mandant_id, erklaerung) VALUES (UNHEX('DE7F506A09FD4CEBB681A910B23AA728'), '2023-12-08 10:51:23', '2023-12-08 10:52:54', 'ebegu:Stadt Luzern', 'ebegu:Stadt Luzern', 1, 'ZEMIS_DISABLED', 'true', null, @gesuchsperiode_23_24_id, null, null);
INSERT IGNORE INTO einstellung (id, timestamp_erstellt, timestamp_mutiert, user_erstellt, user_mutiert, version, einstellung_key, value, gemeinde_id, gesuchsperiode_id, mandant_id, erklaerung) VALUES (UNHEX('DF25D62E860040578984DB3EBCDA0F41'), '2023-12-08 10:51:23', '2023-12-08 10:52:54', 'ebegu:Stadt Luzern', 'ebegu:Stadt Luzern', 1, 'BESONDERE_BEDUERFNISSE_LUZERN', 'true', null, @gesuchsperiode_23_24_id, null, null);
INSERT IGNORE INTO einstellung (id, timestamp_erstellt, timestamp_mutiert, user_erstellt, user_mutiert, version, einstellung_key, value, gemeinde_id, gesuchsperiode_id, mandant_id, erklaerung) VALUES (UNHEX('DF6F8CA88DF64AC3962414FC9B5DCB9C'), '2023-12-08 10:51:23', '2023-12-08 10:52:54', 'ebegu:Stadt Luzern', 'ebegu:Stadt Luzern', 1, 'PARAM_PAUSCHALABZUG_PRO_PERSON_FAMILIENGROESSE_5', '0', null, @gesuchsperiode_23_24_id, null, null);
INSERT IGNORE INTO einstellung (id, timestamp_erstellt, timestamp_mutiert, user_erstellt, user_mutiert, version, einstellung_key, value, gemeinde_id, gesuchsperiode_id, mandant_id, erklaerung) VALUES (UNHEX('DFC79CF8260E48B988C6F85055F0B8A2'), '2023-12-08 10:51:23', '2023-12-08 10:52:54', 'ebegu:Stadt Luzern', 'ebegu:Stadt Luzern', 1, 'MAX_TARIF_MIT_PAEDAGOGISCHER_BETREUUNG', '12.24', null, @gesuchsperiode_23_24_id, null, null);
INSERT IGNORE INTO einstellung (id, timestamp_erstellt, timestamp_mutiert, user_erstellt, user_mutiert, version, einstellung_key, value, gemeinde_id, gesuchsperiode_id, mandant_id, erklaerung) VALUES (UNHEX('E36978AB95BC4DECBE04ABA9D94A2B53'), '2023-12-08 10:51:24', '2023-12-08 10:51:24', 'ebegu:Stadt Luzern', 'ebegu:Stadt Luzern', 0, 'GEMEINDE_PAUSCHALBETRAG_HOHE_EINKOMMENSKLASSEN_BETRAG_TFO_AB_PRIMARSCHULE', '0', null, @gesuchsperiode_23_24_id, null, null);
INSERT IGNORE INTO einstellung (id, timestamp_erstellt, timestamp_mutiert, user_erstellt, user_mutiert, version, einstellung_key, value, gemeinde_id, gesuchsperiode_id, mandant_id, erklaerung) VALUES (UNHEX('E98977B5F398448284E43B27DD441BFA'), '2023-12-08 10:51:23', '2023-12-08 10:52:54', 'ebegu:Stadt Luzern', 'ebegu:Stadt Luzern', 1, 'FACHSTELLE_MIN_PENSUM_SPRACHLICHE_INTEGRATION', '40', null, @gesuchsperiode_23_24_id, null, null);
INSERT IGNORE INTO einstellung (id, timestamp_erstellt, timestamp_mutiert, user_erstellt, user_mutiert, version, einstellung_key, value, gemeinde_id, gesuchsperiode_id, mandant_id, erklaerung) VALUES (UNHEX('EA14113617CE466D9694E8B0D9C15CFF'), '2023-12-08 10:51:23', '2023-12-08 10:52:54', 'ebegu:Stadt Luzern', 'ebegu:Stadt Luzern', 1, 'SPRACHE_AMTSPRACHE_DISABLED', 'true', null, @gesuchsperiode_23_24_id, null, null);
INSERT IGNORE INTO einstellung (id, timestamp_erstellt, timestamp_mutiert, user_erstellt, user_mutiert, version, einstellung_key, value, gemeinde_id, gesuchsperiode_id, mandant_id, erklaerung) VALUES (UNHEX('EA6A7B5A51694B63A58A79227E8D44C8'), '2023-12-08 10:51:23', '2023-12-08 10:52:54', 'ebegu:Stadt Luzern', 'ebegu:Stadt Luzern', 1, 'GEMEINDE_TAGESSCHULE_ERSTER_SCHULTAG', '01.08.2023', null, @gesuchsperiode_23_24_id, null, null);
INSERT IGNORE INTO einstellung (id, timestamp_erstellt, timestamp_mutiert, user_erstellt, user_mutiert, version, einstellung_key, value, gemeinde_id, gesuchsperiode_id, mandant_id, erklaerung) VALUES (UNHEX('EBE676AFCFCD4F1382E5B79615D84314'), '2023-12-08 10:51:23', '2023-12-08 10:52:54', 'ebegu:Stadt Luzern', 'ebegu:Stadt Luzern', 1, 'MIN_ERWERBSPENSUM_EINGESCHULT', '20', null, @gesuchsperiode_23_24_id, null, null);
INSERT IGNORE INTO einstellung (id, timestamp_erstellt, timestamp_mutiert, user_erstellt, user_mutiert, version, einstellung_key, value, gemeinde_id, gesuchsperiode_id, mandant_id, erklaerung) VALUES (UNHEX('ED5F465BF8CC4F988C99A2500A40AB9A'), '2023-12-08 10:51:24', '2023-12-08 10:52:54', 'ebegu:Stadt Luzern', 'ebegu:Stadt Luzern', 1, 'AUSWEIS_NACHWEIS_REQUIRED', 'true', null, @gesuchsperiode_23_24_id, null, null);
INSERT IGNORE INTO einstellung (id, timestamp_erstellt, timestamp_mutiert, user_erstellt, user_mutiert, version, einstellung_key, value, gemeinde_id, gesuchsperiode_id, mandant_id, erklaerung) VALUES (UNHEX('EDA462A829514FA79DB83CB7A7F89E5E'), '2023-12-08 10:51:23', '2023-12-08 10:52:54', 'ebegu:Stadt Luzern', 'ebegu:Stadt Luzern', 1, 'OEFFNUNGSTAGE_KITA', '246', null, @gesuchsperiode_23_24_id, null, null);
INSERT IGNORE INTO einstellung (id, timestamp_erstellt, timestamp_mutiert, user_erstellt, user_mutiert, version, einstellung_key, value, gemeinde_id, gesuchsperiode_id, mandant_id, erklaerung) VALUES (UNHEX('EE5412D3BA3D4695A4DECADAF735DB80'), '2023-12-08 10:51:24', '2023-12-08 10:51:24', 'ebegu:Stadt Luzern', 'ebegu:Stadt Luzern', 0, 'GEMEINDE_MAHLZEITENVERGUENSTIGUNG_FUER_SOZIALHILFEBEZUEGER_ENABLED', 'false', null, @gesuchsperiode_23_24_id, @mandant_id_luzern, null);
INSERT IGNORE INTO einstellung (id, timestamp_erstellt, timestamp_mutiert, user_erstellt, user_mutiert, version, einstellung_key, value, gemeinde_id, gesuchsperiode_id, mandant_id, erklaerung) VALUES (UNHEX('F023DF0C83CB4E179EB2D4831119FAD6'), '2023-12-08 10:51:23', '2023-12-08 10:52:54', 'ebegu:Stadt Luzern', 'ebegu:Stadt Luzern', 1, 'FACHSTELLE_MAX_PENSUM_SOZIALE_INTEGRATION', '100', null, @gesuchsperiode_23_24_id, null, null);
INSERT IGNORE INTO einstellung (id, timestamp_erstellt, timestamp_mutiert, user_erstellt, user_mutiert, version, einstellung_key, value, gemeinde_id, gesuchsperiode_id, mandant_id, erklaerung) VALUES (UNHEX('F16F0F9663CD4683AD1D01F08BE127AD'), '2023-12-08 10:51:24', '2023-12-08 10:51:24', 'ebegu:Stadt Luzern', 'ebegu:Stadt Luzern', 0, 'GEMEINDE_ZUSAETZLICHER_GUTSCHEIN_BETRAG_TFO', '0.00', null, @gesuchsperiode_23_24_id, @mandant_id_luzern, null);
INSERT IGNORE INTO einstellung (id, timestamp_erstellt, timestamp_mutiert, user_erstellt, user_mutiert, version, einstellung_key, value, gemeinde_id, gesuchsperiode_id, mandant_id, erklaerung) VALUES (UNHEX('F56DA7B8C31F481E954EAB50DF13ED1E'), '2023-12-08 10:51:23', '2023-12-08 10:52:54', 'ebegu:Stadt Luzern', 'ebegu:Stadt Luzern', 1, 'KINDERABZUG_TYP', 'KEINE', null, @gesuchsperiode_23_24_id, null, null);
INSERT IGNORE INTO einstellung (id, timestamp_erstellt, timestamp_mutiert, user_erstellt, user_mutiert, version, einstellung_key, value, gemeinde_id, gesuchsperiode_id, mandant_id, erklaerung) VALUES (UNHEX('F9256D7F52B74982AF7FF91EEC8FE02C'), '2023-12-08 10:51:24', '2023-12-08 10:52:54', 'ebegu:Stadt Luzern', 'ebegu:Stadt Luzern', 1, 'FERIENBETREUUNG_CHF_PAUSCHALBETRAG_SONDERSCHUELER', '60', null, @gesuchsperiode_23_24_id, null, null);
INSERT IGNORE INTO einstellung (id, timestamp_erstellt, timestamp_mutiert, user_erstellt, user_mutiert, version, einstellung_key, value, gemeinde_id, gesuchsperiode_id, mandant_id, erklaerung) VALUES (UNHEX('FB82F64146884382AF9A7F0DB9F3855E'), '2023-12-08 10:51:23', '2023-12-08 10:52:54', 'ebegu:Stadt Luzern', 'ebegu:Stadt Luzern', 1, 'PARAM_MAX_TAGE_ABWESENHEIT', '30', null, @gesuchsperiode_23_24_id, null, null);
INSERT IGNORE INTO einstellung (id, timestamp_erstellt, timestamp_mutiert, user_erstellt, user_mutiert, version, einstellung_key, value, gemeinde_id, gesuchsperiode_id, mandant_id, erklaerung) VALUES (UNHEX('FFE2C603FC814018AFE95C70C502F01B'), '2023-12-08 10:51:23', '2023-12-08 10:52:54', 'ebegu:Stadt Luzern', 'ebegu:Stadt Luzern', 1, 'MIN_MASSGEBENDES_EINKOMMEN', '48000', null, @gesuchsperiode_23_24_id, null, null);
INSERT IGNORE INTO einstellung (id, timestamp_erstellt, timestamp_mutiert, user_erstellt, user_mutiert, version, einstellung_key, value, gemeinde_id, gesuchsperiode_id, mandant_id, erklaerung) VALUES (UNHEX('16F15C940684469EAAB0E6E8F06D28B5'), '2023-12-08 11:02:22', '2023-12-08 11:02:22', 'ebegu:Stadt Luzern', 'ebegu:Stadt Luzern', 0, 'GEMEINDE_TAGESSCHULE_ANMELDUNGEN_DATUM_AB', '01.08.2023', @luzern_test_gemeinde_id, @gesuchsperiode_23_24_id, @mandant_id_luzern, null);
INSERT IGNORE INTO einstellung (id, timestamp_erstellt, timestamp_mutiert, user_erstellt, user_mutiert, version, einstellung_key, value, gemeinde_id, gesuchsperiode_id, mandant_id, erklaerung) VALUES (UNHEX('1A9FB8F32DE94398968BC3179095BC01'), '2023-12-08 11:02:22', '2023-12-08 11:02:22', 'ebegu:Stadt Luzern', 'ebegu:Stadt Luzern', 0, 'GEMEINDE_MAHLZEITENVERGUENSTIGUNG_MINIMALER_ELTERNBEITRAG_MAHLZEIT', '0.00', @luzern_test_gemeinde_id, @gesuchsperiode_23_24_id, @mandant_id_luzern, null);
INSERT IGNORE INTO einstellung (id, timestamp_erstellt, timestamp_mutiert, user_erstellt, user_mutiert, version, einstellung_key, value, gemeinde_id, gesuchsperiode_id, mandant_id, erklaerung) VALUES (UNHEX('1B79B56B605141379FFCDECF02E7621A'), '2023-12-08 11:02:22', '2023-12-08 11:02:22', 'ebegu:Stadt Luzern', 'ebegu:Stadt Luzern', 0, 'MIN_MASSGEBENDES_EINKOMMEN', '48000', @luzern_test_gemeinde_id, @gesuchsperiode_23_24_id, @mandant_id_luzern, null);
INSERT IGNORE INTO einstellung (id, timestamp_erstellt, timestamp_mutiert, user_erstellt, user_mutiert, version, einstellung_key, value, gemeinde_id, gesuchsperiode_id, mandant_id, erklaerung) VALUES (UNHEX('23D05BA616244B69B6B73FAB68E9FCC4'), '2023-12-08 11:02:22', '2023-12-08 11:02:22', 'ebegu:Stadt Luzern', 'ebegu:Stadt Luzern', 0, 'GEMEINDE_ZUSAETZLICHER_GUTSCHEIN_ENABLED', 'false', @luzern_test_gemeinde_id, @gesuchsperiode_23_24_id, @mandant_id_luzern, null);
INSERT IGNORE INTO einstellung (id, timestamp_erstellt, timestamp_mutiert, user_erstellt, user_mutiert, version, einstellung_key, value, gemeinde_id, gesuchsperiode_id, mandant_id, erklaerung) VALUES (UNHEX('255E6405E36A4D578C165044DF37FF44'), '2023-12-08 11:02:22', '2023-12-08 11:02:22', 'ebegu:Stadt Luzern', 'ebegu:Stadt Luzern', 0, 'MAX_VERGUENSTIGUNG_VORSCHULE_KIND_PRO_STD', '12.4', @luzern_test_gemeinde_id, @gesuchsperiode_23_24_id, @mandant_id_luzern, null);
INSERT IGNORE INTO einstellung (id, timestamp_erstellt, timestamp_mutiert, user_erstellt, user_mutiert, version, einstellung_key, value, gemeinde_id, gesuchsperiode_id, mandant_id, erklaerung) VALUES (UNHEX('3CA6F4362AC04D018DCED80624820933'), '2023-12-08 11:02:22', '2023-12-08 11:03:09', 'ebegu:Stadt Luzern', 'ebegu:Stadt Luzern', 1, 'GEMEINDE_BG_BIS_UND_MIT_SCHULSTUFE', 'KINDERGARTEN1', @luzern_test_gemeinde_id, @gesuchsperiode_23_24_id, @mandant_id_luzern, null);
INSERT IGNORE INTO einstellung (id, timestamp_erstellt, timestamp_mutiert, user_erstellt, user_mutiert, version, einstellung_key, value, gemeinde_id, gesuchsperiode_id, mandant_id, erklaerung) VALUES (UNHEX('3D0A034116F742B6B82AB3E0D17D55F8'), '2023-12-08 11:02:22', '2023-12-08 11:02:22', 'ebegu:Stadt Luzern', 'ebegu:Stadt Luzern', 0, 'ZUSCHLAG_BEHINDERUNG_PRO_TG', '50', @luzern_test_gemeinde_id, @gesuchsperiode_23_24_id, @mandant_id_luzern, null);
INSERT IGNORE INTO einstellung (id, timestamp_erstellt, timestamp_mutiert, user_erstellt, user_mutiert, version, einstellung_key, value, gemeinde_id, gesuchsperiode_id, mandant_id, erklaerung) VALUES (UNHEX('472DE738BD014035A2A25D36C5A71BE3'), '2023-12-08 11:02:22', '2023-12-08 11:02:22', 'ebegu:Stadt Luzern', 'ebegu:Stadt Luzern', 0, 'GEMEINDE_ZUSAETZLICHER_ANSPRUCH_FREIWILLIGENARBEIT_ENABLED', 'false', @luzern_test_gemeinde_id, @gesuchsperiode_23_24_id, @mandant_id_luzern, null);
INSERT IGNORE INTO einstellung (id, timestamp_erstellt, timestamp_mutiert, user_erstellt, user_mutiert, version, einstellung_key, value, gemeinde_id, gesuchsperiode_id, mandant_id, erklaerung) VALUES (UNHEX('4743B3AECF7E4FCF8641A075A5FA0110'), '2023-12-08 11:02:22', '2023-12-08 11:02:22', 'ebegu:Stadt Luzern', 'ebegu:Stadt Luzern', 0, 'GEMEINDE_ZUSAETZLICHER_GUTSCHEIN_BETRAG_KITA', '0.00', @luzern_test_gemeinde_id, @gesuchsperiode_23_24_id, @mandant_id_luzern, null);
INSERT IGNORE INTO einstellung (id, timestamp_erstellt, timestamp_mutiert, user_erstellt, user_mutiert, version, einstellung_key, value, gemeinde_id, gesuchsperiode_id, mandant_id, erklaerung) VALUES (UNHEX('481D318328264D6B85790984EC48573A'), '2023-12-08 11:02:22', '2023-12-08 11:02:22', 'ebegu:Stadt Luzern', 'ebegu:Stadt Luzern', 0, 'MIN_VERGUENSTIGUNG_PRO_STD', '0.70', @luzern_test_gemeinde_id, @gesuchsperiode_23_24_id, @mandant_id_luzern, null);
INSERT IGNORE INTO einstellung (id, timestamp_erstellt, timestamp_mutiert, user_erstellt, user_mutiert, version, einstellung_key, value, gemeinde_id, gesuchsperiode_id, mandant_id, erklaerung) VALUES (UNHEX('499EFF961F2F4E3F8A9C2EA47D6DB897'), '2023-12-08 11:02:22', '2023-12-08 11:02:22', 'ebegu:Stadt Luzern', 'ebegu:Stadt Luzern', 0, 'GEMEINDE_TAGESSCHULE_ZUSAETZLICHE_ANGABEN_ZUR_ANMELDUNG', 'false', @luzern_test_gemeinde_id, @gesuchsperiode_23_24_id, @mandant_id_luzern, null);
INSERT IGNORE INTO einstellung (id, timestamp_erstellt, timestamp_mutiert, user_erstellt, user_mutiert, version, einstellung_key, value, gemeinde_id, gesuchsperiode_id, mandant_id, erklaerung) VALUES (UNHEX('572FFF1234DA46399DC74F829BC75290'), '2023-12-08 11:02:22', '2023-12-08 11:02:22', 'ebegu:Stadt Luzern', 'ebegu:Stadt Luzern', 0, 'MAX_VERGUENSTIGUNG_VORSCHULE_KIND_PRO_TG', '130', @luzern_test_gemeinde_id, @gesuchsperiode_23_24_id, @mandant_id_luzern, null);
INSERT IGNORE INTO einstellung (id, timestamp_erstellt, timestamp_mutiert, user_erstellt, user_mutiert, version, einstellung_key, value, gemeinde_id, gesuchsperiode_id, mandant_id, erklaerung) VALUES (UNHEX('61FE814FC64541ED8B9FB57AC11D1B79'), '2023-12-08 11:02:22', '2023-12-08 11:02:22', 'ebegu:Stadt Luzern', 'ebegu:Stadt Luzern', 0, 'GEMEINDE_ZUSAETZLICHER_GUTSCHEIN_BIS_UND_MIT_SCHULSTUFE_KITA', 'VORSCHULALTER', @luzern_test_gemeinde_id, @gesuchsperiode_23_24_id, @mandant_id_luzern, null);
INSERT IGNORE INTO einstellung (id, timestamp_erstellt, timestamp_mutiert, user_erstellt, user_mutiert, version, einstellung_key, value, gemeinde_id, gesuchsperiode_id, mandant_id, erklaerung) VALUES (UNHEX('6A7304A296FA49FF8163D1762B13DC4E'), '2023-12-08 11:02:22', '2023-12-08 11:02:22', 'ebegu:Stadt Luzern', 'ebegu:Stadt Luzern', 0, 'GEMEINDE_KEIN_GUTSCHEIN_FUER_SOZIALHILFE_EMPFAENGER', 'false', @luzern_test_gemeinde_id, @gesuchsperiode_23_24_id, @mandant_id_luzern, null);
INSERT IGNORE INTO einstellung (id, timestamp_erstellt, timestamp_mutiert, user_erstellt, user_mutiert, version, einstellung_key, value, gemeinde_id, gesuchsperiode_id, mandant_id, erklaerung) VALUES (UNHEX('6E97B5A796E2473481CCE94F41F0F9C1'), '2023-12-08 11:02:22', '2023-12-08 11:02:22', 'ebegu:Stadt Luzern', 'ebegu:Stadt Luzern', 0, 'MAX_VERGUENSTIGUNG_PRIMAR_PRO_STD', '8.50', @luzern_test_gemeinde_id, @gesuchsperiode_23_24_id, @mandant_id_luzern, null);
INSERT IGNORE INTO einstellung (id, timestamp_erstellt, timestamp_mutiert, user_erstellt, user_mutiert, version, einstellung_key, value, gemeinde_id, gesuchsperiode_id, mandant_id, erklaerung) VALUES (UNHEX('7D12B37C8DEE48FB965370DCFBA7D819'), '2023-12-08 11:02:22', '2023-12-08 11:02:22', 'ebegu:Stadt Luzern', 'ebegu:Stadt Luzern', 0, 'GEMEINDE_ZUSAETZLICHER_ANSPRUCH_FREIWILLIGENARBEIT_MAXPROZENT', '0', @luzern_test_gemeinde_id, @gesuchsperiode_23_24_id, @mandant_id_luzern, null);
INSERT IGNORE INTO einstellung (id, timestamp_erstellt, timestamp_mutiert, user_erstellt, user_mutiert, version, einstellung_key, value, gemeinde_id, gesuchsperiode_id, mandant_id, erklaerung) VALUES (UNHEX('7F2DE50B337A4CC29607707D74CC3907'), '2023-12-08 11:02:22', '2023-12-08 11:02:22', 'ebegu:Stadt Luzern', 'ebegu:Stadt Luzern', 0, 'GEMEINDE_MAHLZEITENVERGUENSTIGUNG_EINKOMMENSSTUFE_1_VERGUENSTIGUNG_MAHLZEIT', '6.00', @luzern_test_gemeinde_id, @gesuchsperiode_23_24_id, @mandant_id_luzern, null);
INSERT IGNORE INTO einstellung (id, timestamp_erstellt, timestamp_mutiert, user_erstellt, user_mutiert, version, einstellung_key, value, gemeinde_id, gesuchsperiode_id, mandant_id, erklaerung) VALUES (UNHEX('88CD6F5B298C4C5C8EF220C34CC43178'), '2023-12-08 11:02:22', '2023-12-08 11:02:22', 'ebegu:Stadt Luzern', 'ebegu:Stadt Luzern', 0, 'MAX_VERGUENSTIGUNG_KINDERGARTEN_PRO_TG', '130', @luzern_test_gemeinde_id, @gesuchsperiode_23_24_id, @mandant_id_luzern, null);
INSERT IGNORE INTO einstellung (id, timestamp_erstellt, timestamp_mutiert, user_erstellt, user_mutiert, version, einstellung_key, value, gemeinde_id, gesuchsperiode_id, mandant_id, erklaerung) VALUES (UNHEX('8EE529C8249D4EA2A0FD09EFE5D94B4A'), '2023-12-08 11:02:22', '2023-12-08 11:02:22', 'ebegu:Stadt Luzern', 'ebegu:Stadt Luzern', 0, 'ABHAENGIGKEIT_ANSPRUCH_BESCHAEFTIGUNGPENSUM', 'ABHAENGING', @luzern_test_gemeinde_id, @gesuchsperiode_23_24_id, @mandant_id_luzern, null);
INSERT IGNORE INTO einstellung (id, timestamp_erstellt, timestamp_mutiert, user_erstellt, user_mutiert, version, einstellung_key, value, gemeinde_id, gesuchsperiode_id, mandant_id, erklaerung) VALUES (UNHEX('9034D5D2434849FD9E79411AD05E4AB3'), '2023-12-08 11:02:22', '2023-12-08 11:02:22', 'ebegu:Stadt Luzern', 'ebegu:Stadt Luzern', 0, 'MAX_VERGUENSTIGUNG_VORSCHULE_BABY_PRO_STD', '16.3', @luzern_test_gemeinde_id, @gesuchsperiode_23_24_id, @mandant_id_luzern, null);
INSERT IGNORE INTO einstellung (id, timestamp_erstellt, timestamp_mutiert, user_erstellt, user_mutiert, version, einstellung_key, value, gemeinde_id, gesuchsperiode_id, mandant_id, erklaerung) VALUES (UNHEX('97E2EBF2DD3D423797BD59D6B70C4786'), '2023-12-08 11:02:22', '2023-12-08 11:02:22', 'ebegu:Stadt Luzern', 'ebegu:Stadt Luzern', 0, 'GEMEINDE_MAHLZEITENVERGUENSTIGUNG_EINKOMMENSSTUFE_1_MAX_EINKOMMEN', '51000', @luzern_test_gemeinde_id, @gesuchsperiode_23_24_id, @mandant_id_luzern, null);
INSERT IGNORE INTO einstellung (id, timestamp_erstellt, timestamp_mutiert, user_erstellt, user_mutiert, version, einstellung_key, value, gemeinde_id, gesuchsperiode_id, mandant_id, erklaerung) VALUES (UNHEX('A57292E2B54B46B9831FF3D12E1970FF'), '2023-12-08 11:02:22', '2023-12-08 11:02:22', 'ebegu:Stadt Luzern', 'ebegu:Stadt Luzern', 0, 'MAX_MASSGEBENDES_EINKOMMEN', '125000', @luzern_test_gemeinde_id, @gesuchsperiode_23_24_id, @mandant_id_luzern, null);
INSERT IGNORE INTO einstellung (id, timestamp_erstellt, timestamp_mutiert, user_erstellt, user_mutiert, version, einstellung_key, value, gemeinde_id, gesuchsperiode_id, mandant_id, erklaerung) VALUES (UNHEX('AC44A642A4DD47EE88C16C874B907414'), '2023-12-08 11:02:22', '2023-12-08 11:02:22', 'ebegu:Stadt Luzern', 'ebegu:Stadt Luzern', 0, 'GEMEINDE_MAHLZEITENVERGUENSTIGUNG_EINKOMMENSSTUFE_2_MAX_EINKOMMEN', '70000', @luzern_test_gemeinde_id, @gesuchsperiode_23_24_id, @mandant_id_luzern, null);
INSERT IGNORE INTO einstellung (id, timestamp_erstellt, timestamp_mutiert, user_erstellt, user_mutiert, version, einstellung_key, value, gemeinde_id, gesuchsperiode_id, mandant_id, erklaerung) VALUES (UNHEX('B32CB54B2D854DC49DDF86BD67D39A20'), '2023-12-08 11:02:22', '2023-12-08 11:02:22', 'ebegu:Stadt Luzern', 'ebegu:Stadt Luzern', 0, 'MAX_VERGUENSTIGUNG_VORSCHULE_BABY_PRO_TG', '160', @luzern_test_gemeinde_id, @gesuchsperiode_23_24_id, @mandant_id_luzern, null);
INSERT IGNORE INTO einstellung (id, timestamp_erstellt, timestamp_mutiert, user_erstellt, user_mutiert, version, einstellung_key, value, gemeinde_id, gesuchsperiode_id, mandant_id, erklaerung) VALUES (UNHEX('B4AD57530CBF4F72BEE2DC7E5984A5F7'), '2023-12-08 11:02:22', '2023-12-08 11:02:22', 'ebegu:Stadt Luzern', 'ebegu:Stadt Luzern', 0, 'GEMEINDE_ZUSAETZLICHER_GUTSCHEIN_BIS_UND_MIT_SCHULSTUFE_TFO', 'VORSCHULALTER', @luzern_test_gemeinde_id, @gesuchsperiode_23_24_id, @mandant_id_luzern, null);
INSERT IGNORE INTO einstellung (id, timestamp_erstellt, timestamp_mutiert, user_erstellt, user_mutiert, version, einstellung_key, value, gemeinde_id, gesuchsperiode_id, mandant_id, erklaerung) VALUES (UNHEX('C44ABD7295B011EEB6130242AC130042'), '2020-01-01 00:00:00', '2020-01-01 00:00:00', 'flyway', 'flyway', 0, 'GEMEINDE_TAGESSCHULE_TAGIS_ENABLED', 'true', @luzern_test_gemeinde_id, @gesuchsperiode_23_24_id, @mandant_id_luzern, null);
INSERT IGNORE INTO einstellung (id, timestamp_erstellt, timestamp_mutiert, user_erstellt, user_mutiert, version, einstellung_key, value, gemeinde_id, gesuchsperiode_id, mandant_id, erklaerung) VALUES (UNHEX('C44B5C0395B011EEB6130242AC130042'), '2020-01-01 00:00:00', '2023-12-08 11:03:09', 'flyway', 'ebegu:Stadt Luzern', 1, 'GEMEINDE_MIN_ERWERBSPENSUM_NICHT_EINGESCHULT', '20', @luzern_test_gemeinde_id, @gesuchsperiode_23_24_id, @mandant_id_luzern, null);
INSERT IGNORE INTO einstellung (id, timestamp_erstellt, timestamp_mutiert, user_erstellt, user_mutiert, version, einstellung_key, value, gemeinde_id, gesuchsperiode_id, mandant_id, erklaerung) VALUES (UNHEX('C44CC50395B011EEB6130242AC130042'), '2020-01-01 00:00:00', '2023-12-08 11:03:09', 'flyway', 'ebegu:Stadt Luzern', 1, 'GEMEINDE_MIN_ERWERBSPENSUM_EINGESCHULT', '20', @luzern_test_gemeinde_id, @gesuchsperiode_23_24_id, @mandant_id_luzern, null);
INSERT IGNORE INTO einstellung (id, timestamp_erstellt, timestamp_mutiert, user_erstellt, user_mutiert, version, einstellung_key, value, gemeinde_id, gesuchsperiode_id, mandant_id, erklaerung) VALUES (UNHEX('CDE17608790549A6B09D8F47E2B13C05'), '2023-12-08 11:02:22', '2023-12-08 11:02:22', 'ebegu:Stadt Luzern', 'ebegu:Stadt Luzern', 0, 'ERWERBSPENSUM_ZUSCHLAG', '10', @luzern_test_gemeinde_id, @gesuchsperiode_23_24_id, @mandant_id_luzern, null);
INSERT IGNORE INTO einstellung (id, timestamp_erstellt, timestamp_mutiert, user_erstellt, user_mutiert, version, einstellung_key, value, gemeinde_id, gesuchsperiode_id, mandant_id, erklaerung) VALUES (UNHEX('D3239ADB64EC429686059139D9787AFA'), '2023-12-08 11:02:22', '2023-12-08 11:02:22', 'ebegu:Stadt Luzern', 'ebegu:Stadt Luzern', 0, 'GEMEINDE_KONTINGENTIERUNG_ENABLED', 'false', @luzern_test_gemeinde_id, @gesuchsperiode_23_24_id, @mandant_id_luzern, null);
INSERT IGNORE INTO einstellung (id, timestamp_erstellt, timestamp_mutiert, user_erstellt, user_mutiert, version, einstellung_key, value, gemeinde_id, gesuchsperiode_id, mandant_id, erklaerung) VALUES (UNHEX('D656C6B9D6EE4B5D97F01F114A2E5F33'), '2023-12-08 11:02:22', '2023-12-08 11:02:22', 'ebegu:Stadt Luzern', 'ebegu:Stadt Luzern', 0, 'GEMEINDE_TAGESSCHULE_ERSTER_SCHULTAG', '01.08.2023', @luzern_test_gemeinde_id, @gesuchsperiode_23_24_id, @mandant_id_luzern, null);
INSERT IGNORE INTO einstellung (id, timestamp_erstellt, timestamp_mutiert, user_erstellt, user_mutiert, version, einstellung_key, value, gemeinde_id, gesuchsperiode_id, mandant_id, erklaerung) VALUES (UNHEX('D80B92B11E004A6392922F780F2D1A77'), '2023-12-08 11:02:22', '2023-12-08 11:02:22', 'ebegu:Stadt Luzern', 'ebegu:Stadt Luzern', 0, 'GEMEINDE_SCHNITTSTELLE_KITAX_ENABLED', 'false', @luzern_test_gemeinde_id, @gesuchsperiode_23_24_id, @mandant_id_luzern, null);
INSERT IGNORE INTO einstellung (id, timestamp_erstellt, timestamp_mutiert, user_erstellt, user_mutiert, version, einstellung_key, value, gemeinde_id, gesuchsperiode_id, mandant_id, erklaerung) VALUES (UNHEX('DAB7F8ABE31F4B06891B1FCE76E3AF40'), '2023-12-08 11:02:22', '2023-12-08 11:02:22', 'ebegu:Stadt Luzern', 'ebegu:Stadt Luzern', 0, 'GEMEINDE_MAHLZEITENVERGUENSTIGUNG_EINKOMMENSSTUFE_3_VERGUENSTIGUNG_MAHLZEIT', '0', @luzern_test_gemeinde_id, @gesuchsperiode_23_24_id, @mandant_id_luzern, null);
INSERT IGNORE INTO einstellung (id, timestamp_erstellt, timestamp_mutiert, user_erstellt, user_mutiert, version, einstellung_key, value, gemeinde_id, gesuchsperiode_id, mandant_id, erklaerung) VALUES (UNHEX('DDE378BFA26B47B9AFE124EA8F6032D8'), '2023-12-08 11:02:22', '2023-12-08 11:02:22', 'ebegu:Stadt Luzern', 'ebegu:Stadt Luzern', 0, 'MIN_VERGUENSTIGUNG_PRO_TG', '15', @luzern_test_gemeinde_id, @gesuchsperiode_23_24_id, @mandant_id_luzern, null);
INSERT IGNORE INTO einstellung (id, timestamp_erstellt, timestamp_mutiert, user_erstellt, user_mutiert, version, einstellung_key, value, gemeinde_id, gesuchsperiode_id, mandant_id, erklaerung) VALUES (UNHEX('DE7F1812D3BA4854BCA663A50B013F12'), '2023-12-08 11:02:22', '2023-12-08 11:02:22', 'ebegu:Stadt Luzern', 'ebegu:Stadt Luzern', 0, 'GEMEINDE_FERIENINSEL_ANMELDUNGEN_DATUM_AB', '01.08.2023', @luzern_test_gemeinde_id, @gesuchsperiode_23_24_id, @mandant_id_luzern, null);
INSERT IGNORE INTO einstellung (id, timestamp_erstellt, timestamp_mutiert, user_erstellt, user_mutiert, version, einstellung_key, value, gemeinde_id, gesuchsperiode_id, mandant_id, erklaerung) VALUES (UNHEX('DF16B896F61F498F802DC5937F0655DE'), '2023-12-08 11:02:22', '2023-12-08 11:02:22', 'ebegu:Stadt Luzern', 'ebegu:Stadt Luzern', 0, 'GEMEINDE_ZUSAETZLICHER_GUTSCHEIN_BETRAG_TFO', '0.00', @luzern_test_gemeinde_id, @gesuchsperiode_23_24_id, @mandant_id_luzern, null);
INSERT IGNORE INTO einstellung (id, timestamp_erstellt, timestamp_mutiert, user_erstellt, user_mutiert, version, einstellung_key, value, gemeinde_id, gesuchsperiode_id, mandant_id, erklaerung) VALUES (UNHEX('E21D05B1465D4028B6F9AB1FC950B880'), '2023-12-08 11:02:22', '2023-12-08 11:02:22', 'ebegu:Stadt Luzern', 'ebegu:Stadt Luzern', 0, 'GEMEINDE_ZUSAETZLICHER_BABYBEITRAG_BETRAG_KITA', '0.00', @luzern_test_gemeinde_id, @gesuchsperiode_23_24_id, @mandant_id_luzern, null);
INSERT IGNORE INTO einstellung (id, timestamp_erstellt, timestamp_mutiert, user_erstellt, user_mutiert, version, einstellung_key, value, gemeinde_id, gesuchsperiode_id, mandant_id, erklaerung) VALUES (UNHEX('EAD58B241F2945ADBA65B1A6AC4F9F7F'), '2023-12-08 11:02:22', '2023-12-08 11:02:22', 'ebegu:Stadt Luzern', 'ebegu:Stadt Luzern', 0, 'GEMEINDE_ZUSAETZLICHER_BABYBEITRAG_ENABLED', 'false', @luzern_test_gemeinde_id, @gesuchsperiode_23_24_id, @mandant_id_luzern, null);
INSERT IGNORE INTO einstellung (id, timestamp_erstellt, timestamp_mutiert, user_erstellt, user_mutiert, version, einstellung_key, value, gemeinde_id, gesuchsperiode_id, mandant_id, erklaerung) VALUES (UNHEX('EC9F0A3A462142249B8BAFDC5294DC49'), '2023-12-08 11:02:22', '2023-12-08 11:02:22', 'ebegu:Stadt Luzern', 'ebegu:Stadt Luzern', 0, 'GEMEINDE_MAHLZEITENVERGUENSTIGUNG_EINKOMMENSSTUFE_2_VERGUENSTIGUNG_MAHLZEIT', '3.00', @luzern_test_gemeinde_id, @gesuchsperiode_23_24_id, @mandant_id_luzern, null);
INSERT IGNORE INTO einstellung (id, timestamp_erstellt, timestamp_mutiert, user_erstellt, user_mutiert, version, einstellung_key, value, gemeinde_id, gesuchsperiode_id, mandant_id, erklaerung) VALUES (UNHEX('F72A3C137ADC49099890938DCFC21BC1'), '2023-12-08 11:02:22', '2023-12-08 11:02:22', 'ebegu:Stadt Luzern', 'ebegu:Stadt Luzern', 0, 'GEMEINDE_MAHLZEITENVERGUENSTIGUNG_ENABLED', 'false', @luzern_test_gemeinde_id, @gesuchsperiode_23_24_id, @mandant_id_luzern, null);
INSERT IGNORE INTO einstellung (id, timestamp_erstellt, timestamp_mutiert, user_erstellt, user_mutiert, version, einstellung_key, value, gemeinde_id, gesuchsperiode_id, mandant_id, erklaerung) VALUES (UNHEX('F755913EB2B04B748F565018CFF78447'), '2023-12-08 11:02:22', '2023-12-08 11:02:22', 'ebegu:Stadt Luzern', 'ebegu:Stadt Luzern', 0, 'GEMEINDE_ZUSAETZLICHER_BABYBEITRAG_BETRAG_TFO', '0.00', @luzern_test_gemeinde_id, @gesuchsperiode_23_24_id, @mandant_id_luzern, null);
INSERT IGNORE INTO einstellung (id, timestamp_erstellt, timestamp_mutiert, user_erstellt, user_mutiert, version, einstellung_key, value, gemeinde_id, gesuchsperiode_id, mandant_id, erklaerung) VALUES (UNHEX('F9B26F6BB6554ABEAB143CFF2EC17636'), '2023-12-08 11:02:22', '2023-12-08 11:02:22', 'ebegu:Stadt Luzern', 'ebegu:Stadt Luzern', 0, 'ZUSCHLAG_BEHINDERUNG_PRO_STD', '4.25', @luzern_test_gemeinde_id, @gesuchsperiode_23_24_id, @mandant_id_luzern, null);
INSERT IGNORE INTO einstellung (id, timestamp_erstellt, timestamp_mutiert, user_erstellt, user_mutiert, version, einstellung_key, value, gemeinde_id, gesuchsperiode_id, mandant_id, erklaerung) VALUES (UNHEX('FB3DA1A347934F849820269235A031CD'), '2023-12-08 11:02:22', '2023-12-08 11:02:22', 'ebegu:Stadt Luzern', 'ebegu:Stadt Luzern', 0, 'MAX_VERGUENSTIGUNG_KINDERGARTEN_PRO_STD', '12.4', @luzern_test_gemeinde_id, @gesuchsperiode_23_24_id, @mandant_id_luzern, null);
INSERT IGNORE INTO einstellung (id, timestamp_erstellt, timestamp_mutiert, user_erstellt, user_mutiert, version, einstellung_key, value, gemeinde_id, gesuchsperiode_id, mandant_id, erklaerung) VALUES (UNHEX('FB5E49DE60264324A413AF201C16E15A'), '2023-12-08 11:02:22', '2023-12-08 11:02:22', 'ebegu:Stadt Luzern', 'ebegu:Stadt Luzern', 0, 'GEMEINDE_MAHLZEITENVERGUENSTIGUNG_FUER_SOZIALHILFEBEZUEGER_ENABLED', 'false', @luzern_test_gemeinde_id, @gesuchsperiode_23_24_id, @mandant_id_luzern, null);

# Test-Institutionen erstellen
INSERT IGNORE INTO traegerschaft (id, timestamp_erstellt, timestamp_mutiert, user_erstellt, user_mutiert, version, name, active, mandant_id)
	VALUES (UNHEX(REPLACE('31bf2433-30a3-11ec-a86f-b89a2ae4a038', '-', '')), '2016-01-01 00:00:00', '2016-01-01 00:00:00', 'flyway', 'flyway', 0, 'Kitas & Tagis Stadt Luzern', true,  @mandant_id_luzern);

# Kita und Tagesfamilien
INSERT IGNORE INTO institution (id, timestamp_erstellt, timestamp_mutiert, user_erstellt, user_mutiert, version, vorgaenger_id, name, mandant_id, traegerschaft_id, status, event_published)
	VALUES (UNHEX(REPLACE('f5ceae4a-30a5-11ec-a86f-b89a2ae4a038', '-', '')), '2016-01-01 00:00:00', '2016-01-01 00:00:00', 'flyway', 'flyway', 0, null, 'Brünnen LU',
	         @mandant_id_luzern, UNHEX(REPLACE('31bf2433-30a3-11ec-a86f-b89a2ae4a038', '-', '')), 'AKTIV', false);
INSERT IGNORE INTO institution (id, timestamp_erstellt, timestamp_mutiert, user_erstellt, user_mutiert, version, vorgaenger_id, name, mandant_id, traegerschaft_id, status, event_published)
	VALUES (UNHEX(REPLACE('6a06f59b-30a3-11ec-a86f-b89a2ae4a038', '-', '')), '2016-01-01 00:00:00', '2016-01-01 00:00:00', 'flyway', 'flyway', 0, null, 'Tageseltern Luzern',
	         @mandant_id_luzern, null, 'AKTIV', false);
INSERT IGNORE INTO institution (id, timestamp_erstellt, timestamp_mutiert, user_erstellt, user_mutiert, version, vorgaenger_id, name, mandant_id, traegerschaft_id, status, event_published)
	VALUES (UNHEX(REPLACE('7c436811-30a3-11ec-a86f-b89a2ae4a038', '-', '')), '2016-01-01 00:00:00', '2016-01-01 00:00:00', 'flyway', 'flyway', 0, null, 'Weissenstein LU',
	         @mandant_id_luzern, UNHEX(REPLACE('31bf2433-30a3-11ec-a86f-b89a2ae4a038', '-', '')), 'AKTIV', false);

INSERT IGNORE INTO adresse (id, timestamp_erstellt, timestamp_mutiert, user_erstellt, user_mutiert, version, vorgaenger_id, gueltig_ab, gueltig_bis, gemeinde, hausnummer, land, organisation, ort, plz, strasse, zusatzzeile)
	VALUES (UNHEX(REPLACE('abd8ec9b-30a3-11ec-a86f-b89a2ae4a038', '-', '')), '2016-01-01 00:00:00', '2016-01-01 00:00:00', 'flyway', 'flyway', 0, null, '1000-01-01', '9999-12-31', null, '4', 'CH', 'Tageseltern Luzern', 'Luzern', '6000', 'Gasstrasse', null);
INSERT IGNORE INTO adresse (id, timestamp_erstellt, timestamp_mutiert, user_erstellt, user_mutiert, version, vorgaenger_id, gueltig_ab, gueltig_bis, gemeinde, hausnummer, land, organisation, ort, plz, strasse, zusatzzeile)
	VALUES (UNHEX(REPLACE('bda4670c-30a3-11ec-a86f-b89a2ae4a038', '-', '')), '2016-01-01 00:00:00', '2016-01-01 00:00:00', 'flyway', 'flyway', 0, null, '1000-01-01', '9999-12-31', null, '5', 'CH', 'Weissenstein', 'Luzern', '6001', 'Weberstrasse', null);
INSERT IGNORE INTO adresse (id, timestamp_erstellt, timestamp_mutiert, user_erstellt, user_mutiert, version, vorgaenger_id, gueltig_ab, gueltig_bis, gemeinde, hausnummer, land, organisation, ort, plz, strasse, zusatzzeile)
	VALUES (UNHEX(REPLACE('c41ab591-30a3-11ec-a86f-b89a2ae4a038', '-', '')), '2016-01-01 00:00:00', '2016-01-01 00:00:00', 'flyway', 'flyway', 0, null, '1000-01-01', '9999-12-31', null, '27', 'CH', 'Brünnen', 'Luzern', '6002', 'Colombstrasse', null);

INSERT IGNORE INTO auszahlungsdaten(id, timestamp_erstellt, timestamp_mutiert, user_erstellt, user_mutiert, version, iban, kontoinhaber, adresse_kontoinhaber_id)
	VALUES (UNHEX(REPLACE('ad4c1134-30a4-11ec-a86f-b89a2ae4a038', '-', '')), '2020-01-01 00:00:00', '2020-01-01 00:00:00', 'flyway', 'flyway', 0, 'CH82 0900 0000 1001 5000 6', 'Kontoinhaber Bruennen LU', null);
INSERT IGNORE INTO auszahlungsdaten(id, timestamp_erstellt, timestamp_mutiert, user_erstellt, user_mutiert, version, iban, kontoinhaber, adresse_kontoinhaber_id)
	VALUES (UNHEX(REPLACE('b4625718-30a4-11ec-a86f-b89a2ae4a038', '-', '')), '2020-01-01 00:00:00', '2020-01-01 00:00:00', 'flyway', 'flyway', 0, 'CH82 0900 0000 1001 5000 6', 'Kontoinhaber Weissenstein LU', null);
INSERT IGNORE INTO auszahlungsdaten(id, timestamp_erstellt, timestamp_mutiert, user_erstellt, user_mutiert, version, iban, kontoinhaber, adresse_kontoinhaber_id)
	VALUES (UNHEX(REPLACE('be37b235-30a4-11ec-a86f-b89a2ae4a038', '-', '')), '2020-01-01 00:00:00', '2020-01-01 00:00:00', 'flyway', 'flyway', 0, 'CH82 0900 0000 1001 5000 6', 'Kontoinhaber Tageseltern Luzern', null);

INSERT IGNORE INTO institution_stammdaten_betreuungsgutscheine(id, timestamp_erstellt, timestamp_mutiert, user_erstellt,
															   user_mutiert, version, auszahlungsdaten_id,
															   alterskategorie_baby, alterskategorie_vorschule,
															   alterskategorie_kindergarten, alterskategorie_schule, anzahl_plaetze,
															   anzahl_plaetze_firmen, offen_von, offen_bis,
															   oeffnungstage_pro_jahr, auslastung_institutionen,
															   anzahl_kinder_warteliste, summe_pensum_warteliste,
															   dauer_warteliste, frueh_eroeffnung, spaet_eroeffnung,
															   wochenende_eroeffnung, uebernachtung_moeglich)
VALUES (UNHEX(REPLACE('e85adc3b-30a4-11ec-a86f-b89a2ae4a038', '-', '')), '2016-01-01 00:00:00', '2016-01-01 00:00:00',
		'flyway', 'flyway', 0, UNHEX(REPLACE('be37b235-30a4-11ec-a86f-b89a2ae4a038', '-', '')), FALSE, FALSE, FALSE,
		FALSE, 30, NULL, '08:00', '18:00', 0, 0.00, 0.00, 0.00, 0.00, FALSE, FALSE, FALSE, FALSE);

INSERT IGNORE INTO institution_stammdaten_betreuungsgutscheine(id, timestamp_erstellt, timestamp_mutiert, user_erstellt,
															   user_mutiert, version, auszahlungsdaten_id,
															   alterskategorie_baby, alterskategorie_vorschule,
															   alterskategorie_kindergarten, alterskategorie_schule, anzahl_plaetze,
															   anzahl_plaetze_firmen, offen_von, offen_bis,
															   oeffnungstage_pro_jahr, auslastung_institutionen,
															   anzahl_kinder_warteliste, summe_pensum_warteliste,
															   dauer_warteliste, frueh_eroeffnung, spaet_eroeffnung,
															   wochenende_eroeffnung, uebernachtung_moeglich)
VALUES (UNHEX(REPLACE('eebf7efd-30a4-11ec-a86f-b89a2ae4a038', '-', '')), '2016-01-01 00:00:00', '2016-01-01 00:00:00',
		'flyway', 'flyway', 0, UNHEX(REPLACE('b4625718-30a4-11ec-a86f-b89a2ae4a038', '-', '')), FALSE, FALSE, FALSE,
		FALSE, 35, NULL, '08:00', '18:00', 0, 0.00, 0.00, 0.00, 0.00, FALSE, FALSE, FALSE, FALSE);

INSERT IGNORE INTO institution_stammdaten_betreuungsgutscheine(id, timestamp_erstellt, timestamp_mutiert, user_erstellt,
															   user_mutiert, version, auszahlungsdaten_id,
															   alterskategorie_baby, alterskategorie_vorschule,
															   alterskategorie_kindergarten, alterskategorie_schule, anzahl_plaetze,
															   anzahl_plaetze_firmen, offen_von, offen_bis,
															   oeffnungstage_pro_jahr, auslastung_institutionen,
															   anzahl_kinder_warteliste, summe_pensum_warteliste,
															   dauer_warteliste, frueh_eroeffnung, spaet_eroeffnung,
															   wochenende_eroeffnung, uebernachtung_moeglich)
VALUES (UNHEX(REPLACE('f482ce4b-30a4-11ec-a86f-b89a2ae4a038', '-', '')), '2016-01-01 00:00:00', '2016-01-01 00:00:00',
		'flyway', 'flyway', 0, UNHEX(REPLACE('ad4c1134-30a4-11ec-a86f-b89a2ae4a038', '-', '')), FALSE, FALSE, FALSE,
		FALSE, 40, NULL, '08:00', '18:00', 0, 0.00, 0.00, 0.00, 0.00, FALSE, FALSE, FALSE, FALSE);

INSERT IGNORE INTO institution_stammdaten (id, timestamp_erstellt, timestamp_mutiert, user_erstellt, user_mutiert,
										   version, vorgaenger_id, gueltig_ab, gueltig_bis, betreuungsangebot_typ,
										   adresse_id, institution_id, institution_stammdaten_tagesschule_id,
										   institution_stammdaten_ferieninsel_id,
										   institution_stammdaten_betreuungsgutscheine_id, mail, telefon, webseite)
VALUES (UNHEX(REPLACE('16075d77-30a5-11ec-a86f-b89a2ae4a038', '-', '')), '2016-01-01 00:00:00', '2016-01-01 00:00:00',
		'flyway', 'flyway', 0, NULL, '2019-08-01', '9999-12-31', 'TAGESFAMILIEN',
		UNHEX(REPLACE('abd8ec9b-30a3-11ec-a86f-b89a2ae4a038', '-', '')),
		UNHEX(REPLACE('6a06f59b-30a3-11ec-a86f-b89a2ae4a038', '-', '')), NULL, NULL,
		UNHEX(REPLACE('e85adc3b-30a4-11ec-a86f-b89a2ae4a038', '-', '')), 'tagesfamilien-lu@mailbucket.dvbern.ch', NULL,
		NULL);

INSERT IGNORE INTO institution_stammdaten (id, timestamp_erstellt, timestamp_mutiert, user_erstellt, user_mutiert,
										   version, vorgaenger_id, gueltig_ab, gueltig_bis, betreuungsangebot_typ,
										   adresse_id, institution_id, institution_stammdaten_tagesschule_id,
										   institution_stammdaten_ferieninsel_id,
										   institution_stammdaten_betreuungsgutscheine_id, mail, telefon, webseite)
VALUES (UNHEX(REPLACE('97882a4e-3261-11ec-a17e-b89a2ae4a038', '-', '')), '2016-01-01 00:00:00', '2016-01-01 00:00:00',
		'flyway', 'flyway', 0, NULL, '2019-08-01', '9999-12-31', 'KITA',
		UNHEX(REPLACE('bda4670c-30a3-11ec-a86f-b89a2ae4a038', '-', '')),
		UNHEX(REPLACE('7c436811-30a3-11ec-a86f-b89a2ae4a038', '-', '')), NULL, NULL,
		UNHEX(REPLACE('eebf7efd-30a4-11ec-a86f-b89a2ae4a038', '-', '')), 'weissenstein-lu@mailbucket.dvbern.ch', NULL,
		NULL);

INSERT IGNORE INTO institution_stammdaten (id, timestamp_erstellt, timestamp_mutiert, user_erstellt, user_mutiert,
										   version, vorgaenger_id, gueltig_ab, gueltig_bis, betreuungsangebot_typ,
										   adresse_id, institution_id, institution_stammdaten_tagesschule_id,
										   institution_stammdaten_ferieninsel_id,
										   institution_stammdaten_betreuungsgutscheine_id, mail, telefon, webseite)
VALUES (UNHEX(REPLACE('6d6afdb2-3261-11ec-a17e-b89a2ae4a038', '-', '')), '2016-01-01 00:00:00', '2016-01-01 00:00:00',
		'flyway', 'flyway', 0, NULL, '2019-08-01', '9999-12-31', 'KITA',
		UNHEX(REPLACE('c41ab591-30a3-11ec-a86f-b89a2ae4a038', '-', '')),
		UNHEX(REPLACE('f5ceae4a-30a5-11ec-a86f-b89a2ae4a038', '-', '')), NULL, NULL,
		UNHEX(REPLACE('f482ce4b-30a4-11ec-a86f-b89a2ae4a038', '-', '')), 'bruennen-lu@mailbucket.dvbern.ch', NULL, NULL);

-- Sozialdienst
INSERT IGNORE INTO sozialdienst (id, timestamp_erstellt, timestamp_mutiert, user_erstellt, user_mutiert, version,
								 vorgaenger_id, name, status, mandant_id)
VALUES (UNHEX(REPLACE('7049ec48-30ab-11ec-a86f-b89a2ae4a038', '-', '')), '2021-02-15 09:48:18', '2021-02-15 10:11:35',
		'flyway', 'flyway', 0, NULL, 'LuzernerSozialdienst', 'AKTIV',
		 @mandant_id_luzern);

INSERT IGNORE INTO adresse (id, timestamp_erstellt, timestamp_mutiert, user_erstellt, user_mutiert, version,
							vorgaenger_id, gueltig_ab, gueltig_bis, gemeinde, hausnummer, land, organisation, ort, plz,
							strasse, zusatzzeile)
VALUES (UNHEX(REPLACE('a0b91196-30ab-11ec-a86f-b89a2ae4a038', '-', '')), '2021-02-15 09:48:18', '2021-02-15 10:11:35',
		'flyway', 'flyway', 1, NULL, '1000-01-01', '9999-12-31', NULL, '2', 'CH', 'Luzern Sozialdienst', 'Luzern', '6000',
		'Sozialdienst Strasse', NULL);

INSERT IGNORE INTO sozialdienst_stammdaten (id, timestamp_erstellt, timestamp_mutiert, user_erstellt, user_mutiert,
											version, vorgaenger_id, mail, telefon, webseite, adresse_id,
											sozialdienst_id)
VALUES (UNHEX(REPLACE(UUID(), '-', '')), '2021-02-15 09:48:18', '2021-02-15 09:48:18',
		'flyway', 'flyway', 0, NULL, 'test-lu@mailbucket.dvbern.ch', '078 898 98 98', 'http://test.dvbern.ch',
		UNHEX(REPLACE('a0b91196-30ab-11ec-a86f-b89a2ae4a038', '-', '')),
		UNHEX(REPLACE('7049ec48-30ab-11ec-a86f-b89a2ae4a038', '-', '')));

UPDATE mandant SET mandant.activated=true where id = @mandant_id_luzern;
